n,BA_dir,BA_vol,S,acc6,fwd_up,fwd_flat,fwd_dn,fwd_spread,fwd_vol_ratio,sw_yr,short_share,n_spells,n_up,n_flat,n_dn,n_H,n_L,lag_enter_med,lag_leave_med,enter_miss,dir,vol,pass,S4
610,0.4589534973302876,0.6980624873199432,0.5785079923251154,0.21967213114754097,-0.0018340214446873092,-0.016366281260266746,-0.00943763146879295,0.007603610024105641,1.1080578820718023,7.849180327868853,0.05,20,246,61,303,160,450,52.0,31.0,0,B_L120_n5,V_w20_h0.2_l0.16,True,0.5785
610,0.4553741874711394,0.6980624873199432,0.5767183373955413,0.30655737704918035,0.005902069824276329,-0.010401162499469136,-0.013127756842473963,0.019029826666750294,1.1080578820718023,6.19672131147541,0.0625,16,166,198,246,160,450,62.0,20.0,1,A_L60_k20_e0.02_x0.005,V_w20_h0.2_l0.16,True,0.5767
610,0.4270050964872853,0.6980624873199432,0.5625337919036143,0.19508196721311474,0.0016966033498160523,-0.005429788341969226,-0.014729840053267614,0.016426443403083666,1.1080578820718023,6.19672131147541,0.0625,16,249,63,298,160,450,44.0,30.0,0,C_s20_l120_b0.02,V_w20_h0.2_l0.16,True,0.5625
610,0.37433958274942486,0.6980624873199432,0.5362010350346841,0.3180327868852459,0.002632880238934586,-0.01141768535310227,-0.005872778923899592,0.008505659162834177,1.1080578820718023,5.783606557377049,0.06666666666666667,15,116,309,185,160,450,123.0,32.0,1,F_L60_k20,V_w20_h0.2_l0.16,True,0.5362
610,0.47023008003544176,0.5531674781903023,0.511698779112872,0.14918032786885246,-0.001858020232032089,-0.018534602358410892,-0.008981620615084672,0.007123600383052583,1.0499748854978523,7.849180327868853,0.05,20,246,61,303,214,396,50.0,29.0,0,B_L120_n3,V_w40_h0.2_l0.16,True,0.5117
610,0.4553741874711394,0.5531674781903023,0.5042708328307208,0.24918032786885247,0.005902069824276329,-0.010401162499469136,-0.013127756842473963,0.019029826666750294,1.0499748854978523,5.783606557377049,0.0,15,166,198,246,214,396,62.0,20.0,1,A_L60_k20_e0.02_x0.005,V_w40_h0.2_l0.16,True,0.5043
610,0.47023008003544176,0.5197555285047677,0.4949928042701047,0.17049180327868851,-0.001858020232032089,-0.018534602358410892,-0.008981620615084672,0.007123600383052583,0.8188017266333547,6.609836065573771,0.058823529411764705,17,246,61,303,39,571,50.0,29.0,0,B_L120_n3,V_w20_h0.24_l0.18,True,0.495
610,0.4270050964872853,0.5531674781903023,0.4900862873387938,0.14754098360655737,0.0016966033498160523,-0.005429788341969226,-0.014729840053267614,0.016426443403083666,1.0499748854978523,5.783606557377049,0.0,15,249,63,298,214,396,44.0,30.0,0,C_s20_l120_b0.02,V_w40_h0.2_l0.16,True,0.4901
610,0.4589534973302876,0.5197555285047677,0.48935451291752763,0.16721311475409836,-0.0018340214446873092,-0.016366281260266746,-0.00943763146879295,0.007603610024105641,0.8188017266333547,6.19672131147541,0.0625,16,246,61,303,39,571,52.0,31.0,0,B_L120_n5,V_w20_h0.24_l0.18,True,0.4894
610,0.28068648891271003,0.6980624873199432,0.48937448811632667,0.4180327868852459,0.021313775547908125,-0.015679551929890234,0.02073144020739158,0.0005823353405165453,1.1080578820718023,7.436065573770493,0.05263157894736842,19,21,466,123,160,450,59.0,0.0,1,A_L40_k10_e0.02_x0.005,V_w20_h0.2_l0.16,True,0.4894
610,0.4553741874711394,0.5197555285047677,0.48756485798795357,0.25573770491803277,0.005902069824276329,-0.010401162499469136,-0.013127756842473963,0.019029826666750294,0.8188017266333547,4.5442622950819676,0.0,12,166,198,246,39,571,62.0,20.0,1,A_L60_k20_e0.02_x0.005,V_w20_h0.24_l0.18,True,0.4876
610,0.4270050964872853,0.5197555285047677,0.4733803124960265,0.1360655737704918,0.0016966033498160523,-0.005429788341969226,-0.014729840053267614,0.016426443403083666,0.8188017266333547,4.5442622950819676,0.0,12,249,63,298,39,571,44.0,30.0,0,C_s20_l120_b0.02,V_w20_h0.24_l0.18,True,0.4734
610,0.37433958274942486,0.5197555285047677,0.4470475556270963,0.30983606557377047,0.002632880238934586,-0.01141768535310227,-0.005872778923899592,0.008505659162834177,0.8188017266333547,4.131147540983607,0.0,11,116,309,185,39,571,123.0,32.0,1,F_L60_k20,V_w20_h0.24_l0.18,True,0.447
610,0.3511766317495293,0.5197555285047677,0.4354660801271485,0.3655737704918033,0.009488317410958824,-0.012031936468088682,-0.0020164767664020613,0.011504794177360885,0.8188017266333547,6.19672131147541,0.0625,16,24,335,251,39,571,34.0,0.0,1,E_h0.7_m10,V_w20_h0.24_l0.18,True,0.4355
610,0.32248898077028815,0.5197555285047677,0.42112225463752795,0.25901639344262295,0.01361595361791549,-0.01710780211072659,-0.006899878055371019,0.020515831673286508,0.8188017266333547,6.609836065573771,0.0,17,121,253,236,39,571,42.0,0.0,0,A_L40_k20_e0.02_x0.005,V_w20_h0.24_l0.18,True,0.4211
610,0.28068648891271003,0.5197555285047677,0.4002210087087389,0.42131147540983604,0.021313775547908125,-0.015679551929890234,0.02073144020739158,0.0005823353405165453,0.8188017266333547,5.370491803278689,0.0,14,21,466,123,39,571,59.0,0.0,1,A_L40_k10_e0.02_x0.005,V_w20_h0.24_l0.18,True,0.4002
610,0.2533427136805763,0.5197555285047677,0.38654912109267203,0.30983606557377047,0.016963682943045084,-0.019580433534478938,0.011018889358284554,0.00594479358476053,0.8188017266333547,7.022950819672132,0.0,18,85,377,148,39,571,59.0,0.0,1,A_L40_k20_e0.03_x0.01,V_w20_h0.24_l0.18,True,0.3865
610,0.6198298398078053,0.752865692838304,0.6863477663230546,0.5475409836065573,-0.012361788473567021,-0.010465127521520796,0.00845128163576948,-0.0208130701093365,1.129174409303814,21.068852459016394,0.34615384615384615,52,103,387,120,166,444,21.0,0.0,0,C_s5_l20_b0.02,V_w10_h0.2_l0.16,False,0.6863
610,0.6198298398078053,0.6980624873199432,0.6589461635638743,0.5327868852459017,-0.012361788473567021,-0.010465127521520796,0.00845128163576948,-0.0208130701093365,1.1080578820718023,16.111475409836068,0.2,40,103,387,120,160,450,21.0,0.0,0,C_s5_l20_b0.02,V_w20_h0.2_l0.16,False,0.6589
610,0.5606410933256325,0.752865692838304,0.6567533930819682,0.3540983606557377,-0.018440391875079634,-0.009848974868125185,0.005526832566446724,-0.02396722444152636,1.129174409303814,28.504918032786886,0.42857142857142855,70,196,194,220,166,444,18.0,5.0,0,C_s5_l20_b0.01,V_w10_h0.2_l0.16,False,0.6568
610,0.5372283515875143,0.752865692838304,0.6450470222129091,0.460655737704918,-0.014017810514998952,-0.012925786962922523,0.0051631185237554925,-0.019180929038754443,1.129174409303814,19.829508196721314,0.32653061224489793,49,138,266,206,166,444,27.0,0.0,0,C_s10_l40_b0.02,V_w10_h0.2_l0.16,False,0.645
610,0.5363904379695786,0.752865692838304,0.6446280654039414,0.3950819672131147,-0.02304317788366332,-0.007845588434478315,0.00408708943914187,-0.027130267322805192,1.129174409303814,28.504918032786886,0.32857142857142857,70,161,204,245,166,444,14.0,5.0,0,B_L20_n3,V_w10_h0.2_l0.16,False,0.6446
610,0.5277833313088546,0.752865692838304,0.6403245120735792,0.3655737704918033,-0.015199769647838382,-0.011734010613564771,0.002375697917993616,-0.017575467565831997,1.129174409303814,19.41639344262295,0.3541666666666667,48,204,154,252,166,444,25.0,10.0,0,C_s10_l40_b0.01,V_w10_h0.2_l0.16,False,0.6403
610,0.516954260802957,0.752865692838304,0.6349099768206306,0.3885245901639344,-0.021104414342840258,-0.010768062809475445,0.004254157506583564,-0.025358571849423823,1.129174409303814,23.96065573770492,0.288135593220339,59,168,176,266,166,444,16.0,7.0,0,B_L20_n5,V_w10_h0.2_l0.16,False,0.6349
610,0.5070692118066337,0.752865692838304,0.6299674523224688,0.28524590163934427,0.004007075186085751,-0.018185093724879444,-0.011938797010521536,0.015945872196607286,1.129174409303814,16.524590163934427,0.3170731707317073,41,228,106,276,166,444,35.0,12.0,0,B_L60_n3,V_w10_h0.2_l0.16,False,0.63
610,0.5606410933256325,0.6980624873199432,0.6293517903227879,0.36065573770491804,-0.018440391875079634,-0.009848974868125185,0.005526832566446724,-0.02396722444152636,1.1080578820718023,23.96065573770492,0.3728813559322034,59,196,194,220,160,450,18.0,5.0,0,C_s5_l20_b0.01,V_w20_h0.2_l0.16,False,0.6294
610,0.6198298398078053,0.6377054169202678,0.6287676283640365,0.5262295081967213,-0.012361788473567021,-0.010465127521520796,0.00845128163576948,-0.0208130701093365,1.0603521946511667,18.17704918032787,0.2222222222222222,45,103,387,120,80,530,21.0,0.0,0,C_s5_l20_b0.02,V_w10_h0.24_l0.18,False,0.6288
610,0.48658841938313113,0.752865692838304,0.6197270561107175,0.46229508196721314,-0.017219056574596315,-0.012318737624419413,0.013673344188356947,-0.030892400762953263,1.129174409303814,19.003278688524592,0.2978723404255319,47,115,350,145,166,444,36.0,0.0,0,A_L20_k10_e0.02_x0.005,V_w10_h0.2_l0.16,False,0.6197
610,0.4843514885747717,0.752865692838304,0.6186085907065378,0.460655737704918,-0.008031831578644144,-0.016399055755408252,0.014940214088520844,-0.022972045667164986,1.129174409303814,33.87540983606558,0.6024096385542169,83,100,355,155,166,444,33.0,0.0,0,D_A40_th0.08,V_w10_h0.2_l0.16,False,0.6186
610,0.5372283515875143,0.6980624873199432,0.6176454194537288,0.4344262295081967,-0.014017810514998952,-0.012925786962922523,0.0051631185237554925,-0.019180929038754443,1.1080578820718023,14.872131147540985,0.2972972972972973,37,138,266,206,160,450,27.0,0.0,0,C_s10_l40_b0.02,V_w20_h0.2_l0.16,False,0.6176
610,0.5363904379695786,0.6980624873199432,0.617226462644761,0.37868852459016394,-0.02304317788366332,-0.007845588434478315,0.00408708943914187,-0.027130267322805192,1.1080578820718023,23.96065573770492,0.288135593220339,59,161,204,245,160,450,14.0,5.0,0,B_L20_n3,V_w20_h0.2_l0.16,False,0.6172
610,0.5277833313088546,0.6980624873199432,0.6129229093143989,0.34098360655737703,-0.015199769647838382,-0.011734010613564771,0.002375697917993616,-0.017575467565831997,1.1080578820718023,14.045901639344264,0.2571428571428571,35,204,154,252,160,450,25.0,10.0,0,C_s10_l40_b0.01,V_w20_h0.2_l0.16,False,0.6129
610,0.47023008003544176,0.752865692838304,0.6115478864368729,0.260655737704918,-0.001858020232032089,-0.018534602358410892,-0.008981620615084672,0.007123600383052583,1.129174409303814,14.045901639344264,0.2,35,246,61,303,166,444,50.0,29.0,0,B_L120_n3,V_w10_h0.2_l0.16,False,0.6115
610,0.46653418541042485,0.752865692838304,0.6096999391243644,0.26885245901639343,0.0030603433390905804,-0.020415559364128817,-0.01044690397819005,0.01350724731728063,1.129174409303814,14.872131147540985,0.24324324324324326,37,231,106,273,166,444,37.0,19.0,0,B_L60_n5,V_w10_h0.2_l0.16,False,0.6097
610,0.516954260802957,0.6980624873199432,0.6075083740614502,0.36065573770491804,-0.021104414342840258,-0.010768062809475445,0.004254157506583564,-0.025358571849423823,1.1080578820718023,18.17704918032787,0.15555555555555556,45,168,176,266,160,450,16.0,7.0,0,B_L20_n5,V_w20_h0.2_l0.16,False,0.6075
610,0.4589534973302876,0.752865692838304,0.6059095950842958,0.25901639344262295,-0.0018340214446873092,-0.016366281260266746,-0.00943763146879295,0.007603610024105641,1.129174409303814,13.219672131147542,0.12121212121212122,33,246,61,303,166,444,52.0,31.0,0,B_L120_n5,V_w10_h0.2_l0.16,False,0.6059
610,0.4553741874711394,0.752865692838304,0.6041199401547217,0.3344262295081967,0.005902069824276329,-0.010401162499469136,-0.013127756842473963,0.019029826666750294,1.129174409303814,11.98032786885246,0.13333333333333333,30,166,198,246,166,444,62.0,20.0,1,A_L60_k20_e0.02_x0.005,V_w10_h0.2_l0.16,False,0.6041
610,0.5070692118066337,0.6980624873199432,0.6025658495632884,0.25081967213114753,0.004007075186085751,-0.018185093724879444,-0.011938797010521536,0.015945872196607286,1.1080578820718023,10.327868852459018,0.19230769230769232,26,228,106,276,160,450,35.0,12.0,0,B_L60_n3,V_w20_h0.2_l0.16,False,0.6026
610,0.4492026783616942,0.752865692838304,0.6010341855999991,0.22295081967213115,0.0004015626298446554,-0.010408155775154214,-0.012873380532801685,0.01327494316264634,1.129174409303814,12.806557377049181,0.28125,32,261,32,317,166,444,41.0,32.0,0,C_s20_l120_b0.01,V_w10_h0.2_l0.16,False,0.601
610,0.5606410933256325,0.6377054169202678,0.5991732551229502,0.32459016393442625,-0.018440391875079634,-0.009848974868125185,0.005526832566446724,-0.02396722444152636,1.0603521946511667,26.852459016393443,0.3787878787878788,66,196,194,220,80,530,18.0,5.0,0,C_s5_l20_b0.01,V_w10_h0.24_l0.18,False,0.5992
610,0.4424042898152336,0.752865692838304,0.5976349913267688,0.3622950819672131,-0.007406799398222533,-0.014416115395859568,0.002078319324286083,-0.009485118722508616,1.129174409303814,27.678688524590164,0.5441176470588235,68,148,253,209,166,444,33.0,16.0,0,D_cur_th0.08,V_w10_h0.2_l0.16,False,0.5976
610,0.44149240788976374,0.752865692838304,0.5971790503640338,0.5114754098360655,-0.02403988057144284,-0.010921866417800862,0.02967480826259292,-0.05371468883403576,1.129174409303814,15.698360655737705,0.28205128205128205,39,62,470,78,166,444,59.0,0.0,1,A_L20_k10_e0.03_x0.01,V_w10_h0.2_l0.16,False,0.5972
610,0.48658841938313113,0.6980624873199432,0.5923254533515372,0.45737704918032784,-0.017219056574596315,-0.012318737624419413,0.013673344188356947,-0.030892400762953263,1.1080578820718023,13.219672131147542,0.2727272727272727,33,115,350,145,160,450,36.0,0.0,0,A_L20_k10_e0.02_x0.005,V_w20_h0.2_l0.16,False,0.5923
610,0.4843514885747717,0.6980624873199432,0.5912069879473575,0.46229508196721314,-0.008031831578644144,-0.016399055755408252,0.014940214088520844,-0.022972045667164986,1.1080578820718023,29.331147540983608,0.6111111111111112,72,100,355,155,160,450,33.0,0.0,0,D_A40_th0.08,V_w20_h0.2_l0.16,False,0.5912
610,0.4270050964872853,0.752865692838304,0.5899353946627947,0.2262295081967213,0.0016966033498160523,-0.005429788341969226,-0.014729840053267614,0.016426443403083666,1.129174409303814,11.98032786885246,0.16666666666666666,30,249,63,298,166,444,44.0,30.0,0,C_s20_l120_b0.02,V_w10_h0.2_l0.16,False,0.5899
610,0.42513540769141206,0.752865692838304,0.589000550264858,0.27704918032786885,-0.01462942806306272,-0.002360027136430154,-0.002994407093480045,-0.011635020969582674,1.129174409303814,21.481967213114757,0.41509433962264153,53,221,140,249,166,444,28.0,12.0,0,B_L40_n3,V_w10_h0.2_l0.16,False,0.589
610,0.5372283515875143,0.6377054169202678,0.587466884253891,0.4344262295081967,-0.014017810514998952,-0.012925786962922523,0.0051631185237554925,-0.019180929038754443,1.0603521946511667,17.35081967213115,0.16279069767441862,43,138,266,206,80,530,27.0,0.0,0,C_s10_l40_b0.02,V_w10_h0.24_l0.18,False,0.5875
610,0.42204189394788,0.752865692838304,0.587453793393092,0.49836065573770494,-0.019534748850313383,-0.012893498972686915,0.03506986968024679,-0.05460461853056017,1.129174409303814,26.852459016393443,0.6212121212121212,66,64,463,83,166,444,57.0,0.0,0,D_A40_th0.1,V_w10_h0.2_l0.16,False,0.5875
610,0.5363904379695786,0.6377054169202678,0.5870479274449232,0.36065573770491804,-0.02304317788366332,-0.007845588434478315,0.00408708943914187,-0.027130267322805192,1.0603521946511667,26.026229508196725,0.265625,64,161,204,245,80,530,14.0,5.0,0,B_L20_n3,V_w10_h0.24_l0.18,False,0.587
610,0.6198298398078053,0.5531674781903023,0.5864986589990537,0.41475409836065574,-0.012361788473567021,-0.010465127521520796,0.00845128163576948,-0.0208130701093365,1.0499748854978523,15.285245901639346,0.15789473684210525,38,103,387,120,214,396,21.0,0.0,0,C_s5_l20_b0.02,V_w40_h0.2_l0.16,False,0.5865
610,0.47023008003544176,0.6980624873199432,0.5841462836776925,0.22295081967213115,-0.001858020232032089,-0.018534602358410892,-0.008981620615084672,0.007123600383052583,1.1080578820718023,8.262295081967213,0.047619047619047616,21,246,61,303,160,450,50.0,29.0,0,B_L120_n3,V_w20_h0.2_l0.16,False,0.5841
610,0.5277833313088546,0.6377054169202678,0.5827443741145613,0.32295081967213113,-0.015199769647838382,-0.011734010613564771,0.002375697917993616,-0.017575467565831997,1.0603521946511667,16.93770491803279,0.2619047619047619,42,204,154,252,80,530,25.0,10.0,0,C_s10_l40_b0.01,V_w10_h0.24_l0.18,False,0.5827
610,0.46653418541042485,0.6980624873199432,0.582298336365184,0.24098360655737705,0.0030603433390905804,-0.020415559364128817,-0.01044690397819005,0.01350724731728063,1.1080578820718023,9.914754098360657,0.2,25,231,106,273,160,450,37.0,19.0,0,B_L60_n5,V_w20_h0.2_l0.16,False,0.5823
610,0.4089210662842686,0.752865692838304,0.5808933795612863,0.4245901639344262,-0.02138438941357433,-0.009302099488086659,-0.0033453205705228006,-0.01803906884305153,1.129174409303814,16.93770491803279,0.2619047619047619,42,29,293,288,166,444,29.0,0.0,0,E_h0.7_m1,V_w10_h0.2_l0.16,False,0.5809
610,0.516954260802957,0.6377054169202678,0.5773298388616124,0.3540983606557377,-0.021104414342840258,-0.010768062809475445,0.004254157506583564,-0.025358571849423823,1.0603521946511667,21.481967213114757,0.20754716981132076,53,168,176,266,80,530,16.0,7.0,0,B_L20_n5,V_w10_h0.24_l0.18,False,0.5773
610,0.39857668906512095,0.752865692838304,0.5757211909517125,0.5409836065573771,-0.029745580716369555,-0.012187195461181202,0.05316312536986051,-0.08290870608623006,1.129174409303814,19.829508196721314,0.5102040816326531,49,23,533,54,166,444,59.0,0.0,1,D_A40_th0.12,V_w10_h0.2_l0.16,False,0.5757
610,0.4492026783616942,0.6980624873199432,0.5736325828408187,0.19672131147540983,0.0004015626298446554,-0.010408155775154214,-0.012873380532801685,0.01327494316264634,1.1080578820718023,7.022950819672132,0.2222222222222222,18,261,32,317,160,450,41.0,32.0,0,C_s20_l120_b0.01,V_w20_h0.2_l0.16,False,0.5736
610,0.5070692118066337,0.6377054169202678,0.5723873143634508,0.25081967213114753,0.004007075186085751,-0.018185093724879444,-0.011938797010521536,0.015945872196607286,1.0603521946511667,13.219672131147542,0.12121212121212122,33,228,106,276,80,530,35.0,12.0,0,B_L60_n3,V_w10_h0.24_l0.18,False,0.5724
610,0.38995540317611566,0.752865692838304,0.5714105480072098,0.2639344262295082,-0.007317430816967131,-0.007539141240891183,-0.006866046537427767,-0.00045138427953936387,1.129174409303814,18.17704918032787,0.35555555555555557,45,129,93,388,166,444,20.0,4.0,0,E_h0.6_m1,V_w10_h0.2_l0.16,False,0.5714
610,0.4424042898152336,0.6980624873199432,0.5702333885675884,0.3475409836065574,-0.007406799398222533,-0.014416115395859568,0.002078319324286083,-0.009485118722508616,1.1080578820718023,22.721311475409838,0.5535714285714286,56,148,253,209,160,450,33.0,16.0,0,D_cur_th0.08,V_w20_h0.2_l0.16,False,0.5702
610,0.6198298398078053,0.5197555285047677,0.5697926841562865,0.4704918032786885,-0.012361788473567021,-0.010465127521520796,0.00845128163576948,-0.0208130701093365,0.8188017266333547,14.459016393442624,0.1388888888888889,36,103,387,120,39,571,21.0,0.0,0,C_s5_l20_b0.02,V_w20_h0.24_l0.18,False,0.5698
610,0.44149240788976374,0.6980624873199432,0.5697774476048535,0.4967213114754098,-0.02403988057144284,-0.010921866417800862,0.02967480826259292,-0.05371468883403576,1.1080578820718023,9.501639344262296,0.08333333333333333,24,62,470,78,160,450,59.0,0.0,1,A_L20_k10_e0.03_x0.01,V_w20_h0.2_l0.16,False,0.5698
610,0.3805180239260298,0.752865692838304,0.5666918583821668,0.31311475409836065,-0.01065390447216597,-0.010653170806389518,-0.00423267914802822,-0.00642122532413775,1.129174409303814,22.308196721311475,0.41818181818181815,55,93,176,341,166,444,28.0,3.0,0,E_h0.65_m1,V_w10_h0.2_l0.16,False,0.5667
610,0.37654153812802366,0.752865692838304,0.5647036154831638,0.23934426229508196,-0.0069692816164855795,-0.0041749004142270585,-0.008171211711176915,0.0012019300946913359,1.129174409303814,16.93770491803279,0.3333333333333333,42,246,95,269,166,444,33.0,19.0,0,C_s20_l60_b0.01,V_w10_h0.2_l0.16,False,0.5647
610,0.374242139941736,0.752865692838304,0.56355391639002,0.3704918032786885,-0.013696306582269441,-0.010272343950420863,0.00355571925608325,-0.01725202583835269,1.129174409303814,24.78688524590164,0.5409836065573771,61,115,325,170,166,444,57.0,16.0,0,D_cur_th0.1,V_w10_h0.2_l0.16,False,0.5636
610,0.37433958274942486,0.752865692838304,0.5636026377938644,0.32786885245901637,0.002632880238934586,-0.01141768535310227,-0.005872778923899592,0.008505659162834177,1.129174409303814,11.567213114754098,0.13793103448275862,29,116,309,185,166,444,123.0,32.0,1,F_L60_k20,V_w10_h0.2_l0.16,False,0.5636
610,0.3736891500387644,0.752865692838304,0.5632774214385342,0.5426229508196722,,-0.005588609140415016,-0.02084391747364304,,1.129174409303814,9.914754098360657,0.12,25,0,551,59,166,444,207.0,0.0,2,A_L60_k10_e0.02_x0.005,V_w10_h0.2_l0.16,False,0.5633
610,0.37217260280058667,0.752865692838304,0.5625191478194453,0.2442622950819672,-0.012449133443522779,-0.005954404279834737,-0.0026344273435544422,-0.009814706099968337,1.129174409303814,19.003278688524592,0.3404255319148936,47,231,131,248,166,444,30.0,14.0,0,B_L40_n5,V_w10_h0.2_l0.16,False,0.5625
610,0.48658841938313113,0.6377054169202678,0.5621469181516995,0.4639344262295082,-0.017219056574596315,-0.012318737624419413,0.013673344188356947,-0.030892400762953263,1.0603521946511667,15.698360655737705,0.20512820512820512,39,115,350,145,80,530,36.0,0.0,0,A_L20_k10_e0.02_x0.005,V_w10_h0.24_l0.18,False,0.5621
610,0.42513540769141206,0.6980624873199432,0.5615989475056776,0.2442622950819672,-0.01462942806306272,-0.002360027136430154,-0.002994407093480045,-0.011635020969582674,1.1080578820718023,16.524590163934427,0.3170731707317073,41,221,140,249,160,450,28.0,12.0,0,B_L40_n3,V_w20_h0.2_l0.16,False,0.5616
610,0.4843514885747717,0.6377054169202678,0.5610284527475198,0.4459016393442623,-0.008031831578644144,-0.016399055755408252,0.014940214088520844,-0.022972045667164986,1.0603521946511667,32.636065573770495,0.575,80,100,355,155,80,530,33.0,0.0,0,D_A40_th0.08,V_w10_h0.24_l0.18,False,0.561
610,0.42204189394788,0.6980624873199432,0.5600521906339117,0.4819672131147541,-0.019534748850313383,-0.012893498972686915,0.03506986968024679,-0.05460461853056017,1.1080578820718023,22.308196721311475,0.6,55,64,463,83,160,450,57.0,0.0,0,D_A40_th0.1,V_w20_h0.2_l0.16,False,0.5601
610,0.3654232901386776,0.752865692838304,0.5591444914884908,0.5262295081967213,-0.025361026909204765,-0.0051783650883802735,-0.022668344326672345,-0.00269268258253242,1.129174409303814,10.327868852459018,0.15384615384615385,26,5,545,60,166,444,207.0,0.0,2,A_L60_k20_e0.04_x0.015,V_w10_h0.2_l0.16,False,0.5591
610,0.6198298398078053,0.4964622641509434,0.5581460519793744,0.4786885245901639,-0.012361788473567021,-0.010465127521520796,0.00845128163576948,-0.0208130701093365,0.9582654791510308,13.219672131147542,0.15151515151515152,33,103,387,120,3,607,21.0,0.0,0,C_s5_l20_b0.02,V_w40_h0.24_l0.18,False,0.5581
610,0.5606410933256325,0.5531674781903023,0.5569042857579674,0.2754098360655738,-0.018440391875079634,-0.009848974868125185,0.005526832566446724,-0.02396722444152636,1.0499748854978523,24.37377049180328,0.38333333333333336,60,196,194,220,214,396,18.0,5.0,0,C_s5_l20_b0.01,V_w40_h0.2_l0.16,False,0.5569
610,0.47023008003544176,0.6377054169202678,0.5539677484778548,0.22295081967213115,-0.001858020232032089,-0.018534602358410892,-0.008981620615084672,0.007123600383052583,1.0603521946511667,10.740983606557378,0.07407407407407407,27,246,61,303,80,530,50.0,29.0,0,B_L120_n3,V_w10_h0.24_l0.18,False,0.554
610,0.4089210662842686,0.6980624873199432,0.5534917768021059,0.3770491803278688,-0.02138438941357433,-0.009302099488086659,-0.0033453205705228006,-0.01803906884305153,1.1080578820718023,11.567213114754098,0.3103448275862069,29,29,293,288,160,450,29.0,0.0,0,E_h0.7_m1,V_w20_h0.2_l0.16,False,0.5535
610,0.46653418541042485,0.6377054169202678,0.5521198011653463,0.24262295081967214,0.0030603433390905804,-0.020415559364128817,-0.01044690397819005,0.01350724731728063,1.0603521946511667,12.39344262295082,0.16129032258064516,31,231,106,273,80,530,37.0,19.0,0,B_L60_n5,V_w10_h0.24_l0.18,False,0.5521
610,0.3511766317495293,0.752865692838304,0.5520211622939166,0.4131147540983607,0.009488317410958824,-0.012031936468088682,-0.0020164767664020613,0.011504794177360885,1.129174409303814,13.219672131147542,0.21212121212121213,33,24,335,251,166,444,34.0,0.0,1,E_h0.7_m10,V_w10_h0.2_l0.16,False,0.552
610,0.3458862041307873,0.752865692838304,0.5493759484845456,0.3983606557377049,-0.01363513090564093,-0.01014385637189967,0.003467557227094209,-0.01710268813273514,1.129174409303814,19.829508196721314,0.42857142857142855,49,74,379,157,166,444,59.0,16.0,1,D_cur_th0.12,V_w10_h0.2_l0.16,False,0.5494
610,0.4589534973302876,0.6377054169202678,0.5483294571252777,0.21967213114754097,-0.0018340214446873092,-0.016366281260266746,-0.00943763146879295,0.007603610024105641,1.0603521946511667,9.914754098360657,0.04,25,246,61,303,80,530,52.0,31.0,0,B_L120_n5,V_w10_h0.24_l0.18,False,0.5483
610,0.39857668906512095,0.6980624873199432,0.5483195881925321,0.5098360655737705,-0.029745580716369555,-0.012187195461181202,0.05316312536986051,-0.08290870608623006,1.1080578820718023,15.285245901639346,0.5263157894736842,38,23,533,54,160,450,59.0,0.0,1,D_A40_th0.12,V_w20_h0.2_l0.16,False,0.5483
610,0.3436277681595346,0.752865692838304,0.5482467304989193,0.24754098360655738,-0.006946954896678048,0.007205450058239014,-0.010405838182269542,0.0034588832855914943,1.129174409303814,14.872131147540985,0.2702702702702703,37,126,91,393,166,444,29.0,17.0,0,E_h0.6_m10,V_w10_h0.2_l0.16,False,0.5482
610,0.341753116633763,0.752865692838304,0.5473094047360335,0.46229508196721314,0.02231647798126412,-0.014699864704803212,0.025808939013317142,-0.0034924610320530222,1.129174409303814,12.39344262295082,0.16129032258064516,31,35,492,83,166,444,139.0,0.0,1,F_L40_k10,V_w10_h0.2_l0.16,False,0.5473
610,0.4553741874711394,0.6377054169202678,0.5465398021957036,0.28032786885245903,0.005902069824276329,-0.010401162499469136,-0.013127756842473963,0.019029826666750294,1.0603521946511667,8.675409836065574,0.045454545454545456,22,166,198,246,80,530,62.0,20.0,1,A_L60_k20_e0.02_x0.005,V_w10_h0.24_l0.18,False,0.5465
610,0.3395298136392517,0.752865692838304,0.5461977532387778,0.5426229508196722,,-0.010089515588165012,0.06680589030629513,,1.129174409303814,12.39344262295082,0.25806451612903225,31,0,586,24,166,444,207.0,0.0,2,D_A40_th0.15,V_w10_h0.2_l0.16,False,0.5462
610,0.33890608514185455,0.752865692838304,0.5458858889900793,0.3081967213114754,-0.005044904582636135,-0.004810287922726923,-0.009206055138296941,0.004161150555660806,1.129174409303814,14.459016393442624,0.2777777777777778,36,108,195,307,166,444,32.0,11.0,0,E_h0.65_m10,V_w10_h0.2_l0.16,False,0.5459
610,0.33770360781010794,0.752865692838304,0.5452846503242059,0.5049180327868853,-0.0357642829715532,-0.01050965738554879,0.06677182924826963,-0.10253611221982284,1.129174409303814,11.567213114754098,0.1724137931034483,29,30,543,37,166,444,59.0,0.0,1,A_L20_k10_e0.04_x0.015,V_w10_h0.2_l0.16,False,0.5453
610,0.5372283515875143,0.5531674781903023,0.5451979148889083,0.34098360655737703,-0.014017810514998952,-0.012925786962922523,0.0051631185237554925,-0.019180929038754443,1.0499748854978523,14.459016393442624,0.1111111111111111,36,138,266,206,214,396,27.0,0.0,0,C_s10_l40_b0.02,V_w40_h0.2_l0.16,False,0.5452
610,0.5363904379695786,0.5531674781903023,0.5447789580799405,0.27704918032786885,-0.02304317788366332,-0.007845588434478315,0.00408708943914187,-0.027130267322805192,1.0499748854978523,23.96065573770492,0.23728813559322035,59,161,204,245,214,396,14.0,5.0,0,B_L20_n3,V_w40_h0.2_l0.16,False,0.5448
610,0.38995540317611566,0.6980624873199432,0.5440089452480295,0.22459016393442624,-0.007317430816967131,-0.007539141240891183,-0.006866046537427767,-0.00045138427953936387,1.1080578820718023,12.806557377049181,0.28125,32,129,93,388,160,450,20.0,4.0,0,E_h0.6_m1,V_w20_h0.2_l0.16,False,0.544
610,0.4492026783616942,0.6377054169202678,0.543454047640981,0.18360655737704917,0.0004015626298446554,-0.010408155775154214,-0.012873380532801685,0.01327494316264634,1.0603521946511667,9.501639344262296,0.25,24,261,32,317,80,530,41.0,32.0,0,C_s20_l120_b0.01,V_w10_h0.24_l0.18,False,0.5435
610,0.3333333333333333,0.752865692838304,0.5430995130858186,0.5442622950819672,,-0.007064122569366582,,,1.129174409303814,9.088524590163935,0.08695652173913043,23,0,610,0,166,444,207.0,0.0,3,A_L40_k10_e0.04_x0.015,V_w10_h0.2_l0.16,False,0.5431
610,0.3333333333333333,0.752865692838304,0.5430995130858186,0.5442622950819672,,-0.007064122569366582,,,1.129174409303814,9.088524590163935,0.08695652173913043,23,0,610,0,166,444,207.0,0.0,3,A_L60_k10_e0.03_x0.01,V_w10_h0.2_l0.16,False,0.5431
610,0.3333333333333333,0.752865692838304,0.5430995130858186,0.5442622950819672,,-0.007064122569366582,,,1.129174409303814,9.088524590163935,0.08695652173913043,23,0,610,0,166,444,207.0,0.0,3,A_L60_k10_e0.04_x0.015,V_w10_h0.2_l0.16,False,0.5431
610,0.5277833313088546,0.5531674781903023,0.5404754047495784,0.2573770491803279,-0.015199769647838382,-0.011734010613564771,0.002375697917993616,-0.017575467565831997,1.0499748854978523,14.045901639344264,0.22857142857142856,35,204,154,252,214,396,25.0,10.0,0,C_s10_l40_b0.01,V_w40_h0.2_l0.16,False,0.5405
610,0.3281919451585261,0.752865692838304,0.540528818998415,0.5344262295081967,,-0.009577837042474578,0.07112562762046643,,1.129174409303814,9.914754098360657,0.12,25,0,591,19,166,444,207.0,0.0,3,A_L40_k10_e0.03_x0.01,V_w10_h0.2_l0.16,False,0.5405
610,0.5606410933256325,0.5197555285047677,0.5401983109152001,0.26721311475409837,-0.018440391875079634,-0.009848974868125185,0.005526832566446724,-0.02396722444152636,0.8188017266333547,23.134426229508197,0.40350877192982454,57,196,194,220,39,571,18.0,5.0,0,C_s5_l20_b0.01,V_w20_h0.24_l0.18,False,0.5402
610,0.4424042898152336,0.6377054169202678,0.5400548533677507,0.34098360655737703,-0.007406799398222533,-0.014416115395859568,0.002078319324286083,-0.009485118722508616,1.0603521946511667,26.026229508196725,0.5,64,148,253,209,80,530,33.0,16.0,0,D_cur_th0.08,V_w10_h0.24_l0.18,False,0.5401
610,0.44149240788976374,0.6377054169202678,0.5395989124050158,0.5163934426229508,-0.02403988057144284,-0.010921866417800862,0.02967480826259292,-0.05371468883403576,1.0603521946511667,12.39344262295082,0.1935483870967742,31,62,470,78,80,530,59.0,0.0,1,A_L20_k10_e0.03_x0.01,V_w10_h0.24_l0.18,False,0.5396
610,0.3258682847371794,0.752865692838304,0.5393669887877417,0.3295081967213115,0.00498959273792594,-0.021348771081683173,0.006360073195167198,-0.0013704804572412582,1.129174409303814,14.045901639344264,0.2571428571428571,35,132,289,189,166,444,38.0,10.0,0,C_s20_l60_b0.02,V_w10_h0.2_l0.16,False,0.5394
610,0.3805180239260298,0.6980624873199432,0.5392902556229865,0.2721311475409836,-0.01065390447216597,-0.010653170806389518,-0.00423267914802822,-0.00642122532413775,1.1080578820718023,16.524590163934427,0.34146341463414637,41,93,176,341,160,450,28.0,3.0,0,E_h0.65_m1,V_w20_h0.2_l0.16,False,0.5393
610,0.32248898077028815,0.752865692838304,0.5376773368042961,0.31311475409836065,0.01361595361791549,-0.01710780211072659,-0.006899878055371019,0.020515831673286508,1.129174409303814,13.632786885245903,0.2647058823529412,34,121,253,236,166,444,42.0,0.0,0,A_L40_k20_e0.02_x0.005,V_w10_h0.2_l0.16,False,0.5377
610,0.37654153812802366,0.6980624873199432,0.5373020127239835,0.22950819672131148,-0.0069692816164855795,-0.0041749004142270585,-0.008171211711176915,0.0012019300946913359,1.1080578820718023,11.154098360655738,0.21428571428571427,28,246,95,269,160,450,33.0,19.0,0,C_s20_l60_b0.01,V_w20_h0.2_l0.16,False,0.5373
610,0.374242139941736,0.6980624873199432,0.5361523136308396,0.3442622950819672,-0.013696306582269441,-0.010272343950420863,0.00355571925608325,-0.01725202583835269,1.1080578820718023,19.41639344262295,0.5833333333333334,48,115,325,170,160,450,57.0,16.0,0,D_cur_th0.1,V_w20_h0.2_l0.16,False,0.5362
610,0.3736891500387644,0.6980624873199432,0.5358758186793539,0.5016393442622951,,-0.005588609140415016,-0.02084391747364304,,1.1080578820718023,4.131147540983607,0.0,11,0,551,59,160,450,207.0,0.0,2,A_L60_k10_e0.02_x0.005,V_w20_h0.2_l0.16,False,0.5359
610,0.516954260802957,0.5531674781903023,0.5350608694966297,0.26721311475409837,-0.021104414342840258,-0.010768062809475445,0.004254157506583564,-0.025358571849423823,1.0499748854978523,18.59016393442623,0.17391304347826086,46,168,176,266,214,396,16.0,7.0,0,B_L20_n5,V_w40_h0.2_l0.16,False,0.5351
610,0.37217260280058667,0.6980624873199432,0.535117545060265,0.2278688524590164,-0.012449133443522779,-0.005954404279834737,-0.0026344273435544422,-0.009814706099968337,1.1080578820718023,12.806557377049181,0.21875,32,231,131,248,160,450,30.0,14.0,0,B_L40_n5,V_w20_h0.2_l0.16,False,0.5351
610,0.4270050964872853,0.6377054169202678,0.5323552567037766,0.18688524590163935,0.0016966033498160523,-0.005429788341969226,-0.014729840053267614,0.016426443403083666,1.0603521946511667,8.675409836065574,0.13636363636363635,22,249,63,298,80,530,44.0,30.0,0,C_s20_l120_b0.02,V_w10_h0.24_l0.18,False,0.5324
610,0.3654232901386776,0.6980624873199432,0.5317428887293104,0.4885245901639344,-0.025361026909204765,-0.0051783650883802735,-0.022668344326672345,-0.00269268258253242,1.1080578820718023,4.5442622950819676,0.08333333333333333,12,5,545,60,160,450,207.0,0.0,2,A_L60_k20_e0.04_x0.015,V_w20_h0.2_l0.16,False,0.5317
610,0.42513540769141206,0.6377054169202678,0.5314204123058399,0.25245901639344265,-0.01462942806306272,-0.002360027136430154,-0.002994407093480045,-0.011635020969582674,1.0603521946511667,18.17704918032787,0.3111111111111111,45,221,140,249,80,530,28.0,12.0,0,B_L40_n3,V_w10_h0.24_l0.18,False,0.5314
610,0.5070692118066337,0.5531674781903023,0.530118344998468,0.1885245901639344,0.004007075186085751,-0.018185093724879444,-0.011938797010521536,0.015945872196607286,1.0499748854978523,10.327868852459018,0.11538461538461539,26,228,106,276,214,396,35.0,12.0,0,B_L60_n3,V_w40_h0.2_l0.16,False,0.5301
610,0.42204189394788,0.6377054169202678,0.5298736554340739,0.4819672131147541,-0.019534748850313383,-0.012893498972686915,0.03506986968024679,-0.05460461853056017,1.0603521946511667,24.78688524590164,0.5737704918032787,61,64,463,83,80,530,57.0,0.0,0,D_A40_th0.1,V_w10_h0.24_l0.18,False,0.5299
610,0.3050570375212314,0.752865692838304,0.5289613651797677,0.4721311475409836,0.06951177025409726,-0.012223229606179675,0.01383302407222518,0.055678746181872074,1.129174409303814,11.98032786885246,0.1,30,13,517,80,166,444,59.0,0.0,1,A_L40_k20_e0.04_x0.015,V_w10_h0.2_l0.16,False,0.529
610,0.5606410933256325,0.4964622641509434,0.528551678738288,0.27377049180327867,-0.018440391875079634,-0.009848974868125185,0.005526832566446724,-0.02396722444152636,0.9582654791510308,21.895081967213116,0.35185185185185186,54,196,194,220,3,607,18.0,5.0,0,C_s5_l20_b0.01,V_w40_h0.24_l0.18,False,0.5286
610,0.5372283515875143,0.5197555285047677,0.528491940046141,0.3836065573770492,-0.014017810514998952,-0.012925786962922523,0.0051631185237554925,-0.019180929038754443,0.8188017266333547,12.806557377049181,0.125,32,138,266,206,39,571,27.0,0.0,0,C_s10_l40_b0.02,V_w20_h0.24_l0.18,False,0.5285
610,0.5363904379695786,0.5197555285047677,0.5280729832371731,0.30491803278688523,-0.02304317788366332,-0.007845588434478315,0.00408708943914187,-0.027130267322805192,0.8188017266333547,22.721311475409838,0.23214285714285715,56,161,204,245,39,571,14.0,5.0,0,B_L20_n3,V_w20_h0.24_l0.18,False,0.5281
610,0.3511766317495293,0.6980624873199432,0.5246195595347363,0.3737704918032787,0.009488317410958824,-0.012031936468088682,-0.0020164767664020613,0.011504794177360885,1.1080578820718023,7.849180327868853,0.15,20,24,335,251,160,450,34.0,0.0,1,E_h0.7_m10,V_w20_h0.2_l0.16,False,0.5246
610,0.5277833313088546,0.5197555285047677,0.5237694299068112,0.2721311475409836,-0.015199769647838382,-0.011734010613564771,0.002375697917993616,-0.017575467565831997,0.8188017266333547,12.806557377049181,0.25,32,204,154,252,39,571,25.0,10.0,0,C_s10_l40_b0.01,V_w20_h0.24_l0.18,False,0.5238
610,0.4089210662842686,0.6377054169202678,0.5233132416022682,0.4016393442622951,-0.02138438941357433,-0.009302099488086659,-0.0033453205705228006,-0.01803906884305153,1.0603521946511667,14.045901639344264,0.17142857142857143,35,29,293,288,80,530,29.0,0.0,0,E_h0.7_m1,V_w10_h0.24_l0.18,False,0.5233
610,0.3458862041307873,0.6980624873199432,0.5219743457253653,0.3622950819672131,-0.01363513090564093,-0.01014385637189967,0.003467557227094209,-0.01710268813273514,1.1080578820718023,15.285245901639346,0.47368421052631576,38,74,379,157,160,450,59.0,16.0,1,D_cur_th0.12,V_w20_h0.2_l0.16,False,0.522
610,0.3436277681595346,0.6980624873199432,0.5208451277397389,0.2081967213114754,-0.006946954896678048,0.007205450058239014,-0.010405838182269542,0.0034588832855914943,1.1080578820718023,9.914754098360657,0.2,25,126,91,393,160,450,29.0,17.0,0,E_h0.6_m10,V_w20_h0.2_l0.16,False,0.5208
610,0.2875913004447708,0.752865692838304,0.5202284966415374,0.38688524590163936,-0.006369633932175082,-0.01010518215133765,0.0006337429185014582,-0.007003376850676541,1.129174409303814,12.806557377049181,0.1875,32,51,404,155,166,444,72.0,16.0,1,D_cur_th0.15,V_w10_h0.2_l0.16,False,0.5202
610,0.48658841938313113,0.5531674781903023,0.5198779487867167,0.35737704918032787,-0.017219056574596315,-0.012318737624419413,0.013673344188356947,-0.030892400762953263,1.0499748854978523,12.806557377049181,0.125,32,115,350,145,214,396,36.0,0.0,0,A_L20_k10_e0.02_x0.005,V_w40_h0.2_l0.16,False,0.5199
610,0.341753116633763,0.6980624873199432,0.5199078019768532,0.4377049180327869,0.02231647798126412,-0.014699864704803212,0.025808939013317142,-0.0034924610320530222,1.1080578820718023,6.609836065573771,0.058823529411764705,17,35,492,83,160,450,139.0,0.0,1,F_L40_k10,V_w20_h0.2_l0.16,False,0.5199
610,0.4843514885747717,0.5531674781903023,0.5187594833825371,0.3540983606557377,-0.008031831578644144,-0.016399055755408252,0.014940214088520844,-0.022972045667164986,1.0499748854978523,29.74426229508197,0.589041095890411,73,100,355,155,214,396,33.0,0.0,0,D_A40_th0.08,V_w40_h0.2_l0.16,False,0.5188
610,0.3395298136392517,0.6980624873199432,0.5187961504795975,0.5,,-0.010089515588165012,0.06680589030629513,,1.1080578820718023,6.609836065573771,0.29411764705882354,17,0,586,24,160,450,207.0,0.0,2,D_A40_th0.15,V_w20_h0.2_l0.16,False,0.5188
610,0.33890608514185455,0.6980624873199432,0.5184842862308989,0.260655737704918,-0.005044904582636135,-0.004810287922726923,-0.009206055138296941,0.004161150555660806,1.1080578820718023,9.501639344262296,0.08333333333333333,24,108,195,307,160,450,32.0,11.0,0,E_h0.65_m10,V_w20_h0.2_l0.16,False,0.5185
610,0.516954260802957,0.5197555285047677,0.5183548946538623,0.2967213114754098,-0.021104414342840258,-0.010768062809475445,0.004254157506583564,-0.025358571849423823,0.8188017266333547,17.35081967213115,0.16279069767441862,43,168,176,266,39,571,16.0,7.0,0,B_L20_n5,V_w20_h0.24_l0.18,False,0.5184
610,0.39857668906512095,0.6377054169202678,0.5181410529926944,0.5278688524590164,-0.029745580716369555,-0.012187195461181202,0.05316312536986051,-0.08290870608623006,1.0603521946511667,17.35081967213115,0.5813953488372093,43,23,533,54,80,530,59.0,0.0,1,D_A40_th0.12,V_w10_h0.24_l0.18,False,0.5181
610,0.2830561530524806,0.752865692838304,0.5179609229453923,0.3836065573770492,-0.006369633932175082,-0.009876271540492924,0.00016668502397021518,-0.006536318956145298,1.129174409303814,11.98032786885246,0.13333333333333333,30,51,406,153,166,444,72.0,16.0,1,A_L60_k20_e0.03_x0.01,V_w10_h0.2_l0.16,False,0.518
610,0.33770360781010794,0.6980624873199432,0.5178830475650256,0.48360655737704916,-0.0357642829715532,-0.01050965738554879,0.06677182924826963,-0.10253611221982284,1.1080578820718023,6.19672131147541,0.0625,16,30,543,37,160,450,59.0,0.0,1,A_L20_k10_e0.04_x0.015,V_w20_h0.2_l0.16,False,0.5179
610,0.5372283515875143,0.4964622641509434,0.5168453078692288,0.3901639344262295,-0.014017810514998952,-0.012925786962922523,0.0051631185237554925,-0.019180929038754443,0.9582654791510308,11.98032786885246,0.13333333333333333,30,138,266,206,3,607,27.0,0.0,0,C_s10_l40_b0.02,V_w40_h0.24_l0.18,False,0.5168
610,0.28068648891271003,0.752865692838304,0.516776090875507,0.43278688524590164,0.021313775547908125,-0.015679551929890234,0.02073144020739158,0.0005823353405165453,1.129174409303814,12.39344262295082,0.22580645161290322,31,21,466,123,166,444,59.0,0.0,1,A_L40_k10_e0.02_x0.005,V_w10_h0.2_l0.16,False,0.5168
610,0.5363904379695786,0.4964622641509434,0.516426351060261,0.3180327868852459,-0.02304317788366332,-0.007845588434478315,0.00408708943914187,-0.027130267322805192,0.9582654791510308,21.481967213114757,0.20754716981132076,53,161,204,245,3,607,14.0,5.0,0,B_L20_n3,V_w40_h0.24_l0.18,False,0.5164
610,0.3333333333333333,0.6980624873199432,0.5156979103266383,0.5016393442622951,,-0.007064122569366582,,,1.1080578820718023,3.3049180327868855,0.0,9,0,610,0,160,450,207.0,0.0,3,A_L40_k10_e0.04_x0.015,V_w20_h0.2_l0.16,False,0.5157
610,0.3333333333333333,0.6980624873199432,0.5156979103266383,0.5016393442622951,,-0.007064122569366582,,,1.1080578820718023,3.3049180327868855,0.0,9,0,610,0,160,450,207.0,0.0,3,A_L60_k10_e0.03_x0.01,V_w20_h0.2_l0.16,False,0.5157
610,0.3333333333333333,0.6980624873199432,0.5156979103266383,0.5016393442622951,,-0.007064122569366582,,,1.1080578820718023,3.3049180327868855,0.0,9,0,610,0,160,450,207.0,0.0,3,A_L60_k10_e0.04_x0.015,V_w20_h0.2_l0.16,False,0.5157
610,0.38995540317611566,0.6377054169202678,0.5138304100481917,0.2262295081967213,-0.007317430816967131,-0.007539141240891183,-0.006866046537427767,-0.00045138427953936387,1.0603521946511667,15.285245901639346,0.2894736842105263,38,129,93,388,80,530,20.0,4.0,0,E_h0.6_m1,V_w10_h0.24_l0.18,False,0.5138
610,0.5070692118066337,0.5197555285047677,0.5134123701557007,0.20327868852459016,0.004007075186085751,-0.018185093724879444,-0.011938797010521536,0.015945872196607286,0.8188017266333547,9.088524590163935,0.08695652173913043,23,228,106,276,39,571,35.0,12.0,0,B_L60_n3,V_w20_h0.24_l0.18,False,0.5134
610,0.3281919451585261,0.6980624873199432,0.5131272162392346,0.4918032786885246,,-0.009577837042474578,0.07112562762046643,,1.1080578820718023,4.131147540983607,0.0,11,0,591,19,160,450,207.0,0.0,3,A_L40_k10_e0.03_x0.01,V_w20_h0.2_l0.16,False,0.5131
610,0.5277833313088546,0.4964622641509434,0.512122797729899,0.2786885245901639,-0.015199769647838382,-0.011734010613564771,0.002375697917993616,-0.017575467565831997,0.9582654791510308,11.567213114754098,0.2413793103448276,29,204,154,252,3,607,25.0,10.0,0,C_s10_l40_b0.01,V_w40_h0.24_l0.18,False,0.5121
610,0.3258682847371794,0.6980624873199432,0.5119653860285613,0.34262295081967215,0.00498959273792594,-0.021348771081683173,0.006360073195167198,-0.0013704804572412582,1.1080578820718023,9.088524590163935,0.13043478260869565,23,132,289,189,160,450,38.0,10.0,0,C_s20_l60_b0.02,V_w20_h0.2_l0.16,False,0.512
610,0.32248898077028815,0.6980624873199432,0.5102757340451157,0.28852459016393445,0.01361595361791549,-0.01710780211072659,-0.006899878055371019,0.020515831673286508,1.1080578820718023,8.262295081967213,0.09523809523809523,21,121,253,236,160,450,42.0,0.0,0,A_L40_k20_e0.02_x0.005,V_w20_h0.2_l0.16,False,0.5103
610,0.46653418541042485,0.5531674781903023,0.5098508318003636,0.1737704918032787,0.0030603433390905804,-0.020415559364128817,-0.01044690397819005,0.01350724731728063,1.0499748854978523,9.501639344262296,0.125,24,231,106,273,214,396,37.0,19.0,0,B_L60_n5,V_w40_h0.2_l0.16,False,0.5099
610,0.3805180239260298,0.6377054169202678,0.5091117204231488,0.2819672131147541,-0.01065390447216597,-0.010653170806389518,-0.00423267914802822,-0.00642122532413775,1.0603521946511667,19.003278688524592,0.2765957446808511,47,93,176,341,80,530,28.0,3.0,0,E_h0.65_m1,V_w10_h0.24_l0.18,False,0.5091
610,0.37654153812802366,0.6377054169202678,0.5071234775241458,0.21475409836065573,-0.0069692816164855795,-0.0041749004142270585,-0.008171211711176915,0.0012019300946913359,1.0603521946511667,13.632786885245903,0.2647058823529412,34,246,95,269,80,530,33.0,19.0,0,C_s20_l60_b0.01,V_w10_h0.24_l0.18,False,0.5071
610,0.516954260802957,0.4964622641509434,0.5067082624769502,0.3081967213114754,-0.021104414342840258,-0.010768062809475445,0.004254157506583564,-0.025358571849423823,0.9582654791510308,16.111475409836068,0.125,40,168,176,266,3,607,16.0,7.0,0,B_L20_n5,V_w40_h0.24_l0.18,False,0.5067
610,0.4589534973302876,0.5531674781903023,0.506060487760295,0.14098360655737704,-0.0018340214446873092,-0.016366281260266746,-0.00943763146879295,0.007603610024105641,1.0499748854978523,7.436065573770493,0.10526315789473684,19,246,61,303,214,396,52.0,31.0,0,B_L120_n5,V_w40_h0.2_l0.16,False,0.5061
610,0.374242139941736,0.6377054169202678,0.5059737784310019,0.34262295081967215,-0.013696306582269441,-0.010272343950420863,0.00355571925608325,-0.01725202583835269,1.0603521946511667,22.308196721311475,0.509090909090909,55,115,325,170,80,530,57.0,16.0,0,D_cur_th0.1,V_w10_h0.24_l0.18,False,0.506
610,0.37433958274942486,0.6377054169202678,0.5060224998348464,0.3295081967213115,0.002632880238934586,-0.01141768535310227,-0.005872778923899592,0.008505659162834177,1.0603521946511667,8.262295081967213,0.09523809523809523,21,116,309,185,80,530,123.0,32.0,1,F_L60_k20,V_w10_h0.24_l0.18,False,0.506
610,0.3736891500387644,0.6377054169202678,0.5056972834795161,0.5295081967213114,,-0.005588609140415016,-0.02084391747364304,,1.0603521946511667,6.609836065573771,0.11764705882352941,17,0,551,59,80,530,207.0,0.0,2,A_L60_k10_e0.02_x0.005,V_w10_h0.24_l0.18,False,0.5057
610,0.37217260280058667,0.6377054169202678,0.5049390098604273,0.22131147540983606,-0.012449133443522779,-0.005954404279834737,-0.0026344273435544422,-0.009814706099968337,1.0603521946511667,15.698360655737705,0.2564102564102564,39,231,131,248,80,530,30.0,14.0,0,B_L40_n5,V_w10_h0.24_l0.18,False,0.5049
610,0.48658841938313113,0.5197555285047677,0.5031719739439494,0.4163934426229508,-0.017219056574596315,-0.012318737624419413,0.013673344188356947,-0.030892400762953263,0.8188017266333547,11.567213114754098,0.13793103448275862,29,115,350,145,39,571,36.0,0.0,0,A_L20_k10_e0.02_x0.005,V_w20_h0.24_l0.18,False,0.5032
610,0.2533427136805763,0.752865692838304,0.5031042032594402,0.3377049180327869,0.016963682943045084,-0.019580433534478938,0.011018889358284554,0.00594479358476053,1.129174409303814,14.872131147540985,0.2972972972972973,37,85,377,148,166,444,59.0,0.0,1,A_L40_k20_e0.03_x0.01,V_w10_h0.2_l0.16,False,0.5031
610,0.4843514885747717,0.5197555285047677,0.5020535085397697,0.4163934426229508,-0.008031831578644144,-0.016399055755408252,0.014940214088520844,-0.022972045667164986,0.8188017266333547,28.91803278688525,0.6056338028169014,71,100,355,155,39,571,33.0,0.0,0,D_A40_th0.08,V_w20_h0.24_l0.18,False,0.5021
610,0.5070692118066337,0.4964622641509434,0.5017657379787885,0.20327868852459016,0.004007075186085751,-0.018185093724879444,-0.011938797010521536,0.015945872196607286,0.9582654791510308,7.849180327868853,0.15,20,228,106,276,3,607,35.0,12.0,0,B_L60_n3,V_w40_h0.24_l0.18,False,0.5018
610,0.3050570375212314,0.6980624873199432,0.5015597624205873,0.4540983606557377,0.06951177025409726,-0.012223229606179675,0.01383302407222518,0.055678746181872074,1.1080578820718023,6.609836065573771,0.11764705882352941,17,13,517,80,160,450,59.0,0.0,1,A_L40_k20_e0.04_x0.015,V_w20_h0.2_l0.16,False,0.5016
610,0.3654232901386776,0.6377054169202678,0.5015643535294727,0.5147540983606558,-0.025361026909204765,-0.0051783650883802735,-0.022668344326672345,-0.00269268258253242,1.0603521946511667,7.022950819672132,0.16666666666666666,18,5,545,60,80,530,207.0,0.0,2,A_L60_k20_e0.04_x0.015,V_w10_h0.24_l0.18,False,0.5016
610,0.4492026783616942,0.5531674781903023,0.5011850782759982,0.15081967213114755,0.0004015626298446554,-0.010408155775154214,-0.012873380532801685,0.01327494316264634,1.0499748854978523,6.609836065573771,0.23529411764705882,17,261,32,317,214,396,41.0,32.0,0,C_s20_l120_b0.01,V_w40_h0.2_l0.16,False,0.5012
610,0.4424042898152336,0.5531674781903023,0.49778588400276796,0.25901639344262295,-0.007406799398222533,-0.014416115395859568,0.002078319324286083,-0.009485118722508616,1.0499748854978523,23.134426229508197,0.5614035087719298,57,148,253,209,214,396,33.0,16.0,0,D_cur_th0.08,V_w40_h0.2_l0.16,False,0.4978
610,0.44149240788976374,0.5531674781903023,0.49732994304003303,0.40327868852459015,-0.02403988057144284,-0.010921866417800862,0.02967480826259292,-0.05371468883403576,1.0499748854978523,9.501639344262296,0.16666666666666666,24,62,470,78,214,396,59.0,0.0,1,A_L20_k10_e0.03_x0.01,V_w40_h0.2_l0.16,False,0.4973
610,0.3511766317495293,0.6377054169202678,0.49444102433489856,0.41147540983606556,0.009488317410958824,-0.012031936468088682,-0.0020164767664020613,0.011504794177360885,1.0603521946511667,9.501639344262296,0.16666666666666666,24,24,335,251,80,530,34.0,0.0,1,E_h0.7_m10,V_w10_h0.24_l0.18,False,0.4944
610,0.46653418541042485,0.5197555285047677,0.49314485695759624,0.1918032786885246,0.0030603433390905804,-0.020415559364128817,-0.01044690397819005,0.01350724731728063,0.8188017266333547,8.262295081967213,0.047619047619047616,21,231,106,273,39,571,37.0,19.0,0,B_L60_n5,V_w20_h0.24_l0.18,False,0.4931
610,0.2875913004447708,0.6980624873199432,0.492826893882357,0.34590163934426227,-0.006369633932175082,-0.01010518215133765,0.0006337429185014582,-0.007003376850676541,1.1080578820718023,7.022950819672132,0.1111111111111111,18,51,404,155,160,450,72.0,16.0,1,D_cur_th0.15,V_w20_h0.2_l0.16,False,0.4928
610,0.3458862041307873,0.6377054169202678,0.49179581052552757,0.37540983606557377,-0.01363513090564093,-0.01014385637189967,0.003467557227094209,-0.01710268813273514,1.0603521946511667,17.76393442622951,0.4772727272727273,44,74,379,157,80,530,59.0,16.0,1,D_cur_th0.12,V_w10_h0.24_l0.18,False,0.4918
610,0.48658841938313113,0.4964622641509434,0.49152534176703727,0.4180327868852459,-0.017219056574596315,-0.012318737624419413,0.013673344188356947,-0.030892400762953263,0.9582654791510308,10.327868852459018,0.11538461538461539,26,115,350,145,3,607,36.0,0.0,0,A_L20_k10_e0.02_x0.005,V_w40_h0.24_l0.18,False,0.4915
610,0.3436277681595346,0.6377054169202678,0.4906665925399012,0.21147540983606558,-0.006946954896678048,0.007205450058239014,-0.010405838182269542,0.0034588832855914943,1.0603521946511667,12.39344262295082,0.16129032258064516,31,126,91,393,80,530,29.0,17.0,0,E_h0.6_m10,V_w10_h0.24_l0.18,False,0.4907
610,0.2830561530524806,0.6980624873199432,0.49055932018621196,0.34262295081967215,-0.006369633932175082,-0.009876271540492924,0.00016668502397021518,-0.006536318956145298,1.1080578820718023,6.19672131147541,0.0,16,51,406,153,160,450,72.0,16.0,1,A_L60_k20_e0.03_x0.01,V_w20_h0.2_l0.16,False,0.4906
610,0.4843514885747717,0.4964622641509434,0.49040687636285757,0.41475409836065574,-0.008031831578644144,-0.016399055755408252,0.014940214088520844,-0.022972045667164986,0.9582654791510308,27.678688524590164,0.5882352941176471,68,100,355,155,3,607,33.0,0.0,0,D_A40_th0.08,V_w40_h0.24_l0.18,False,0.4904
610,0.341753116633763,0.6377054169202678,0.48972926677701545,0.4721311475409836,0.02231647798126412,-0.014699864704803212,0.025808939013317142,-0.0034924610320530222,1.0603521946511667,8.262295081967213,0.14285714285714285,21,35,492,83,80,530,139.0,0.0,1,F_L40_k10,V_w10_h0.24_l0.18,False,0.4897
610,0.42513540769141206,0.5531674781903023,0.4891514429408572,0.17049180327868851,-0.01462942806306272,-0.002360027136430154,-0.002994407093480045,-0.011635020969582674,1.0499748854978523,15.698360655737705,0.23076923076923078,39,221,140,249,214,396,28.0,12.0,0,B_L40_n3,V_w40_h0.2_l0.16,False,0.4892
610,0.3395298136392517,0.6377054169202678,0.4886176152797598,0.5360655737704918,,-0.010089515588165012,0.06680589030629513,,1.0603521946511667,8.675409836065574,0.2727272727272727,22,0,586,24,80,530,207.0,0.0,2,D_A40_th0.15,V_w10_h0.24_l0.18,False,0.4886
610,0.33890608514185455,0.6377054169202678,0.4883057510310612,0.28032786885245903,-0.005044904582636135,-0.004810287922726923,-0.009206055138296941,0.004161150555660806,1.0603521946511667,11.567213114754098,0.10344827586206896,29,108,195,307,80,530,32.0,11.0,0,E_h0.65_m10,V_w10_h0.24_l0.18,False,0.4883
610,0.33770360781010794,0.6377054169202678,0.48770451236518786,0.5081967213114754,-0.0357642829715532,-0.01050965738554879,0.06677182924826963,-0.10253611221982284,1.0603521946511667,9.088524590163935,0.2608695652173913,23,30,543,37,80,530,59.0,0.0,1,A_L20_k10_e0.04_x0.015,V_w10_h0.24_l0.18,False,0.4877
610,0.42204189394788,0.5531674781903023,0.48760468606909113,0.3770491803278688,-0.019534748850313383,-0.012893498972686915,0.03506986968024679,-0.05460461853056017,1.0499748854978523,22.721311475409838,0.5714285714285714,56,64,463,83,214,396,57.0,0.0,0,D_A40_th0.1,V_w40_h0.2_l0.16,False,0.4876
610,0.3333333333333333,0.6377054169202678,0.48551937512680055,0.5409836065573771,,-0.007064122569366582,,,1.0603521946511667,5.783606557377049,0.0,15,0,610,0,80,530,207.0,0.0,3,A_L40_k10_e0.04_x0.015,V_w10_h0.24_l0.18,False,0.4855
610,0.3333333333333333,0.6377054169202678,0.48551937512680055,0.5409836065573771,,-0.007064122569366582,,,1.0603521946511667,5.783606557377049,0.0,15,0,610,0,80,530,207.0,0.0,3,A_L60_k10_e0.03_x0.01,V_w10_h0.24_l0.18,False,0.4855
610,0.3333333333333333,0.6377054169202678,0.48551937512680055,0.5409836065573771,,-0.007064122569366582,,,1.0603521946511667,5.783606557377049,0.0,15,0,610,0,80,530,207.0,0.0,3,A_L60_k10_e0.04_x0.015,V_w10_h0.24_l0.18,False,0.4855
610,0.4492026783616942,0.5197555285047677,0.484479103433231,0.13442622950819672,0.0004015626298446554,-0.010408155775154214,-0.012873380532801685,0.01327494316264634,0.8188017266333547,5.370491803278689,0.2857142857142857,14,261,32,317,39,571,41.0,32.0,0,C_s20_l120_b0.01,V_w20_h0.24_l0.18,False,0.4845
610,0.47023008003544176,0.4964622641509434,0.4833461720931926,0.16721311475409836,-0.001858020232032089,-0.018534602358410892,-0.008981620615084672,0.007123600383052583,0.9582654791510308,5.370491803278689,0.14285714285714285,14,246,61,303,3,607,50.0,29.0,0,B_L120_n3,V_w40_h0.24_l0.18,False,0.4833
610,0.3281919451585261,0.6377054169202678,0.482948681039397,0.5311475409836065,,-0.009577837042474578,0.07112562762046643,,1.0603521946511667,6.609836065573771,0.058823529411764705,17,0,591,19,80,530,207.0,0.0,3,A_L40_k10_e0.03_x0.01,V_w10_h0.24_l0.18,False,0.4829
610,0.3258682847371794,0.6377054169202678,0.48178685082872363,0.33114754098360655,0.00498959273792594,-0.021348771081683173,0.006360073195167198,-0.0013704804572412582,1.0603521946511667,11.154098360655738,0.17857142857142858,28,132,289,189,80,530,38.0,10.0,0,C_s20_l60_b0.02,V_w10_h0.24_l0.18,False,0.4818
610,0.46653418541042485,0.4964622641509434,0.48149822478068416,0.1918032786885246,0.0030603433390905804,-0.020415559364128817,-0.01044690397819005,0.01350724731728063,0.9582654791510308,7.022950819672132,0.1111111111111111,18,231,106,273,3,607,37.0,19.0,0,B_L60_n5,V_w40_h0.24_l0.18,False,0.4815
610,0.4424042898152336,0.5197555285047677,0.48107990916000065,0.29180327868852457,-0.007406799398222533,-0.014416115395859568,0.002078319324286083,-0.009485118722508616,0.8188017266333547,22.308196721311475,0.5636363636363636,55,148,253,209,39,571,33.0,16.0,0,D_cur_th0.08,V_w20_h0.24_l0.18,False,0.4811
610,0.4089210662842686,0.5531674781903023,0.48104427223728546,0.2754098360655738,-0.02138438941357433,-0.009302099488086659,-0.0033453205705228006,-0.01803906884305153,1.0499748854978523,11.154098360655738,0.14285714285714285,28,29,293,288,214,396,29.0,0.0,0,E_h0.7_m1,V_w40_h0.2_l0.16,False,0.481
610,0.44149240788976374,0.5197555285047677,0.4806239681972657,0.47540983606557374,-0.02403988057144284,-0.010921866417800862,0.02967480826259292,-0.05371468883403576,0.8188017266333547,8.262295081967213,0.09523809523809523,21,62,470,78,39,571,59.0,0.0,1,A_L20_k10_e0.03_x0.01,V_w20_h0.24_l0.18,False,0.4806
610,0.32248898077028815,0.6377054169202678,0.480097198845278,0.28032786885245903,0.01361595361791549,-0.01710780211072659,-0.006899878055371019,0.020515831673286508,1.0603521946511667,10.740983606557378,0.25925925925925924,27,121,253,236,80,530,42.0,0.0,0,A_L40_k20_e0.02_x0.005,V_w10_h0.24_l0.18,False,0.4801
610,0.4589534973302876,0.4964622641509434,0.47770788074061554,0.16229508196721312,-0.0018340214446873092,-0.016366281260266746,-0.00943763146879295,0.007603610024105641,0.9582654791510308,4.957377049180328,0.15384615384615385,13,246,61,303,3,607,52.0,31.0,0,B_L120_n5,V_w40_h0.24_l0.18,False,0.4777
610,0.39857668906512095,0.5531674781903023,0.4758720836277116,0.40327868852459015,-0.029745580716369555,-0.012187195461181202,0.05316312536986051,-0.08290870608623006,1.0499748854978523,15.285245901639346,0.5263157894736842,38,23,533,54,214,396,59.0,0.0,1,D_A40_th0.12,V_w40_h0.2_l0.16,False,0.4759
610,0.4553741874711394,0.4964622641509434,0.4759182258110414,0.24262295081967214,0.005902069824276329,-0.010401162499469136,-0.013127756842473963,0.019029826666750294,0.9582654791510308,3.3049180327868855,0.1111111111111111,9,166,198,246,3,607,62.0,20.0,1,A_L60_k20_e0.02_x0.005,V_w40_h0.24_l0.18,False,0.4759
610,0.2533427136805763,0.6980624873199432,0.4757026005002598,0.33278688524590166,0.016963682943045084,-0.019580433534478938,0.011018889358284554,0.00594479358476053,1.1080578820718023,9.088524590163935,0.13043478260869565,23,85,377,148,160,450,59.0,0.0,1,A_L40_k20_e0.03_x0.01,V_w20_h0.2_l0.16,False,0.4757
610,0.4492026783616942,0.4964622641509434,0.4728324712563188,0.13442622950819672,0.0004015626298446554,-0.010408155775154214,-0.012873380532801685,0.01327494316264634,0.9582654791510308,4.131147540983607,0.45454545454545453,11,261,32,317,3,607,41.0,32.0,0,C_s20_l120_b0.01,V_w40_h0.24_l0.18,False,0.4728
610,0.42513540769141206,0.5197555285047677,0.47244546809808985,0.21147540983606558,-0.01462942806306272,-0.002360027136430154,-0.002994407093480045,-0.011635020969582674,0.8188017266333547,14.872131147540985,0.2702702702702703,37,221,140,249,39,571,28.0,12.0,0,B_L40_n3,V_w20_h0.24_l0.18,False,0.4724
610,0.38995540317611566,0.5531674781903023,0.471561440683209,0.16393442622950818,-0.007317430816967131,-0.007539141240891183,-0.006866046537427767,-0.00045138427953936387,1.0499748854978523,11.98032786885246,0.26666666666666666,30,129,93,388,214,396,20.0,4.0,0,E_h0.6_m1,V_w40_h0.2_l0.16,False,0.4716
610,0.3050570375212314,0.6377054169202678,0.4713812272207496,0.4672131147540984,0.06951177025409726,-0.012223229606179675,0.01383302407222518,0.055678746181872074,1.0603521946511667,8.675409836065574,0.13636363636363635,22,13,517,80,80,530,59.0,0.0,1,A_L40_k20_e0.04_x0.015,V_w10_h0.24_l0.18,False,0.4714
610,0.42204189394788,0.5197555285047677,0.4708987112263239,0.45737704918032784,-0.019534748850313383,-0.012893498972686915,0.03506986968024679,-0.05460461853056017,0.8188017266333547,21.481967213114757,0.5849056603773585,53,64,463,83,39,571,57.0,0.0,0,D_A40_th0.1,V_w20_h0.24_l0.18,False,0.4709
610,0.4424042898152336,0.4964622641509434,0.4694332769830885,0.29508196721311475,-0.007406799398222533,-0.014416115395859568,0.002078319324286083,-0.009485118722508616,0.9582654791510308,21.068852459016394,0.5769230769230769,52,148,253,209,3,607,33.0,16.0,0,D_cur_th0.08,V_w40_h0.24_l0.18,False,0.4694
610,0.44149240788976374,0.4964622641509434,0.4689773360203536,0.4786885245901639,-0.02403988057144284,-0.010921866417800862,0.02967480826259292,-0.05371468883403576,0.9582654791510308,7.022950819672132,0.05555555555555555,18,62,470,78,3,607,59.0,0.0,1,A_L20_k10_e0.03_x0.01,V_w40_h0.24_l0.18,False,0.469
610,0.3805180239260298,0.5531674781903023,0.4668427510581661,0.1901639344262295,-0.01065390447216597,-0.010653170806389518,-0.00423267914802822,-0.00642122532413775,1.0499748854978523,15.698360655737705,0.28205128205128205,39,93,176,341,214,396,28.0,3.0,0,E_h0.65_m1,V_w40_h0.2_l0.16,False,0.4668
610,0.37654153812802366,0.5531674781903023,0.46485450815916296,0.16393442622950818,-0.0069692816164855795,-0.0041749004142270585,-0.008171211711176915,0.0012019300946913359,1.0499748854978523,10.740983606557378,0.2222222222222222,27,246,95,269,214,396,33.0,19.0,0,C_s20_l60_b0.01,V_w40_h0.2_l0.16,False,0.4649
610,0.4089210662842686,0.5197555285047677,0.46433829739451815,0.3442622950819672,-0.02138438941357433,-0.009302099488086659,-0.0033453205705228006,-0.01803906884305153,0.8188017266333547,9.914754098360657,0.16,25,29,293,288,39,571,29.0,0.0,0,E_h0.7_m1,V_w20_h0.24_l0.18,False,0.4643
610,0.37433958274942486,0.5531674781903023,0.46375353046986356,0.28524590163934427,0.002632880238934586,-0.01141768535310227,-0.005872778923899592,0.008505659162834177,1.0499748854978523,5.370491803278689,0.14285714285714285,14,116,309,185,214,396,123.0,32.0,1,F_L60_k20,V_w40_h0.2_l0.16,False,0.4638
610,0.374242139941736,0.5531674781903023,0.4637048090660192,0.260655737704918,-0.013696306582269441,-0.010272343950420863,0.00355571925608325,-0.01725202583835269,1.0499748854978523,19.41639344262295,0.5416666666666666,48,115,325,170,214,396,57.0,16.0,0,D_cur_th0.1,V_w40_h0.2_l0.16,False,0.4637
610,0.3736891500387644,0.5531674781903023,0.46342831411453334,0.4180327868852459,,-0.005588609140415016,-0.02084391747364304,,1.0499748854978523,3.7180327868852463,0.1,10,0,551,59,214,396,207.0,0.0,2,A_L60_k10_e0.02_x0.005,V_w40_h0.2_l0.16,False,0.4634
610,0.37217260280058667,0.5531674781903023,0.46267004049544447,0.15901639344262294,-0.012449133443522779,-0.005954404279834737,-0.0026344273435544422,-0.009814706099968337,1.0499748854978523,12.806557377049181,0.15625,32,231,131,248,214,396,30.0,14.0,0,B_L40_n5,V_w40_h0.2_l0.16,False,0.4627
610,0.2875913004447708,0.6377054169202678,0.4626483586825193,0.3737704918032787,-0.006369633932175082,-0.01010518215133765,0.0006337429185014582,-0.007003376850676541,1.0603521946511667,9.088524590163935,0.13043478260869565,23,51,404,155,80,530,72.0,16.0,1,D_cur_th0.15,V_w10_h0.24_l0.18,False,0.4626
610,0.4270050964872853,0.4964622641509434,0.4617336803191143,0.1360655737704918,0.0016966033498160523,-0.005429788341969226,-0.014729840053267614,0.016426443403083666,0.9582654791510308,3.3049180327868855,0.1111111111111111,9,249,63,298,3,607,44.0,30.0,0,C_s20_l120_b0.02,V_w40_h0.24_l0.18,False,0.4617
610,0.42513540769141206,0.4964622641509434,0.46079883592117776,0.21967213114754097,-0.01462942806306272,-0.002360027136430154,-0.002994407093480045,-0.011635020969582674,0.9582654791510308,13.632786885245903,0.2647058823529412,34,221,140,249,3,607,28.0,12.0,0,B_L40_n3,V_w40_h0.24_l0.18,False,0.4608
610,0.2830561530524806,0.6377054169202678,0.46038078498637425,0.3737704918032787,-0.006369633932175082,-0.009876271540492924,0.00016668502397021518,-0.006536318956145298,1.0603521946511667,8.675409836065574,0.09090909090909091,22,51,406,153,80,530,72.0,16.0,1,A_L60_k20_e0.03_x0.01,V_w10_h0.24_l0.18,False,0.4604
610,0.42204189394788,0.4964622641509434,0.4592520790494117,0.46885245901639344,-0.019534748850313383,-0.012893498972686915,0.03506986968024679,-0.05460461853056017,0.9582654791510308,20.655737704918035,0.6078431372549019,51,64,463,83,3,607,57.0,0.0,0,D_A40_th0.1,V_w40_h0.24_l0.18,False,0.4593
610,0.3654232901386776,0.5531674781903023,0.45929538416448995,0.40491803278688526,-0.025361026909204765,-0.0051783650883802735,-0.022668344326672345,-0.00269268258253242,1.0499748854978523,4.131147540983607,0.2727272727272727,11,5,545,60,214,396,207.0,0.0,2,A_L60_k20_e0.04_x0.015,V_w40_h0.2_l0.16,False,0.4593
610,0.28068648891271003,0.6377054169202678,0.45919595291648896,0.4245901639344262,0.021313775547908125,-0.015679551929890234,0.02073144020739158,0.0005823353405165453,1.0603521946511667,9.501639344262296,0.2916666666666667,24,21,466,123,80,530,59.0,0.0,1,A_L40_k10_e0.02_x0.005,V_w10_h0.24_l0.18,False,0.4592
610,0.39857668906512095,0.5197555285047677,0.45916610878494435,0.49836065573770494,-0.029745580716369555,-0.012187195461181202,0.05316312536986051,-0.08290870608623006,0.8188017266333547,14.045901639344264,0.5142857142857142,35,23,533,54,39,571,59.0,0.0,1,D_A40_th0.12,V_w20_h0.24_l0.18,False,0.4592
610,0.38995540317611566,0.5197555285047677,0.4548554658404417,0.1721311475409836,-0.007317430816967131,-0.007539141240891183,-0.006866046537427767,-0.00045138427953936387,0.8188017266333547,11.154098360655738,0.2857142857142857,28,129,93,388,39,571,20.0,4.0,0,E_h0.6_m1,V_w20_h0.24_l0.18,False,0.4549
610,0.4089210662842686,0.4964622641509434,0.452691665217606,0.3622950819672131,-0.02138438941357433,-0.009302099488086659,-0.0033453205705228006,-0.01803906884305153,0.9582654791510308,8.675409836065574,0.18181818181818182,22,29,293,288,3,607,29.0,0.0,0,E_h0.7_m1,V_w40_h0.24_l0.18,False,0.4527
610,0.3511766317495293,0.5531674781903023,0.4521720549699158,0.2786885245901639,0.009488317410958824,-0.012031936468088682,-0.0020164767664020613,0.011504794177360885,1.0499748854978523,7.436065573770493,0.15789473684210525,19,24,335,251,214,396,34.0,0.0,1,E_h0.7_m10,V_w40_h0.2_l0.16,False,0.4522
610,0.3805180239260298,0.5197555285047677,0.4501367762153987,0.21967213114754097,-0.01065390447216597,-0.010653170806389518,-0.00423267914802822,-0.00642122532413775,0.8188017266333547,14.872131147540985,0.2702702702702703,37,93,176,341,39,571,28.0,3.0,0,E_h0.65_m1,V_w20_h0.24_l0.18,False,0.4501
610,0.3458862041307873,0.5531674781903023,0.4495268411605448,0.27704918032786885,-0.01363513090564093,-0.01014385637189967,0.003467557227094209,-0.01710268813273514,1.0499748854978523,14.872131147540985,0.4594594594594595,37,74,379,157,214,396,59.0,16.0,1,D_cur_th0.12,V_w40_h0.2_l0.16,False,0.4495
610,0.3436277681595346,0.5531674781903023,0.4483976231749185,0.14754098360655737,-0.006946954896678048,0.007205450058239014,-0.010405838182269542,0.0034588832855914943,1.0499748854978523,9.501639344262296,0.16666666666666666,24,126,91,393,214,396,29.0,17.0,0,E_h0.6_m10,V_w40_h0.2_l0.16,False,0.4484
610,0.37654153812802366,0.5197555285047677,0.4481485333163957,0.17540983606557378,-0.0069692816164855795,-0.0041749004142270585,-0.008171211711176915,0.0012019300946913359,0.8188017266333547,9.501639344262296,0.125,24,246,95,269,39,571,33.0,19.0,0,C_s20_l60_b0.01,V_w20_h0.24_l0.18,False,0.4481
610,0.39857668906512095,0.4964622641509434,0.44751947660803215,0.5016393442622951,-0.029745580716369555,-0.012187195461181202,0.05316312536986051,-0.08290870608623006,0.9582654791510308,12.806557377049181,0.59375,32,23,533,54,3,607,59.0,0.0,1,D_A40_th0.12,V_w40_h0.24_l0.18,False,0.4475
610,0.341753116633763,0.5531674781903023,0.44746029741203264,0.3655737704918033,0.02231647798126412,-0.014699864704803212,0.025808939013317142,-0.0034924610320530222,1.0499748854978523,6.19672131147541,0.1875,16,35,492,83,214,396,139.0,0.0,1,F_L40_k10,V_w40_h0.2_l0.16,False,0.4475
610,0.374242139941736,0.5197555285047677,0.4469988342232518,0.3016393442622951,-0.013696306582269441,-0.010272343950420863,0.00355571925608325,-0.01725202583835269,0.8188017266333547,18.59016393442623,0.5434782608695652,46,115,325,170,39,571,57.0,16.0,0,D_cur_th0.1,V_w20_h0.24_l0.18,False,0.447
610,0.3736891500387644,0.5197555285047677,0.4467223392717661,0.4901639344262295,,-0.005588609140415016,-0.02084391747364304,,0.8188017266333547,2.478688524590164,0.0,7,0,551,59,39,571,207.0,0.0,2,A_L60_k10_e0.02_x0.005,V_w20_h0.24_l0.18,False,0.4467
610,0.3395298136392517,0.5531674781903023,0.446348645914777,0.4016393442622951,,-0.010089515588165012,0.06680589030629513,,1.0499748854978523,5.783606557377049,0.4,15,0,586,24,214,396,207.0,0.0,2,D_A40_th0.15,V_w40_h0.2_l0.16,False,0.4463
610,0.37217260280058667,0.5197555285047677,0.4459640656526772,0.18688524590163935,-0.012449133443522779,-0.005954404279834737,-0.0026344273435544422,-0.009814706099968337,0.8188017266333547,11.567213114754098,0.1724137931034483,29,231,131,248,39,571,30.0,14.0,0,B_L40_n5,V_w20_h0.24_l0.18,False,0.446
610,0.33890608514185455,0.5531674781903023,0.4460367816660784,0.19508196721311474,-0.005044904582636135,-0.004810287922726923,-0.009206055138296941,0.004161150555660806,1.0499748854978523,9.088524590163935,0.17391304347826086,23,108,195,307,214,396,32.0,11.0,0,E_h0.65_m10,V_w40_h0.2_l0.16,False,0.446
610,0.2533427136805763,0.6377054169202678,0.4455240653004221,0.3295081967213115,0.016963682943045084,-0.019580433534478938,0.011018889358284554,0.00594479358476053,1.0603521946511667,11.567213114754098,0.20689655172413793,29,85,377,148,80,530,59.0,0.0,1,A_L40_k20_e0.03_x0.01,V_w10_h0.24_l0.18,False,0.4455
610,0.33770360781010794,0.5531674781903023,0.44543554300020516,0.3901639344262295,-0.0357642829715532,-0.01050965738554879,0.06677182924826963,-0.10253611221982284,1.0499748854978523,6.19672131147541,0.0625,16,30,543,37,214,396,59.0,0.0,1,A_L20_k10_e0.04_x0.015,V_w40_h0.2_l0.16,False,0.4454
610,0.3333333333333333,0.5531674781903023,0.44325040576181785,0.4065573770491803,,-0.007064122569366582,,,1.0499748854978523,2.8918032786885246,0.0,8,0,610,0,214,396,207.0,0.0,3,A_L40_k10_e0.04_x0.015,V_w40_h0.2_l0.16,False,0.4433
610,0.3333333333333333,0.5531674781903023,0.44325040576181785,0.4065573770491803,,-0.007064122569366582,,,1.0499748854978523,2.8918032786885246,0.0,8,0,610,0,214,396,207.0,0.0,3,A_L60_k10_e0.03_x0.01,V_w40_h0.2_l0.16,False,0.4433
610,0.3333333333333333,0.5531674781903023,0.44325040576181785,0.4065573770491803,,-0.007064122569366582,,,1.0499748854978523,2.8918032786885246,0.0,8,0,610,0,214,396,207.0,0.0,3,A_L60_k10_e0.04_x0.015,V_w40_h0.2_l0.16,False,0.4433
610,0.38995540317611566,0.4964622641509434,0.44320883366352953,0.1819672131147541,-0.007317430816967131,-0.007539141240891183,-0.006866046537427767,-0.00045138427953936387,0.9582654791510308,9.914754098360657,0.32,25,129,93,388,3,607,20.0,4.0,0,E_h0.6_m1,V_w40_h0.24_l0.18,False,0.4432
610,0.3654232901386776,0.5197555285047677,0.44258940932172264,0.4819672131147541,-0.025361026909204765,-0.0051783650883802735,-0.022668344326672345,-0.00269268258253242,0.8188017266333547,2.478688524590164,0.14285714285714285,7,5,545,60,39,571,207.0,0.0,2,A_L60_k20_e0.04_x0.015,V_w20_h0.24_l0.18,False,0.4426
610,0.3281919451585261,0.5531674781903023,0.4406797116744142,0.39672131147540984,,-0.009577837042474578,0.07112562762046643,,1.0499748854978523,3.7180327868852463,0.1,10,0,591,19,214,396,207.0,0.0,3,A_L40_k10_e0.03_x0.01,V_w40_h0.2_l0.16,False,0.4407
610,0.3258682847371794,0.5531674781903023,0.4395178814637408,0.26557377049180325,0.00498959273792594,-0.021348771081683173,0.006360073195167198,-0.0013704804572412582,1.0499748854978523,8.675409836065574,0.045454545454545456,22,132,289,189,214,396,38.0,10.0,0,C_s20_l60_b0.02,V_w40_h0.2_l0.16,False,0.4395
610,0.3805180239260298,0.4964622641509434,0.43849014403848663,0.23442622950819672,-0.01065390447216597,-0.010653170806389518,-0.00423267914802822,-0.00642122532413775,0.9582654791510308,13.632786885245903,0.29411764705882354,34,93,176,341,3,607,28.0,3.0,0,E_h0.65_m1,V_w40_h0.24_l0.18,False,0.4385
610,0.32248898077028815,0.5531674781903023,0.4378282294802952,0.25081967213114753,0.01361595361791549,-0.01710780211072659,-0.006899878055371019,0.020515831673286508,1.0499748854978523,7.849180327868853,0.15,20,121,253,236,214,396,42.0,0.0,0,A_L40_k20_e0.02_x0.005,V_w40_h0.2_l0.16,False,0.4378
610,0.37654153812802366,0.4964622641509434,0.4365019011394835,0.17049180327868851,-0.0069692816164855795,-0.0041749004142270585,-0.008171211711176915,0.0012019300946913359,0.9582654791510308,8.262295081967213,0.23809523809523808,21,246,95,269,3,607,33.0,19.0,0,C_s20_l60_b0.01,V_w40_h0.24_l0.18,False,0.4365
610,0.374242139941736,0.4964622641509434,0.43535220204633973,0.31311475409836065,-0.013696306582269441,-0.010272343950420863,0.00355571925608325,-0.01725202583835269,0.9582654791510308,17.76393442622951,0.6136363636363636,44,115,325,170,3,607,57.0,16.0,0,D_cur_th0.1,V_w40_h0.24_l0.18,False,0.4354
610,0.37433958274942486,0.4964622641509434,0.4354009234501841,0.30491803278688523,0.002632880238934586,-0.01141768535310227,-0.005872778923899592,0.008505659162834177,0.9582654791510308,2.8918032786885246,0.125,8,116,309,185,3,607,123.0,32.0,1,F_L60_k20,V_w40_h0.24_l0.18,False,0.4354
610,0.3736891500387644,0.4964622641509434,0.4350757070948539,0.48360655737704916,,-0.005588609140415016,-0.02084391747364304,,0.9582654791510308,1.239344262295082,0.25,4,0,551,59,3,607,207.0,0.0,2,A_L60_k10_e0.02_x0.005,V_w40_h0.24_l0.18,False,0.4351
610,0.37217260280058667,0.4964622641509434,0.434317433475765,0.1901639344262295,-0.012449133443522779,-0.005954404279834737,-0.0026344273435544422,-0.009814706099968337,0.9582654791510308,10.327868852459018,0.15384615384615385,26,231,131,248,3,607,30.0,14.0,0,B_L40_n5,V_w40_h0.24_l0.18,False,0.4343
610,0.3458862041307873,0.5197555285047677,0.4328208663177775,0.3360655737704918,-0.01363513090564093,-0.01014385637189967,0.003467557227094209,-0.01710268813273514,0.8188017266333547,14.045901639344264,0.45714285714285713,35,74,379,157,39,571,59.0,16.0,1,D_cur_th0.12,V_w20_h0.24_l0.18,False,0.4328
610,0.3436277681595346,0.5197555285047677,0.4316916483321511,0.15737704918032788,-0.006946954896678048,0.007205450058239014,-0.010405838182269542,0.0034588832855914943,0.8188017266333547,8.262295081967213,0.19047619047619047,21,126,91,393,39,571,29.0,17.0,0,E_h0.6_m10,V_w20_h0.24_l0.18,False,0.4317
610,0.3654232901386776,0.4964622641509434,0.4309427771448105,0.48032786885245904,-0.025361026909204765,-0.0051783650883802735,-0.022668344326672345,-0.00269268258253242,0.9582654791510308,1.6524590163934427,0.4,5,5,545,60,3,607,207.0,0.0,2,A_L60_k20_e0.04_x0.015,V_w40_h0.24_l0.18,False,0.4309
610,0.341753116633763,0.5197555285047677,0.4307543225692654,0.4639344262295082,0.02231647798126412,-0.014699864704803212,0.025808939013317142,-0.0034924610320530222,0.8188017266333547,4.957377049180328,0.23076923076923078,13,35,492,83,39,571,139.0,0.0,1,F_L40_k10,V_w20_h0.24_l0.18,False,0.4308
610,0.3395298136392517,0.5197555285047677,0.4296426710720097,0.5180327868852459,,-0.010089515588165012,0.06680589030629513,,0.8188017266333547,4.5442622950819676,0.4166666666666667,12,0,586,24,39,571,207.0,0.0,2,D_A40_th0.15,V_w20_h0.24_l0.18,False,0.4296
610,0.33890608514185455,0.5197555285047677,0.42933080682331115,0.23442622950819672,-0.005044904582636135,-0.004810287922726923,-0.009206055138296941,0.004161150555660806,0.8188017266333547,7.849180327868853,0.15,20,108,195,307,39,571,32.0,11.0,0,E_h0.65_m10,V_w20_h0.24_l0.18,False,0.4293
610,0.3050570375212314,0.5531674781903023,0.4291122578557669,0.3918032786885246,0.06951177025409726,-0.012223229606179675,0.01383302407222518,0.055678746181872074,1.0499748854978523,6.19672131147541,0.1875,16,13,517,80,214,396,59.0,0.0,1,A_L40_k20_e0.04_x0.015,V_w40_h0.2_l0.16,False,0.4291
610,0.33770360781010794,0.5197555285047677,0.4287295681574378,0.4885245901639344,-0.0357642829715532,-0.01050965738554879,0.06677182924826963,-0.10253611221982284,0.8188017266333547,4.957377049180328,0.07692307692307693,13,30,543,37,39,571,59.0,0.0,1,A_L20_k10_e0.04_x0.015,V_w20_h0.24_l0.18,False,0.4287
610,0.3333333333333333,0.5197555285047677,0.4265444309190505,0.5180327868852459,,-0.007064122569366582,,,0.8188017266333547,1.6524590163934427,0.0,5,0,610,0,39,571,207.0,0.0,3,A_L40_k10_e0.04_x0.015,V_w20_h0.24_l0.18,False,0.4265
610,0.3333333333333333,0.5197555285047677,0.4265444309190505,0.5180327868852459,,-0.007064122569366582,,,0.8188017266333547,1.6524590163934427,0.0,5,0,610,0,39,571,207.0,0.0,3,A_L60_k10_e0.03_x0.01,V_w20_h0.24_l0.18,False,0.4265
610,0.3333333333333333,0.5197555285047677,0.4265444309190505,0.5180327868852459,,-0.007064122569366582,,,0.8188017266333547,1.6524590163934427,0.0,5,0,610,0,39,571,207.0,0.0,3,A_L60_k10_e0.04_x0.015,V_w20_h0.24_l0.18,False,0.4265
610,0.3281919451585261,0.5197555285047677,0.4239737368316469,0.5180327868852459,,-0.009577837042474578,0.07112562762046643,,0.8188017266333547,2.478688524590164,0.0,7,0,591,19,39,571,207.0,0.0,3,A_L40_k10_e0.03_x0.01,V_w20_h0.24_l0.18,False,0.424
610,0.3511766317495293,0.4964622641509434,0.42381944795023635,0.3721311475409836,0.009488317410958824,-0.012031936468088682,-0.0020164767664020613,0.011504794177360885,0.9582654791510308,4.957377049180328,0.15384615384615385,13,24,335,251,3,607,34.0,0.0,1,E_h0.7_m10,V_w40_h0.24_l0.18,False,0.4238
610,0.3258682847371794,0.5197555285047677,0.42281190662097357,0.30327868852459017,0.00498959273792594,-0.021348771081683173,0.006360073195167198,-0.0013704804572412582,0.8188017266333547,7.436065573770493,0.0,19,132,289,189,39,571,38.0,10.0,0,C_s20_l60_b0.02,V_w20_h0.24_l0.18,False,0.4228
610,0.3458862041307873,0.4964622641509434,0.42117423414086536,0.3360655737704918,-0.01363513090564093,-0.01014385637189967,0.003467557227094209,-0.01710268813273514,0.9582654791510308,12.806557377049181,0.5625,32,74,379,157,3,607,59.0,16.0,1,D_cur_th0.12,V_w40_h0.24_l0.18,False,0.4212
610,0.2875913004447708,0.5531674781903023,0.4203793893175366,0.26885245901639343,-0.006369633932175082,-0.01010518215133765,0.0006337429185014582,-0.007003376850676541,1.0499748854978523,5.783606557377049,0.13333333333333333,15,51,404,155,214,396,72.0,16.0,1,D_cur_th0.15,V_w40_h0.2_l0.16,False,0.4204
610,0.3436277681595346,0.4964622641509434,0.42004501615523904,0.16229508196721312,-0.006946954896678048,0.007205450058239014,-0.010405838182269542,0.0034588832855914943,0.9582654791510308,7.022950819672132,0.2222222222222222,18,126,91,393,3,607,29.0,17.0,0,E_h0.6_m10,V_w40_h0.24_l0.18,False,0.42
610,0.341753116633763,0.4964622641509434,0.4191076903923532,0.46229508196721314,0.02231647798126412,-0.014699864704803212,0.025808939013317142,-0.0034924610320530222,0.9582654791510308,3.7180327868852463,0.1,10,35,492,83,3,607,139.0,0.0,1,F_L40_k10,V_w40_h0.24_l0.18,False,0.4191
610,0.2830561530524806,0.5531674781903023,0.41811181562139144,0.26885245901639343,-0.006369633932175082,-0.009876271540492924,0.00016668502397021518,-0.006536318956145298,1.0499748854978523,5.370491803278689,0.07142857142857142,14,51,406,153,214,396,72.0,16.0,1,A_L60_k20_e0.03_x0.01,V_w40_h0.2_l0.16,False,0.4181
610,0.3395298136392517,0.4964622641509434,0.41799603889509757,0.5163934426229508,,-0.010089515588165012,0.06680589030629513,,0.9582654791510308,3.7180327868852463,0.6,10,0,586,24,3,607,207.0,0.0,2,D_A40_th0.15,V_w40_h0.24_l0.18,False,0.418
610,0.33890608514185455,0.4964622641509434,0.41768417464639895,0.23770491803278687,-0.005044904582636135,-0.004810287922726923,-0.009206055138296941,0.004161150555660806,0.9582654791510308,6.19672131147541,0.0625,16,108,195,307,3,607,32.0,11.0,0,E_h0.65_m10,V_w40_h0.24_l0.18,False,0.4177
610,0.33770360781010794,0.4964622641509434,0.4170829359805257,0.4885245901639344,-0.0357642829715532,-0.01050965738554879,0.06677182924826963,-0.10253611221982284,0.9582654791510308,3.7180327868852463,0.1,10,30,543,37,3,607,59.0,0.0,1,A_L20_k10_e0.04_x0.015,V_w40_h0.24_l0.18,False,0.4171
610,0.28068648891271003,0.5531674781903023,0.41692698355150615,0.3524590163934426,0.021313775547908125,-0.015679551929890234,0.02073144020739158,0.0005823353405165453,1.0499748854978523,7.022950819672132,0.2222222222222222,18,21,466,123,214,396,59.0,0.0,1,A_L40_k10_e0.02_x0.005,V_w40_h0.2_l0.16,False,0.4169
610,0.3333333333333333,0.4964622641509434,0.4148977987421384,0.5163934426229508,,-0.007064122569366582,,,0.9582654791510308,0.4131147540983607,0.5,2,0,610,0,3,607,207.0,0.0,3,A_L40_k10_e0.04_x0.015,V_w40_h0.24_l0.18,False,0.4149
610,0.3333333333333333,0.4964622641509434,0.4148977987421384,0.5163934426229508,,-0.007064122569366582,,,0.9582654791510308,0.4131147540983607,0.5,2,0,610,0,3,607,207.0,0.0,3,A_L60_k10_e0.03_x0.01,V_w40_h0.24_l0.18,False,0.4149
610,0.3333333333333333,0.4964622641509434,0.4148977987421384,0.5163934426229508,,-0.007064122569366582,,,0.9582654791510308,0.4131147540983607,0.5,2,0,610,0,3,607,207.0,0.0,3,A_L60_k10_e0.04_x0.015,V_w40_h0.24_l0.18,False,0.4149
610,0.3050570375212314,0.5197555285047677,0.41240628301299953,0.4639344262295082,0.06951177025409726,-0.012223229606179675,0.01383302407222518,0.055678746181872074,0.8188017266333547,4.957377049180328,0.07692307692307693,13,13,517,80,39,571,59.0,0.0,1,A_L40_k20_e0.04_x0.015,V_w20_h0.24_l0.18,False,0.4124
610,0.3281919451585261,0.4964622641509434,0.41232710465473477,0.5163934426229508,,-0.009577837042474578,0.07112562762046643,,0.9582654791510308,1.239344262295082,0.25,4,0,591,19,3,607,207.0,0.0,3,A_L40_k10_e0.03_x0.01,V_w40_h0.24_l0.18,False,0.4123
610,0.3258682847371794,0.4964622641509434,0.41116527444406137,0.2983606557377049,0.00498959273792594,-0.021348771081683173,0.006360073195167198,-0.0013704804572412582,0.9582654791510308,6.19672131147541,0.0625,16,132,289,189,3,607,38.0,10.0,0,C_s20_l60_b0.02,V_w40_h0.24_l0.18,False,0.4112
610,0.32248898077028815,0.4964622641509434,0.40947562246061575,0.2540983606557377,0.01361595361791549,-0.01710780211072659,-0.006899878055371019,0.020515831673286508,0.9582654791510308,5.370491803278689,0.07142857142857142,14,121,253,236,3,607,42.0,0.0,0,A_L40_k20_e0.02_x0.005,V_w40_h0.24_l0.18,False,0.4095
610,0.2875913004447708,0.5197555285047677,0.40367341447476923,0.3442622950819672,-0.006369633932175082,-0.01010518215133765,0.0006337429185014582,-0.007003376850676541,0.8188017266333547,5.370491803278689,0.21428571428571427,14,51,404,155,39,571,72.0,16.0,1,D_cur_th0.15,V_w20_h0.24_l0.18,False,0.4037
610,0.2533427136805763,0.5531674781903023,0.4032550959354393,0.2786885245901639,0.016963682943045084,-0.019580433534478938,0.011018889358284554,0.00594479358476053,1.0499748854978523,8.262295081967213,0.14285714285714285,21,85,377,148,214,396,59.0,0.0,1,A_L40_k20_e0.03_x0.01,V_w40_h0.2_l0.16,False,0.4033
610,0.2830561530524806,0.5197555285047677,0.4014058407786242,0.3442622950819672,-0.006369633932175082,-0.009876271540492924,0.00016668502397021518,-0.006536318956145298,0.8188017266333547,4.5442622950819676,0.08333333333333333,12,51,406,153,39,571,72.0,16.0,1,A_L60_k20_e0.03_x0.01,V_w20_h0.24_l0.18,False,0.4014
610,0.3050570375212314,0.4964622641509434,0.40075965083608744,0.4426229508196721,0.06951177025409726,-0.012223229606179675,0.01383302407222518,0.055678746181872074,0.9582654791510308,3.7180327868852463,0.1,10,13,517,80,3,607,59.0,0.0,1,A_L40_k20_e0.04_x0.015,V_w40_h0.24_l0.18,False,0.4008
610,0.2875913004447708,0.4964622641509434,0.39202678229785715,0.34262295081967215,-0.006369633932175082,-0.01010518215133765,0.0006337429185014582,-0.007003376850676541,0.9582654791510308,4.131147540983607,0.36363636363636365,11,51,404,155,3,607,72.0,16.0,1,D_cur_th0.15,V_w40_h0.24_l0.18,False,0.392
610,0.2830561530524806,0.4964622641509434,0.389759208601712,0.34262295081967215,-0.006369633932175082,-0.009876271540492924,0.00016668502397021518,-0.006536318956145298,0.9582654791510308,3.3049180327868855,0.2222222222222222,9,51,406,153,3,607,72.0,16.0,1,A_L60_k20_e0.03_x0.01,V_w40_h0.24_l0.18,False,0.3898
610,0.28068648891271003,0.4964622641509434,0.3885743765318267,0.4081967213114754,0.021313775547908125,-0.015679551929890234,0.02073144020739158,0.0005823353405165453,0.9582654791510308,4.5442622950819676,0.08333333333333333,12,21,466,123,3,607,59.0,0.0,1,A_L40_k10_e0.02_x0.005,V_w40_h0.24_l0.18,False,0.3886
610,0.2533427136805763,0.4964622641509434,0.37490248891575984,0.30491803278688523,0.016963682943045084,-0.019580433534478938,0.011018889358284554,0.00594479358476053,0.9582654791510308,6.19672131147541,0.0625,16,85,377,148,3,607,59.0,0.0,1,A_L40_k20_e0.03_x0.01,V_w40_h0.24_l0.18,False,0.3749
