bas_dd,close,cur,new,truth_dir,truth_vol,mu,breadth,cur_name,new_name
2025-10-10,50327.6,UL,UL,U,H,up_rising,0.3788321167883212,1 안정상승,1 안정상승
2025-10-13,49867.2,UH,UH,U,H,up_rising,0.48180815876515987,2 변동상승,2 변동상승
2025-10-14,49362.24,UH,UH,U,H,up_rising,0.46416758544652703,2 변동상승,2 변동상승
2025-10-15,50733.55,UH,UH,U,H,up_rising,0.4454244762954796,2 변동상승,2 변동상승
2025-10-16,52065.25,UH,UH,U,H,up_rising,0.5270121278941565,2 변동상승,2 변동상승
2025-10-17,52213.77,UH,UH,U,H,up_rising,0.5523704520396913,2 변동상승,2 변동상승
2025-10-20,53169.23,UH,UH,U,H,up_rising,0.503858875413451,2 변동상승,2 변동상승
2025-10-21,53283.1,UH,UH,U,H,up_rising,0.5545755237045203,2 변동상승,2 변동상승
2025-10-22,53887.07,UH,UH,U,H,up_rising,0.5678059536934951,2 변동상승,2 변동상승
2025-10-23,53317.75,UH,UH,U,H,up_rising,0.5870044052863436,2 변동상승,2 변동상승
2025-10-24,54708.86,UH,UH,U,H,up_rising,0.5572687224669604,2 변동상승,2 변동상승
2025-10-27,56213.84,UH,UH,U,H,up_rising,0.583058305830583,2 변동상승,2 변동상승
2025-10-28,55654.42,UH,UH,U,H,up_rising,0.6182618261826183,2 변동상승,2 변동상승
2025-10-29,56817.81,UH,UH,U,H,up_rising,0.6406593406593407,2 변동상승,2 변동상승
2025-10-30,57016.32,UH,UH,U,H,up_rising,0.6241758241758242,2 변동상승,2 변동상승
2025-10-31,57711.09,UH,UH,U,H,up_rising,0.5659340659340659,2 변동상승,2 변동상승
2025-11-03,59482.77,UH,UH,U,H,up_rising,0.562019758507135,2 변동상승,2 변동상승
2025-11-04,57845.09,UH,UH,U,H,up_rising,0.575192096597146,2 변동상승,2 변동상승
2025-11-05,56242.14,UH,UH,U,H,up_rising,0.575192096597146,2 변동상승,2 변동상승
2025-11-06,56549.83,UH,UH,U,H,up_rising,0.5038419319429198,2 변동상승,2 변동상승
2025-11-07,55527.51,UH,UH,U,H,up_rising,0.5279912184412733,2 변동상승,2 변동상승
2025-11-10,57224.75,UH,UH,U,H,up_rising,0.4588364434687157,2 변동상승,2 변동상승
2025-11-11,57760.72,UH,UH,U,H,up_rising,0.5389681668496158,2 변동상승,2 변동상승
2025-11-12,58361.21,UH,UH,U,H,up_rising,0.5367727771679474,2 변동상승,2 변동상승
2025-11-13,58629.19,UH,UH,U,H,up_rising,0.5883644346871569,2 변동상승,2 변동상승
2025-11-14,56088.3,UH,UH,U,H,up_rising,0.5888157894736842,2 변동상승,2 변동상승
2025-11-17,57284.3,UH,UH,U,H,up_rising,0.5252192982456141,2 변동상승,2 변동상승
2025-11-18,55383.59,UH,UH,U,H,up_rising,0.5274122807017544,2 변동상승,2 변동상승
2025-11-19,54996.5,UH,UH,U,H,up_rising,0.447973713033954,2 변동상승,2 변동상승
2025-11-20,56177.62,UH,UH,U,H,up_rising,0.4315443592552026,2 변동상승,2 변동상승
2025-11-21,53820.35,UH,UH,S,H,up_rising,0.47535596933187296,2 변동상승,2 변동상승
2025-11-24,53805.46,UH,UH,S,H,up_rising,0.3862144420131291,2 변동상승,2 변동상승
2025-11-25,54197.51,UH,UH,S,H,up_rising,0.3741794310722101,2 변동상승,2 변동상승
2025-11-26,55661.5,UH,UH,S,H,up_rising,0.3588621444201313,2 변동상승,2 변동상승
2025-11-27,56053.56,UH,UH,S,H,up_rising,0.424507658643326,2 변동상승,2 변동상승
2025-11-28,55234.71,UH,UH,S,H,up_rising,0.4113785557986871,2 변동상승,2 변동상승
2025-12-01,55160.27,UH,UH,S,H,up_rising,0.462800875273523,2 변동상승,2 변동상승
2025-12-02,56252.06,UH,UH,U,H,up_rising,0.48468271334792123,2 변동상승,2 변동상승
2025-12-03,56867.44,UH,UH,U,H,up_rising,0.5076586433260394,2 변동상승,2 변동상승
2025-12-04,56723.52,UH,UH,U,H,up_rising,0.5536105032822757,2 변동상승,2 변동상승
2025-12-05,57805.39,UH,UH,U,H,up_rising,0.5328227571115973,2 변동상승,2 변동상승
2025-12-08,58579.56,UH,UH,U,H,up_rising,0.5426695842450766,2 변동상승,2 변동상승
2025-12-09,58266.92,UH,UH,U,H,up_rising,0.5393873085339168,2 변동상승,2 변동상승
2025-12-10,58242.1,UH,UH,U,H,up_rising,0.5514223194748359,2 변동상승,2 변동상승
2025-12-11,57765.68,UH,UH,U,H,up_rising,0.537199124726477,2 변동상승,2 변동상승
2025-12-12,58554.75,UH,UH,U,H,up_rising,0.5481400437636762,2 변동상승,2 변동상승
2025-12-15,57224.75,UH,UH,U,H,up_rising,0.5886214442013129,2 변동상승,2 변동상승
2025-12-16,55979.12,UH,UH,U,H,up_rising,0.5678336980306345,2 변동상승,2 변동상승
2025-12-17,57060.98,UH,UH,U,H,up_rising,0.513129102844639,2 변동상승,2 변동상승
2025-12-18,56395.98,UH,UH,U,H,up_rising,0.5087527352297593,2 변동상승,2 변동상승
2025-12-19,56693.74,UH,UH,U,H,up_rising,0.46994535519125685,2 변동상승,2 변동상승
2025-12-22,57989.0,UH,UH,U,H,up_rising,0.4994535519125683,2 변동상승,2 변동상승
2025-12-23,58157.74,UH,UH,U,H,up_rising,0.566120218579235,2 변동상승,2 변동상승
2025-12-24,58172.62,UH,UH,U,H,up_rising,0.5300546448087432,2 변동상승,2 변동상승
2025-12-26,58668.89,UH,UH,U,H,up_rising,0.5136612021857924,2 변동상승,2 변동상승
2025-12-29,60266.88,UH,UH,U,H,up_rising,0.48633879781420764,2 변동상승,2 변동상승
2025-12-30,60440.57,UH,UH,U,H,up_rising,0.4786885245901639,2 변동상승,2 변동상승
2026-01-02,62192.4,UH,UH,U,H,up_rising,0.453551912568306,2 변동상승,2 변동상승
2026-01-05,64554.64,UH,UH,U,H,up_rising,0.49836065573770494,2 변동상승,2 변동상승
2026-01-06,65715.91,UH,UH,U,L,up_rising,0.5387978142076503,2 변동상승,2 변동상승
2026-01-07,66222.1,UH,UH,U,L,up_rising,0.5338427947598253,2 변동상승,2 변동상승
2026-01-08,66122.85,UH,UH,U,L,up_rising,0.4833869239013934,2 변동상승,2 변동상승
2026-01-09,66678.67,UH,UH,U,L,up_rising,0.42979635584137194,2 변동상승,2 변동상승
2026-01-12,67105.46,UH,UH,U,H,up_rising,0.45766345123258306,2 변동상승,2 변동상승
2026-01-13,67954.08,UH,UH,U,H,up_rising,0.48715313463514903,2 변동상승,2 변동상승
2026-01-14,68326.28,UH,UH,U,H,up_rising,0.5,2 변동상승,2 변동상승
2026-01-15,69492.51,UH,UH,U,H,up_rising,0.5099526066350711,2 변동상승,2 변동상승
2026-01-16,70226.99,UH,UH,U,H,up_rising,0.5289099526066351,2 변동상승,2 변동상승
2026-01-19,71244.34,UH,UH,U,H,up_rising,0.5080568720379147,2 변동상승,2 변동상승
2026-01-20,70658.75,UH,UH,U,H,up_rising,0.5232227488151658,2 변동상승,2 변동상승
2026-01-21,71219.53,UH,UH,U,H,up_rising,0.5867298578199052,2 변동상승,2 변동상승
2026-01-22,71988.75,UH,UH,U,H,up_rising,0.5246212121212122,2 변동상승,2 변동상승
2026-01-23,72480.05,UH,UH,U,H,up_rising,0.5871212121212122,2 변동상승,2 변동상승
2026-01-26,71765.43,UH,UH,U,H,up_rising,0.6770833333333334,2 변동상승,2 변동상승
2026-01-27,74216.99,UH,UH,U,H,up_rising,0.7367424242424242,2 변동상승,2 변동상승
2026-01-28,75606.55,UH,UH,U,H,up_rising,0.7585227272727273,2 변동상승,2 변동상승
2026-01-29,76540.51,UH,UH,U,H,up_rising,0.7994323557237465,2 변동상승,2 변동상승
2026-01-30,76808.78,UH,UH,U,H,up_rising,0.8221381267738883,2 변동상승,2 변동상승
2026-02-02,72233.34,UH,UH,U,H,up_rising,0.7852412488174078,2 변동상승,2 변동상승
2026-02-03,77787.46,UH,UH,U,H,up_rising,0.6877956480605487,2 변동상승,2 변동상승
2026-02-04,78875.43,UH,UH,U,H,up_rising,0.781663516068053,2 변동상승,2 변동상승
2026-02-05,75522.09,UH,UH,U,H,up_rising,0.8279773156899811,2 변동상승,2 변동상승
2026-02-06,74712.32,UH,UH,U,H,up_rising,0.7618147448015122,2 변동상승,2 변동상승
2026-02-09,77837.14,UH,UH,U,H,up_rising,0.7145557655954632,2 변동상승,2 변동상승
2026-02-10,77931.53,UH,UH,U,H,up_rising,0.789423984891407,2 변동상승,2 변동상승
2026-02-11,78607.16,UH,UH,U,H,up_rising,0.8226415094339623,2 변동상승,2 변동상승
2026-02-12,81448.8,UH,UH,U,H,up_rising,0.823751178133836,2 변동상승,2 변동상승
2026-02-13,81334.54,UH,UH,U,H,up_rising,0.8295668549905838,2 변동상승,2 변동상승
2026-02-19,83848.3,UH,UH,U,H,up_rising,0.7909604519774012,2 변동상승,2 변동상승
2026-02-20,85746.04,UH,UH,U,H,up_rising,0.8485418626528692,2 변동상승,2 변동상승
2026-02-23,86381.93,UH,UH,U,H,up_rising,0.8298872180451128,2 변동상승,2 변동상승
2026-02-24,88513.16,UH,UH,U,H,up_rising,0.8421052631578947,2 변동상승,2 변동상승
2026-02-25,90306.58,UH,UH,U,H,up_rising,0.849624060150376,2 변동상승,2 변동상승
2026-02-26,94415.03,UH,UH,U,H,up_rising,0.8383458646616542,2 변동상승,2 변동상승
2026-02-27,93515.84,UH,UH,U,H,up_rising,0.818609022556391,2 변동상승,2 변동상승
2026-03-03,86148.44,UH,UH,S,H,up_rising,0.7979323308270677,2 변동상승,2 변동상승
2026-03-04,75412.8,UH,UH,U,H,up_rising,0.6494360902255639,2 변동상승,2 변동상승
2026-03-05,83033.56,UH,UH,S,H,up_rising,0.29699248120300753,2 변동상승,2 변동상승
2026-03-06,83023.63,UH,UH,U,H,up_rising,0.5056390977443609,2 변동상승,2 변동상승
2026-03-09,77727.84,UH,UH,S,H,up_rising,0.5723684210526315,2 변동상승,2 변동상승
2026-03-10,82367.86,UH,UH,S,H,up_rising,0.4407894736842105,2 변동상승,2 변동상승
2026-03-11,83286.93,UH,UH,U,H,up_rising,0.5338345864661654,2 변동상승,2 변동상승
2026-03-12,82665.94,UH,UH,U,H,up_rising,0.5808270676691729,2 변동상승,2 변동상승
2026-03-13,81016.59,UH,UH,U,H,up_rising,0.5939849624060151,2 변동상승,2 변동상승
2026-03-16,82452.32,UH,UH,U,H,up_rising,0.5930451127819549,2 변동상승,2 변동상승
2026-03-17,84091.73,UH,UH,U,H,up_rising,0.5516917293233082,2 변동상승,2 변동상승
2026-03-18,88796.33,UH,UH,U,H,up_rising,0.584037558685446,2 변동상승,2 변동상승
2026-03-19,86193.15,UH,UH,U,H,up_rising,0.6356807511737089,2 변동상승,2 변동상승
2026-03-20,86103.73,UH,UH,U,H,up_rising,0.5703564727954972,2 변동상승,2 변동상승
2026-03-23,80504.9,UH,UH,U,H,up_rising,0.612933458294283,2 변동상승,2 변동상승
2026-03-24,82968.98,UH,UH,U,H,up_rising,0.48828491096532334,2 변동상승,2 변동상승
2026-03-25,83967.53,UH,UH,U,H,up_rising,0.5332708528584817,2 변동상승,2 변동상승
2026-03-26,81076.21,UH,UH,U,H,up_rising,0.598875351452671,2 변동상승,2 변동상승
2026-03-27,80703.62,UH,UH,S,H,up_rising,0.5449438202247191,2 변동상승,2 변동상승
2026-03-30,78174.95,UH,UH,U,H,up_rising,0.547752808988764,2 변동상승,2 변동상승
2026-03-31,74945.81,UH,UH,U,H,up_rising,0.45275958840037417,2 변동상승,2 변동상승
2026-04-01,81642.55,UH,UH,U,H,down_rising,0.36202057998129095,2 변동상승,2 변동상승
2026-04-02,77688.1,UH,UH,U,H,up_rising,0.5051449953227315,2 변동상승,2 변동상승
2026-04-03,80057.79,UH,UH,U,H,down_rising,0.36108512628624884,2 변동상승,2 변동상승
2026-04-06,81225.25,UH,UH,U,H,up_rising,0.3891487371375117,2 변동상승,2 변동상승
2026-04-07,82238.7,UH,UH,U,H,up_rising,0.3695042095416277,2 변동상승,2 변동상승
2026-04-08,88428.71,UH,UH,U,H,up_rising,0.35360149672591207,2 변동상승,2 변동상승
2026-04-09,86689.94,UH,UH,U,H,up_rising,0.4845650140318054,2 변동상승,2 변동상승
2026-04-10,88085.92,UH,UH,U,H,up_rising,0.4639850327408793,2 변동상승,2 변동상승
2026-04-13,87315.9,UH,UH,U,H,up_rising,0.5275958840037418,2 변동상승,2 변동상승
2026-04-14,89849.53,UH,UH,U,H,up_rising,0.5163704396632367,2 변동상승,2 변동상승
2026-04-15,92070.18,UH,UH,U,H,up_rising,0.568755846585594,2 변동상승,2 변동상승
2026-04-16,94102.06,UH,UH,U,H,up_rising,0.6192703461178671,2 변동상승,2 변동상승
2026-04-17,93446.29,UH,UH,U,H,up_rising,0.6838166510757717,2 변동상승,2 변동상승
2026-04-20,93893.4,UH,UH,U,H,up_rising,0.6950420954162769,2 변동상승,2 변동상승
2026-04-21,96297.87,UH,UH,U,H,up_rising,0.6810102899906455,2 변동상승,2 변동상승
2026-04-22,96675.43,UH,UH,U,H,up_rising,0.686623012160898,2 변동상승,2 변동상승
2026-04-23,97723.66,UH,UH,U,H,up_rising,0.6941066417212348,2 변동상승,2 변동상승
2026-04-24,97370.94,UH,UH,U,H,up_rising,0.6782039289055192,2 변동상승,2 변동상승
2026-04-27,99596.56,UH,UH,U,H,up_rising,0.7240411599625819,2 변동상승,2 변동상승
2026-04-28,100053.61,UH,UH,U,H,up_rising,0.7492984097287184,2 변동상승,2 변동상승
2026-04-29,100842.02,UH,UH,U,H,up_rising,0.7427502338634238,2 변동상승,2 변동상승
2026-04-30,99704.31,UH,UH,U,H,up_rising,0.7605238540692236,2 변동상승,2 변동상승
2026-05-04,105083.48,UH,UH,U,H,up_rising,0.7072029934518241,2 변동상승,2 변동상승
2026-05-06,113042.46,UH,UH,U,H,up_rising,0.7268475210477081,2 변동상승,2 변동상승
2026-05-07,115387.74,UH,UH,U,H,up_rising,0.6744621141253508,2 변동상승,2 변동상승
2026-05-08,115577.36,UH,UH,U,H,up_rising,0.6548175865294668,2 변동상승,2 변동상승
2026-05-11,121560.32,UH,UH,U,H,up_rising,0.6492048643592142,2 변동상승,2 변동상승
2026-05-12,118860.75,UH,UH,U,H,up_rising,0.6108512628624883,2 변동상승,2 변동상승
2026-05-13,122408.61,UH,UH,U,H,up_rising,0.5369504209541628,2 변동상승,2 변동상승
2026-05-14,124604.19,UH,UH,U,H,up_rising,0.5135640785781104,2 변동상승,2 변동상승
2026-05-15,116964.57,UH,UH,U,H,up_rising,0.5489130434782609,2 변동상승,2 변동상승
2026-05-18,117603.28,UH,UH,U,H,up_rising,0.4561717352415027,2 변동상승,2 변동상승
2026-05-19,114085.36,UH,UH,U,H,up_rising,0.39447907390917186,2 변동상승,2 변동상승
2026-05-20,113112.32,UH,UH,U,H,up_rising,0.3502626970227671,2 변동상승,2 변동상승
2026-05-21,122812.8,UH,UH,U,H,up_rising,0.31228373702422146,2 변동상승,2 변동상승
2026-05-22,123102.21,UH,UH,U,H,up_rising,0.3747841105354059,2 변동상승,2 변동상승
2026-05-26,126500.37,UH,UH,U,H,up_rising,0.4489795918367347,2 변동상승,2 변동상승
2026-05-27,130337.65,UH,UH,U,H,up_rising,0.4501257334450964,2 변동상승,2 변동상승
2026-05-28,129728.87,UH,UH,U,H,up_rising,0.3763440860215054,2 변동상승,2 변동상승
2026-05-29,134544.18,UH,UH,U,H,up_rising,0.33773740710156896,2 변동상승,2 변동상승
2026-06-01,141110.96,UH,UH,U,H,up_rising,0.294987674609696,2 변동상승,2 변동상승
2026-06-02,141290.6,UH,UH,U,H,up_rising,0.2573051948051948,2 변동상승,2 변동상승
2026-06-04,138451.32,UH,UH,U,H,up_rising,0.22151898734177214,2 변동상승,2 변동상승
2026-06-05,130766.78,UH,UH,U,H,up_rising,0.2335423197492163,2 변동상승,2 변동상승
2026-06-08,119319.83,UH,UH,U,H,up_rising,0.19003115264797507,2 변동상승,2 변동상승
2026-06-09,129868.59,UH,UH,U,H,up_rising,0.11682242990654206,2 변동상승,2 변동상승
2026-06-10,123546.32,UH,UH,S,H,up_rising,0.16718266253869968,2 변동상승,2 변동상승
2026-06-11,123601.21,UH,UH,S,H,up_rising,0.14482758620689656,2 변동상승,2 변동상승
2026-06-12,129010.32,UH,UH,S,H,up_rising,0.16551724137931034,2 변동상승,2 변동상승
2026-06-15,136016.22,UH,UH,D,H,up_rising,0.20456273764258556,2 변동상승,2 변동상승
2026-06-16,139269.67,UH,UH,D,H,up_rising,0.22727272727272727,2 변동상승,2 변동상승
2026-06-17,141769.64,UH,UH,S,H,up_rising,0.22447447447447447,2 변동상승,2 변동상승
2026-06-18,146649.81,UH,UH,S,H,up_rising,0.22304832713754646,2 변동상승,2 변동상승
2026-06-19,146614.88,UH,UH,D,H,up_rising,0.1859778597785978,2 변동상승,2 변동상승
2026-06-22,148056.98,UH,UH,D,H,up_rising,0.14295977011494254,2 변동상승,2 변동상승
2026-06-23,132553.19,UH,UH,D,H,up_rising,0.1336206896551724,2 변동상승,2 변동상승
2026-06-24,137867.49,UH,UH,D,H,up_rising,0.08581560283687943,2 변동상승,2 변동상승
2026-06-25,145537.05,UH,UH,D,H,up_rising,0.09348441926345609,2 변동상승,2 변동상승
2026-06-26,137104.03,UH,UH,D,H,up_rising,0.08775654635527247,2 변동상승,2 변동상승
2026-06-29,136140.97,UH,UH,D,H,up_rising,0.07514044943820225,2 변동상승,2 변동상승
2026-06-30,138301.62,UH,UH,D,H,up_rising,0.0976123595505618,2 변동상승,2 변동상승
2026-07-01,134254.76,UH,UH,D,H,up_rising,0.1059233449477352,2 변동상승,2 변동상승
2026-07-02,123281.85,UH,UH,D,H,up_rising,0.12560721721027066,2 변동상승,2 변동상승
2026-07-03,130746.82,UH,UH,D,H,up_rising,0.10478834142956281,2 변동상승,2 변동상승
2026-07-06,129863.6,UH,UH,D,H,up_rising,0.10803324099722991,2 변동상승,2 변동상승
2026-07-07,123461.49,UH,UH,D,H,up_rising,0.12292817679558012,2 변동상승,2 변동상승
2026-07-08,116630.24,UH,UH,D,H,up_rising,0.1155433287482806,2 변동상승,2 변동상승
2026-07-09,117463.56,UH,UH,D,H,down_rising,0.09931506849315068,2 변동상승,2 변동상승
2026-07-10,120362.73,UH,UH,D,H,down_rising,0.09377138945927448,2 변동상승,2 변동상승
2026-07-13,108601.4,UH,UH,D,H,down_rising,0.11833105335157319,2 변동상승,2 변동상승
2026-07-14,109499.59,UH,UH,D,H,down_rising,0.10109289617486339,2 변동상승,2 변동상승
2026-07-15,116500.5,UH,UH,D,H,down_rising,0.08960328317373462,2 변동상승,2 변동상승
2026-07-16,108781.04,UH,UH,D,H,down_rising,0.12158469945355191,2 변동상승,2 변동상승
2026-07-20,103885.89,UH,UH,D,H,down_rising,0.11527967257844475,2 변동상승,2 변동상승
2026-07-21,107922.77,UH,UH,D,H,down_rising,0.08885850991114148,2 변동상승,2 변동상승
2026-07-22,108097.42,UH,UH,D,H,down_rising,0.09904371584699453,2 변동상승,2 변동상승
2026-07-23,113002.54,UH,UH,D,H,down_rising,0.08971704623878538,2 변동상승,2 변동상승
2026-07-24,106151.33,UH,UH,D,H,down_rising,0.11503811503811504,2 변동상승,2 변동상승
2026-07-27,107513.59,UH,UH,D,H,down_rising,0.12047353760445682,2 변동상승,2 변동상승
2026-07-28,95482.81,UH,UH,D,H,down_rising,0.12885154061624648,2 변동상승,2 변동상승
2026-07-29,89425.0,UH,UH,D,H,down_rising,0.08321579689703808,2 변동상승,2 변동상승
2026-07-30,87635.0,UH,UH,D,H,down_rising,0.06657223796033994,2 변동상승,2 변동상승
2026-07-31,108820.0,UH,UH,D,H,down_rising,0.0887154009936125,2 변동상승,2 변동상승
2026-08-03,99105.0,UH,UH,D,H,down_rising,0.1074561403508772,2 변동상승,2 변동상승
2026-08-04,100330.0,UH,UH,D,H,down_rising,0.11812179016874541,2 변동상승,2 변동상승
2026-08-05,104300.0,UH,UH,D,H,down_rising,0.16901408450704225,2 변동상승,2 변동상승
2026-08-06,98900.0,UH,UH,D,H,down_rising,0.21518987341772153,2 변동상승,2 변동상승
2026-08-07,98090.0,UH,UH,D,H,down_rising,0.2563527653213752,2 변동상승,2 변동상승
2026-08-10,98265.0,SH,SH,D,H,down_rising,0.2886056971514243,4 변동횡보,4 변동횡보
2026-08-11,99265.0,SH,SH,S,H,down_rising,0.36507936507936506,4 변동횡보,4 변동횡보
2026-08-12,103250.0,SH,SH,S,H,down_falling,0.4027355623100304,4 변동횡보,4 변동횡보
2026-08-13,107270.0,SH,SH,D,H,down_falling,0.4039785768936496,4 변동횡보,4 변동횡보
2026-08-14,110060.0,SH,SH,S,H,down_falling,0.40168970814132104,4 변동횡보,4 변동횡보
2026-08-18,108550.0,SH,SH,S,H,down_falling,0.47054263565891474,4 변동횡보,4 변동횡보
2026-08-19,101760.0,SH,SH,S,H,down_falling,0.3840186190845617,4 변동횡보,4 변동횡보
2026-08-20,108190.0,SH,SH,S,H,down_falling,0.33752950432730133,4 변동횡보,4 변동횡보
2026-08-21,109980.0,SH,SH,S,H,down_falling,0.38616251005631536,4 변동횡보,4 변동횡보
2026-08-24,105995.0,DH,SH,U,H,down_falling,0.3099510603588907,6 변동하락,4 변동횡보
2026-08-25,106795.0,DH,SH,S,H,down_falling,0.3569078947368421,6 변동하락,4 변동횡보
2026-08-26,107710.0,DH,SH,U,H,down_falling,0.42631140716069943,6 변동하락,4 변동횡보
2026-08-27,109135.0,DH,SH,U,H,down_falling,0.4697986577181208,6 변동하락,4 변동횡보
2026-08-28,107180.0,DH,SH,U,H,down_falling,0.4877637130801688,6 변동하락,4 변동횡보
2026-08-31,107615.0,DH,SH,S,H,down_falling,0.5178875638841567,6 변동하락,4 변동횡보
2026-09-01,107885.0,DH,SH,U,H,down_falling,0.5188356164383562,6 변동하락,4 변동횡보
2026-09-02,103500.0,DH,SH,U,H,down_falling,0.5223752151462995,6 변동하락,4 변동횡보
2026-09-03,103610.0,DH,SH,,H,down_falling,0.445980985306828,6 변동하락,4 변동횡보
2026-09-04,105720.0,DH,SH,,H,down_falling,0.42695652173913046,6 변동하락,4 변동횡보
2026-09-07,110820.0,DH,SH,,H,down_falling,0.4833916083916084,6 변동하락,4 변동횡보
2026-09-08,110335.0,DH,SH,,H,down_falling,0.514486391571554,6 변동하락,4 변동횡보
2026-09-09,112100.0,DH,SH,,H,down_falling,0.49248452696728556,6 변동하락,4 변동횡보
2026-09-10,111865.0,DH,SH,,H,down_falling,0.5562444641275465,6 변동하락,4 변동횡보
2026-09-11,109500.0,DH,SH,,H,down_falling,0.5823686553873553,6 변동하락,4 변동횡보
2026-09-14,105410.0,DH,SH,,H,down_falling,0.5696316262353999,6 변동하락,4 변동횡보
2026-09-15,104275.0,DH,SH,,H,down_falling,0.5424657534246575,6 변동하락,4 변동횡보
2026-09-16,106365.0,DH,SH,,H,down_falling,0.5407136322049405,6 변동하락,4 변동횡보
2026-09-17,106280.0,DH,SH,,,down_falling,0.5452865064695009,6 변동하락,4 변동횡보
2026-09-18,109285.0,DH,SH,,,down_falling,0.5877437325905293,6 변동하락,4 변동횡보
2026-09-21,111700.0,DH,SH,,,down_falling,0.6031598513011153,6 변동하락,4 변동횡보
2026-09-22,111880.0,DH,SH,,,up_falling,0.6096837944664032,6 변동하락,4 변동횡보
2026-09-23,113145.0,DH,SH,,,up_falling,0.6226034308779012,6 변동하락,4 변동횡보
2026-09-28,109500.0,DH,SH,,,up_falling,0.631633714880333,6 변동하락,4 변동횡보
2026-09-29,109990.0,DH,SH,,,up_falling,0.6833156216790648,6 변동하락,4 변동횡보
2026-09-30,109545.0,DH,SH,,,up_falling,0.658965896589659,6 변동하락,4 변동횡보
2026-10-01,111520.0,DH,SH,,,up_falling,0.658675799086758,6 변동하락,4 변동횡보
2026-10-02,112060.0,DH,SH,,,up_falling,0.7304964539007093,6 변동하락,4 변동횡보
