n,per_year,mean,lo90,hi90,pass,median,win,gross_mean,mean_ex_top1pct,jump_excluded,id,sub_means,sub_pos,eligible,robust
7104,444.4563206577595,-0.014185978436688255,-0.01587492671300064,-0.012561051161626355,False,-0.05211786784274172,0.294481981981982,-0.007322535306057627,-0.017745539838905356,0,cur|I|X0|all,"[-0.014245937748555622, -0.009750163223238741, -0.012021213833341635, -0.019122342771111366]",0,True,False
6556,410.1711202466598,-0.013676750532448266,-0.015494885985665601,-0.011853211272827515,False,-0.051502628920319767,0.29545454545454547,-0.006780060477536737,-0.01728187254076274,0,cur|I|X0|ge075,"[-0.014777863831496266, -0.009089153350922476, -0.010708781277378423, -0.019297074760748035]",0,True,False
5180,324.08273381294964,-0.012842409786867924,-0.01484279557857928,-0.010878992034927943,False,-0.05164152768899019,0.2947876447876448,-0.006223239902698044,-0.016526128942906115,0,cur|I|X0|eq1,"[-0.006938507923892353, -0.008734442297869058, -0.011757465607662814, -0.019261298737003822]",0,True,False
7011,438.63784686536485,-0.01437500915464631,-0.016057904504294132,-0.012594903610207627,False,-0.05910425914923128,0.2711453430323777,-0.007505760830584124,-0.01810767707268784,0,cur|I|X1|all,"[-0.013882309616353566, -0.009134933378234388, -0.01184693340661203, -0.020497373425189442]",0,True,False
6467,404.60290339157245,-0.013759888525213388,-0.015620749372921067,-0.011783034069501895,False,-0.058317787833125474,0.2727694448739756,-0.006857538130903819,-0.01753727709564952,0,cur|I|X1|ge075,"[-0.013986753271056595, -0.008130589385009468, -0.010780350559323137, -0.020659203361794547]",0,True,False
5108,319.5781089414183,-0.013056500846342998,-0.015275133623658173,-0.010971838931483189,False,-0.05832969219105086,0.27231793265465937,-0.006438959734361793,-0.016895056979159478,0,cur|I|X1|eq1,"[-0.004787665412585093, -0.008446801167833895, -0.011988882616690708, -0.020835568734007645]",0,True,False
6993,437.511690647482,-0.014572098869837713,-0.01640576210814573,-0.01287306754555798,False,-0.06682806485286896,0.25668525668525666,-0.0077040022017410455,-0.01832792029619034,0,cur|I|X2|all,"[-0.014137547547766572, -0.009557980898444441, -0.012041326826948596, -0.020509861783086936]",0,True,False
6450,403.53931140801643,-0.013981882408929709,-0.015906857618816488,-0.012050706104072743,False,-0.06566706609249204,0.25736434108527134,-0.00708096768024754,-0.017731905463576173,0,cur|I|X2|ge075,"[-0.013976801698626412, -0.008774233651190748, -0.010962377688129209, -0.02073459344711952]",0,True,False
5097,318.88990236382324,-0.013243114538531948,-0.015462310759710041,-0.010955115016890884,False,-0.06585533661740561,0.25760251128114575,-0.006627458270138778,-0.01710356880477886,0,cur|I|X2|eq1,"[-0.004851509660987807, -0.009164087167961073, -0.012175246067671312, -0.020714674584110318]",0,True,False
6908,432.19373072970194,-0.01291971481118467,-0.01535644894822983,-0.010515411279075874,False,-0.06695026691737449,0.22669368847712798,-0.006059234208984327,-0.021178150066511043,0,cur|I|X3|all,"[-0.005487412659183033, -0.01066180639108769, -0.009936256280238141, -0.021144328091535523]",0,True,False
6375,398.8469938335046,-0.01249497051675973,-0.01506429137110544,-0.009948845336507698,False,-0.06586620453559128,0.22666666666666666,-0.005602782281465616,-0.020581962340278866,0,cur|I|X3|ge075,"[-0.007494950482523527, -0.009508606039541796, -0.008590042086747227, -0.02120587113596017]",0,True,False
5040,315.32374100719426,-0.011005804590310636,-0.013728063410012013,-0.008017180305555838,False,-0.06591385255901147,0.22956349206349205,-0.0043974315744376245,-0.01913111962031109,0,cur|I|X3|eq1,"[0.008351073318761396, -0.011198093126966001, -0.010409175924711215, -0.019717686435442368]",1,True,False
3418,213.8445529290853,-0.00576520065273788,-0.008045423830516983,-0.0033479896537803623,False,-0.025032052519444042,0.3633703920421299,0.0009493692711942423,-0.008960288968430648,0,cur|C_cap5_k0|X0|all,"[-0.006532999149601027, -0.0023058309539914974, -0.004956525640202768, -0.008413215245970712]",0,True,False
3146,196.8270811921891,-0.005307395344440814,-0.007667639082205018,-0.0029368702650151243,False,-0.02423664457702724,0.3642720915448188,0.0014135201037473607,-0.008417189287696742,0,cur|C_cap5_k0|X0|ge075,"[-0.005829828889029659, -0.0009218654519025146, -0.004822986098515151, -0.008594693161743105]",0,True,False
2478,155.0341726618705,-0.0032791552166198225,-0.006085334524446625,-0.000534700558073373,False,-0.02230388117999557,0.3668280871670702,0.0031700780360032605,-0.006547058522101172,0,cur|C_cap5_k0|X0|eq1,"[0.007720128699412047, 0.0028360981558356586, -0.005556773995273995, -0.008302750110207958]",2,True,False
3384,211.71736896197328,-0.0061528295616570345,-0.00865124928407804,-0.0037164652476597386,False,-0.039044974029284016,0.3268321513002364,0.0005700132279410728,-0.009518024563536811,0,cur|C_cap5_k0|X1|all,"[-0.00868387109886665, -0.0015302443952379316, -0.003915253769751924, -0.010134531516420749]",0,True,False
3115,194.88758992805757,-0.005488063799905923,-0.007997316925036146,-0.002945762726708536,False,-0.03771391618458302,0.3274478330658106,0.0012438142097248941,-0.008776696167042498,0,cur|C_cap5_k0|X1|ge075,"[-0.007418932150947531, -0.00034594390465838, -0.003249451269113174, -0.010466715209520461]",0,True,False
2450,153.2823741007194,-0.003957755549236277,-0.007068045907830118,-0.001027978701494817,False,-0.035566330367765915,0.3273469387755102,0.0025008975119882103,-0.007314688776267241,0,cur|C_cap5_k0|X1|eq1,"[0.006834065086684512, 0.002089703275465996, -0.00449173397903483, -0.010827069156230738]",2,True,False
3382,211.59224049331962,-0.006110358710337027,-0.008448598815907959,-0.0034826157284964,False,-0.03311063092779654,0.3119455943228859,0.0006126158609225809,-0.009582583471176284,0,cur|C_cap5_k0|X2|all,"[-0.010084958721230611, -0.0030781416543454484, -0.0036650184742948, -0.008624100089997385]",0,True,False
3113,194.7624614594039,-0.0052128049352344625,-0.007699458462956056,-0.0024815522603987505,False,-0.03055468183128119,0.31320269836170894,0.001519222048382628,-0.008615354723482955,0,cur|C_cap5_k0|X2|ge075,"[-0.008864802422473015, -0.001859409442759076, -0.0029321658986416993, -0.00821798355793995]",0,True,False
2448,153.15724563206578,-0.003317515362104275,-0.006306775697012108,-0.00018738140779219614,False,-0.02624002459130539,0.31413398692810457,0.0031411039189414747,-0.006806172385625181,0,cur|C_cap5_k0|X2|eq1,"[0.006059109241143915, 0.0005084573946266733, -0.0041940956776509, -0.007922481259244522]",2,True,False
3359,210.15326310380266,-0.003708898380486095,-0.007063935093309343,-0.0002785599336434983,False,-0.03393133253599213,0.28431080678773446,0.0030082793509816014,-0.011685976411013247,0,cur|C_cap5_k0|X3|all,"[0.0030149018618515467, -0.004314104032471848, -0.0031474925028504926, -0.006840289996280072]",1,True,False
3090,193.32348406988694,-0.002608371480174707,-0.006071107182488202,0.0011462568201208252,False,-0.031847409102872676,0.28511326860841424,0.004117421400084191,-0.010422657748003467,0,cur|C_cap5_k0|X3|ge075,"[0.0029043879695616896, -0.00384310016822974, -0.0013786236776200157, -0.005447400206111968]",1,True,False
2431,152.09365364850976,-0.00044422493264722595,-0.00439604250893219,0.0036739687409881355,False,-0.028239842726081203,0.2858905800082271,0.0060127063713429,-0.008166836792154082,0,cur|C_cap5_k0|X3|eq1,"[0.020215351274502528, -0.0015514845758963973, -0.0022679392589410358, -0.004605274755764081]",1,True,False
2293,143.459789311408,-0.006348418133926165,-0.008959265742136135,-0.0036161129457105345,False,-0.020545322478478963,0.36764064544265157,0.0002915295328858705,-0.009233734794188667,0,cur|C_cap5_k1.5|X0|all,"[-0.005480596502941785, -0.004048428757682641, -0.006769921647629574, -0.007791772010140461]",0,True,False
2103,131.5725847893114,-0.005958979438727415,-0.008613347193838461,-0.0030236877659896477,False,-0.02019868039673716,0.3666191155492154,0.0007069264100600308,-0.008805233246576456,0,cur|C_cap5_k1.5|X0|ge075,"[-0.00556650289778165, -0.0026433754582083063, -0.006592020791253209, -0.007874190517837396]",0,True,False
1636,102.35508735868449,-0.0036515124778086928,-0.006753077274160181,-0.00018914678858846507,False,-0.018232933222958055,0.3698044009779951,0.0027349789647340924,-0.006472273497358467,0,cur|C_cap5_k1.5|X0|eq1,"[0.008912478283251191, 0.001709256674520542, -0.008641203725535103, -0.005755751008036235]",2,True,False
2282,142.77158273381295,-0.007451883254971624,-0.010464595448996389,-0.004504672291270334,False,-0.03804877869534415,0.32690622261174407,-0.0008069665152696093,-0.010560193126147872,0,cur|C_cap5_k1.5|X1|all,"[-0.008036268394721772, -0.0046896518211835304, -0.00727858938856064, -0.009140669573591617]",0,True,False
2095,131.0720709146968,-0.007012412560030386,-0.010144174118150995,-0.004000141215681055,False,-0.037576907202772666,0.324582338902148,-0.0003425318917726307,-0.010102997651577397,0,cur|C_cap5_k1.5|X1|ge075,"[-0.008084272357453005, -0.0034422434592231758, -0.007026092149256242, -0.009110649329307446]",0,True,False
1629,101.91713771839672,-0.005057994258783873,-0.008561313117695627,-0.0014292708520980567,False,-0.03495064289779371,0.33026396562308163,0.0013314471162928583,-0.008147198058950204,0,cur|C_cap5_k1.5|X1|eq1,"[0.007180623261259376, 0.000296652153874456, -0.009682952387198627, -0.007473891067106451]",2,True,False
2281,142.70901849948612,-0.007272981880729319,-0.010244072710478374,-0.0043280123027381,False,-0.027827272727272707,0.3143358176238492,-0.0006280016089187116,-0.010494830147798818,0,cur|C_cap5_k1.5|X2|all,"[-0.009821529624411962, -0.0057846619379913165, -0.006797958296830559, -0.007620029062228828]",0,True,False
2094,131.00950668036998,-0.006778284666701327,-0.009890934771801642,-0.0036467087974660648,False,-0.026961928627620837,0.3118433619866285,-0.00010832287109483478,-0.009993051407139636,0,cur|C_cap5_k1.5|X2|ge075,"[-0.009974887627826156, -0.004485760614795134, -0.006462073086964419, -0.0073962052621049275]",0,True,False
1628,101.85457348406989,-0.004495225658318659,-0.008302186253876218,-0.0009428984495504637,False,-0.02208198863456043,0.31633906633906633,0.0018941478060548027,-0.007734170155659576,0,cur|C_cap5_k1.5|X2|eq1,"[0.0065273288711153775, -0.0010671525973642321, -0.009149458272885823, -0.005245703520908195]",1,True,False
2272,142.1459403905447,-0.0038233535120281315,-0.00793406285845096,0.0005624198282480193,False,-0.029982542756536397,0.2834507042253521,0.0028179316992394715,-0.012164540054376193,0,cur|C_cap5_k1.5|X3|all,"[0.011818000818022773, -0.004527512510575296, -0.007195326210845954, -0.006678690448301103]",1,True,False
2085,130.44642857142858,-0.003369804306809946,-0.00794146997507407,0.001167183017562394,False,-0.02835581827857004,0.27961630695443646,0.0032962388586576775,-0.011403872942920296,0,cur|C_cap5_k1.5|X3|ge075,"[0.009062379710459563, -0.00348880895142491, -0.006130340039454805, -0.005771577127520312]",1,True,False
1620,101.35405960945529,-0.0005003618831353398,-0.005362238671254298,0.004654191714326754,False,-0.023697258403871185,0.2833333333333333,0.005887415894642435,-0.008259748954232723,0,cur|C_cap5_k1.5|X3|eq1,"[0.03112828259272479, 0.000788865697204261, -0.008299937837486454, -0.0027429850079828543]",2,True,False
2761,172.73985097636177,-0.006030074039673607,-0.00849028537473104,-0.0035233463274885316,False,-0.02418396946564883,0.36254980079681276,0.0006197991946617769,-0.00931741432494429,0,cur|C_cap3_k0|X0|all,"[-0.006179723980306319, -0.003669526236164944, -0.005059370108213223, -0.008346245800077983]",0,True,False
2534,158.53776978417267,-0.0055283735491248555,-0.008169591820103515,-0.002852843413865781,False,-0.023563019163795246,0.3638516179952644,0.0011200873822090028,-0.008689260443806674,0,cur|C_cap3_k0|X0|ge075,"[-0.005254357538691753, -0.002450024604144962, -0.004872765434088935, -0.00834842552656821]",0,True,False
1994,124.75308324768756,-0.0036711967656507857,-0.006646774501611031,-0.0006639120939692963,False,-0.022092521983851816,0.3650952858575727,0.002709244558321128,-0.00698420542356462,0,cur|C_cap3_k0|X0|eq1,"[0.008797996248136803, 0.0013202209941996733, -0.005678439946253173, -0.008355224819822378]",2,True,False
2735,171.11318088386435,-0.006283507719227695,-0.00908709826890147,-0.0034354181594089305,False,-0.03816122448979598,0.3239488117001828,0.00037305535207029367,-0.009678840626158203,0,cur|C_cap3_k0|X1|all,"[-0.00836016799313355, -0.0017214921491921168, -0.004268189912106331, -0.010174125348600268]",0,True,False
2509,156.97366392600205,-0.0055353724775902705,-0.008359097295185677,-0.002671710101617267,False,-0.0365751879699247,0.32443204463929853,0.001123495597339978,-0.00891207756501958,0,cur|C_cap3_k0|X1|ge075,"[-0.007134589613586348, -0.0006328871902078522, -0.003591843384951645, -0.010129561778297007]",0,True,False
1972,123.37667009249743,-0.00436387900290962,-0.007592131686099441,-0.0008950293795144836,False,-0.035532449880819945,0.3255578093306288,0.002025167650234395,-0.007923764959050311,0,cur|C_cap3_k0|X1|eq1,"[0.006591988174265131, 0.0015012925829351513, -0.004725434693366358, -0.010969398817944296]",2,True,False
2733,170.9880524152107,-0.006165016917175789,-0.008987274805160443,-0.003324860111750073,False,-0.03176647064630012,0.30698865715331136,0.0004919168552354797,-0.00961611578832932,0,cur|C_cap3_k0|X2|all,"[-0.010077524604255254, -0.003383893043566059, -0.003924704242619273, -0.008406494006075505]",0,True,False
2507,156.84853545734842,-0.005178100711854453,-0.008070564569896929,-0.002219131610941784,False,-0.0285375,0.30714000797766255,0.0014811733208539627,-0.008613279973764215,0,cur|C_cap3_k0|X2|ge075,"[-0.008921382290282073, -0.002242671556220792, -0.0031758129234523104, -0.007620735783235816]",0,True,False
1970,123.25154162384378,-0.003660877422060697,-0.0070211927532124055,-0.0002575153660252951,False,-0.024834138091242547,0.3101522842639594,0.0027284119180408252,-0.0072860368598389,0,cur|C_cap3_k0|X2|eq1,"[0.005361602712617115, -0.0004260827800740053, -0.004330643611337349, -0.007707984276324527]",1,True,False
2718,170.04958890030832,-0.004200731308517969,-0.007872331843396791,-0.00053783101058865,False,-0.03311063092779654,0.2847682119205298,0.0024518441145872528,-0.011596292589773639,0,cur|C_cap3_k0|X3|all,"[0.0003820216370308052, -0.004885540895319623, -0.0022919115287779045, -0.007461951137767425]",1,True,False
2492,155.91007194244605,-0.0033246135385002467,-0.007289987429627386,0.0005900071071832436,False,-0.030597398853227938,0.2845104333868379,0.0033299209719331382,-0.010506434106605017,0,cur|C_cap3_k0|X3|ge075,"[-0.0017485009129979416, -0.004684488797471726, -0.0005190392761744049, -0.0058674516610746]",0,True,False
1957,122.43820657759507,-0.0012611348872651822,-0.00577777784888857,0.0031249155438629545,False,-0.026998287462066346,0.2876852324987225,0.005128338796945342,-0.008576236608324742,0,cur|C_cap3_k0|X3|eq1,"[0.01554021702458279, -0.0026219327796140873, -0.0013409709406991654, -0.005456714736258047]",1,True,False
1651,103.29355087358684,-0.006071898140286893,-0.009278645386810606,-0.0028719480375602037,False,-0.019923242122968747,0.3646274984857662,0.0005190770262788236,-0.009077003688339249,0,cur|C_cap3_k1.5|X0|all,"[-0.0019808060750244588, -0.005487909995453781, -0.007947775304513007, -0.006305676475400876]",0,True,False
1512,94.59712230215827,-0.005739608504738873,-0.008968794651739767,-0.0025657092489417537,False,-0.01980328733265649,0.3630952380952381,0.0008651534000230307,-0.008663201529514365,0,cur|C_cap3_k1.5|X0|ge075,"[-0.002368927737677545, -0.0040973378332252505, -0.008178622240022138, -0.00582084054953549]",0,True,False
1176,73.57553956834532,-0.0037833593834854513,-0.007882111128521536,5.4670878285190056e-05,False,-0.019503655175184254,0.36139455782312924,0.002533307283181213,-0.0067986794976506474,0,cur|C_cap3_k1.5|X0|eq1,"[0.013697257133057375, 0.0008492879906712291, -0.010535918507102476, -0.004644126773586666]",2,True,False
1645,102.9181654676259,-0.007069690305638417,-0.01027831575126005,-0.003661706963280749,False,-0.034770329670329676,0.32462006079027356,-0.0004741279956080241,-0.010187101465303534,0,cur|C_cap3_k1.5|X1|all,"[-0.0038945995134563732, -0.005110215014894804, -0.008381815712761231, -0.008325090644002178]",0,True,False
1507,94.28430113052416,-0.006684526716539092,-0.010157751136317752,-0.0032307652524136243,False,-0.03445750733769593,0.31984074319840744,-7.57012354508366e-05,-0.0098991831753386,0,cur|C_cap3_k1.5|X1|ge075,"[-0.004395871442345426, -0.003774499846823159, -0.008829121759124755, -0.007523335939245974]",0,True,False
1172,73.32528263103802,-0.0053426101297741205,-0.009575439654454877,-0.001231429113627862,False,-0.03404650917057556,0.32593856655290104,0.0009770144436047176,-0.00870545596496057,0,cur|C_cap3_k1.5|X1|eq1,"[0.011431234530255012, -0.0001499141327591452, -0.011727800304901247, -0.0067896754443668534]",1,True,False
1645,102.9181654676259,-0.006606626678739967,-0.00993213269175514,-0.003108267285205582,False,-0.023923529411764684,0.31063829787234043,-1.1064368709572877e-05,-0.009812206185370643,0,cur|C_cap3_k1.5|X2|all,"[-0.00622912629113931, -0.005850966758463548, -0.007926492546428956, -0.006046995265702429]",0,True,False
1507,94.28430113052416,-0.006262190507343916,-0.009875535814011956,-0.002638652633154119,False,-0.024241945390688517,0.3039150630391506,0.000346634973744337,-0.009573831022510273,0,cur|C_cap3_k1.5|X2|ge075,"[-0.006897803468548978, -0.0044188911751309595, -0.00843645377039453, -0.005202734584547854]",0,True,False
1172,73.32528263103802,-0.00460105104118189,-0.008828017472474898,-0.00032861998067316577,False,-0.022387150833605735,0.3097269624573379,0.0017185735321969475,-0.008086428381690896,0,cur|C_cap3_k1.5|X2|eq1,"[0.010088577189105183, -0.0014348398087921585, -0.011384755396431476, -0.0037452588842641367]",1,True,False
1644,102.85560123329907,-0.003609155895047487,-0.008621984324404485,0.0016484767542656157,False,-0.024834138091242547,0.28832116788321166,0.0029868903336629725,-0.011239093914920463,0,cur|C_cap3_k1.5|X3|all,"[0.011891690747379065, -0.004365528480511322, -0.008132745147667595, -0.004974003779653603]",1,True,False
1506,94.22173689619733,-0.0036091373994655623,-0.008508583993025258,0.0017935462474243328,False,-0.02624002459130539,0.28087649402390436,0.003000225150335232,-0.01078161661149594,0,cur|C_cap3_k1.5|X3|ge075,"[0.00576927135378274, -0.0033061067936551443, -0.007565888481389794, -0.003625632003091779]",1,True,False
1171,73.26271839671121,-0.0010997801234552192,-0.006464296188014172,0.004746142420623779,False,-0.023650394759233966,0.28693424423569597,0.005220288194221977,-0.008311547783455935,0,cur|C_cap3_k1.5|X3|eq1,"[0.026840547511589718, 0.001715868063342044, -0.010032053595930922, -0.0014515813590682957]",2,True,False
3347,209.40249229188078,-0.00942201990752873,-0.011777781473430836,-0.007027666751137092,False,-0.03811874454403009,0.32895129967134745,-0.0026949508904985557,-0.012875773425408897,0,cur|N_k0|X0|all,"[-0.004876626433740267, -0.006640789789787761, -0.0068759840559630865, -0.015607158615782457]",0,True,False
3098,193.82399794450154,-0.008969986595482628,-0.011478161282630187,-0.00628158617646224,False,-0.0375063423704485,0.3302130406714009,-0.0022456483127195562,-0.01249241744003083,0,cur|N_k0|X0|ge075,"[-0.005644094090131741, -0.005373459236458371, -0.0066087324563569, -0.015238940088122644]",0,True,False
2424,151.655704008222,-0.008418458329469173,-0.01115910822743151,-0.005528097950284645,False,-0.03811396454265456,0.3296204620462046,-0.001985702553891617,-0.012032314170137386,0,cur|N_k0|X0|eq1,"[-0.00026391835328530984, -0.002605815096826828, -0.007953539429714662, -0.015315694617885348]",0,True,False
3320,207.71325796505653,-0.00946374427300109,-0.011959685053292812,-0.006932253289395817,False,-0.04600145106471901,0.30512048192771085,-0.0027296478874589236,-0.013019009148020932,0,cur|N_k0|X1|all,"[-0.005340762189727418, -0.004910349105063239, -0.006789114287003095, -0.016696727345084195]",0,True,False
3075,192.38502055498458,-0.008926687007725984,-0.011610289736261341,-0.006376227273470028,False,-0.04476384407443402,0.30634146341463414,-0.0021938414792706993,-0.01255381995611088,0,cur|N_k0|X1|ge075,"[-0.0054117181513904985, -0.0036325077579112144, -0.006612212352311231, -0.016398405601970995]",0,True,False
2404,150.4044193216855,-0.008767978567361754,-0.0118091488550553,-0.00572320360412613,False,-0.045626821221871956,0.29866888519134777,-0.002328211512453268,-0.012477785016747164,0,cur|N_k0|X1|eq1,"[0.0014668092843802573, -0.0014621093276263816, -0.008239257814361897, -0.017423102555782322]",1,True,False
3319,207.6506937307297,-0.009107793544152146,-0.011816808286289381,-0.0064121675304090065,False,-0.05215909925591478,0.2937631816812293,-0.0023760369909734784,-0.012709524609445601,0,cur|N_k0|X2|all,"[-0.006755645558104127, -0.00569996972332917, -0.006217606810187275, -0.015010002569817984]",0,True,False
3074,192.32245632065775,-0.008379868643974097,-0.01112899374775948,-0.005564963569173704,False,-0.04984142858100344,0.2963565387117762,-0.001649549841111377,-0.012055491495115528,0,cur|N_k0|X2|ge075,"[-0.006672573859129131, -0.004182006714029679, -0.005893978328239435, -0.01444921744005623]",0,True,False
2403,150.34185508735868,-0.00786188255172691,-0.011196700578628704,-0.00477571801678008,False,-0.051758259773013855,0.29463171036204744,-0.0014254697344152185,-0.011626788131428738,0,cur|N_k0|X2|eq1,"[0.0013069701863678825, -0.002168634845519459, -0.007566989458949102, -0.014903278151285834]",1,True,False
3293,206.02402363823228,-0.006425469691356745,-0.010163519197959993,-0.002690291060566329,False,-0.05296153309459832,0.26146371090191317,0.0003037134243432225,-0.015017030851611086,0,cur|N_k0|X3|all,"[0.0020857330603783943, -0.005474077954043515, -0.0051524167954835245, -0.012145846710880441]",1,True,False
3051,190.8834789311408,-0.00558565030160997,-0.009556387292637143,-0.0015655664272170402,False,-0.05137180284973957,0.26286463454605047,0.0011407344902615447,-0.013802463922952929,0,cur|N_k0|X3|ge075,"[-0.00025177813505829265, -0.003914493743948494, -0.004081845263774492, -0.01065274636362162]",0,True,False
2384,149.15313463514903,-0.004536245440894093,-0.008817549818208982,-0.00021458235386090068,False,-0.05239226057625818,0.26216442953020136,0.0018985280490387902,-0.012627151236899144,0,cur|N_k0|X3|eq1,"[0.012625177767447825, -0.002172967768062719, -0.005373789056411853, -0.011017159503117884]",1,True,False
2183,136.57772353545735,-0.00949874146835654,-0.01241998590768668,-0.006845925935683473,False,-0.03562505864346333,0.331653687585891,-0.002843313158690943,-0.012834526043813759,0,cur|N_k1.5|X0|all,"[-0.0021938881470535713, -0.008627939832841474, -0.007525367843208632, -0.014832611831625448]",0,True,False
2012,125.8792394655704,-0.009379015494142495,-0.012580067269721792,-0.006326898102587551,False,-0.03543385649303694,0.3305168986083499,-0.002714353466309494,-0.012702223830563852,0,cur|N_k1.5|X0|ge075,"[-0.004319441088197486, -0.007739215799158044, -0.007329156387408414, -0.014565911601810377]",0,True,False
1550,96.9745632065776,-0.008208761422405987,-0.011525440920465504,-0.004738154007481478,False,-0.034717441903144415,0.3329032258064516,-0.0018517936804705053,-0.011682716012808831,0,cur|N_k1.5|X0|eq1,"[0.00470998497875052, -0.004052158324786359, -0.010032854083556437, -0.013047085454556087]",1,True,False
2177,136.2023381294964,-0.009662204994356053,-0.012469882404678929,-0.006584524726172345,False,-0.04470599366735988,0.30592558566835093,-0.0030031328767630362,-0.013106396154060706,0,cur|N_k1.5|X1|all,"[-0.003312450202664545, -0.006943504543592032, -0.008456797598643649, -0.015086838991607872]",0,True,False
2007,125.56641829393628,-0.00956083566844587,-0.012678308033053542,-0.006529865090663598,False,-0.04452163176813729,0.30493273542600896,-0.0028929731871304753,-0.012983877905856443,0,cur|N_k1.5|X1|ge075,"[-0.005287242121874703, -0.006180816631326804, -0.008526250505327071, -0.014657308933601612]",0,True,False
1546,96.7243062692703,-0.008824174568003593,-0.012469716347593232,-0.005060171519795967,False,-0.044467216896987044,0.30206985769728334,-0.0024648602083658195,-0.01219831437807304,0,cur|N_k1.5|X1|eq1,"[0.004174278395969489, -0.0030478618540754113, -0.0111402081839184, -0.014261528632820075]",1,True,False
2176,136.13977389516958,-0.00880420717623287,-0.012074820014856913,-0.005541555530201097,False,-0.04920516717325223,0.3014705882352941,-0.00214809504387993,-0.012312059515056355,0,cur|N_k1.5|X2|all,"[-0.004025647689711811, -0.006693169646397298, -0.008160363719453877, -0.012706278994976977]",0,True,False
2006,125.50385405960945,-0.008553469408829225,-0.011676496887398156,-0.005175883404769119,False,-0.04726441830150638,0.3015952143569292,-0.0018888133769249381,-0.012042072787102533,0,cur|N_k1.5|X2|ge075,"[-0.005818337867661252, -0.005638951282838069, -0.008233286414651785, -0.01201420140919209]",0,True,False
1545,96.66174203494347,-0.00720400952147422,-0.01096823590643342,-0.0034612253766287495,False,-0.044625657296762385,0.3055016181229773,-0.0008490580651635407,-0.010660454070632434,0,cur|N_k1.5|X2|eq1,"[0.005565331703471047, -0.0023507900460599017, -0.010598775999101369, -0.01090755323047957]",1,True,False
2169,135.7018242548818,-0.0070810374961981755,-0.011464025608196813,-0.002221433283801062,False,-0.051860800036426284,0.2637159981558322,-0.000426496232943221,-0.015085952580793559,0,cur|N_k1.5|X3|all,"[0.00549200173952402, -0.00646110393845575, -0.009183728147571778, -0.011007255508372213]",1,True,False
1999,125.06590441932168,-0.0064671999357972165,-0.010897323636856065,-0.0019793749730175753,False,-0.049614500990084694,0.26263131565782893,0.00019578155494815236,-0.013897015553844597,0,cur|N_k1.5|X3|ge075,"[0.002549582783578248, -0.005206403330232765, -0.008550322135470962, -0.009266321408436947]",1,True,False
1538,96.2237923946557,-0.004343258139223571,-0.009437634981761417,0.0010084694394616317,False,-0.04911501210653751,0.2659297789336801,0.002008107270399313,-0.011320018744921613,0,cur|N_k1.5|X3|eq1,"[0.019188433175768314, -0.0008398883015326133, -0.01073159601761139, -0.007447218252444257]",1,True,False
3155,197.39015930113052,-0.009455932095980668,-0.012199745876178815,-0.006660953981921436,False,-0.05747997556255192,0.30142630744849447,-0.002467596121337247,-0.013193371263902614,0,strict|I|X0|all,"[-0.01125456908428778, -0.002356971285944681, -0.004014415582020196, -0.019110021027460032]",0,True,False
2914,182.3121788283659,-0.009033220839456381,-0.012093039941620854,-0.006115655300859306,False,-0.056360814822529554,0.3016472203157172,-0.0020102627063060714,-0.012735295743624878,0,strict|I|X0|ge075,"[-0.012436675191863302, -0.0017806222921154752, -0.003260861464374729, -0.018900165836955966]",0,True,False
2295,143.58491778006166,-0.007343717165571485,-0.010755409512339048,-0.004126673466252372,False,-0.0561320096671929,0.30501089324618735,-0.0005887716318024229,-0.011164261726281289,0,strict|I|X0|eq1,"[-0.006886306401779457, -0.0006436814597509756, -0.002991768162347383, -0.017834834860166682]",0,True,False
3119,195.13784686536485,-0.010085505087692178,-0.012878944913604355,-0.007029755221607496,False,-0.0633868556305654,0.27829432510420005,-0.003096277771244599,-0.01394375520085775,0,strict|I|X1|all,"[-0.009823835614707664, -0.0024396627983357486, -0.004108698857073961, -0.022055074385231112]",0,True,False
2879,180.12243062692704,-0.009734515494645839,-0.012864609629737199,-0.006694347668353762,False,-0.06243171035128053,0.27995831886071554,-0.0027075616912418787,-0.013667336183793665,0,strict|I|X1|ge075,"[-0.010860831407782191, -0.0016583680627672162, -0.0034710399809377893, -0.022375123446268706]",0,True,False
2269,141.95824768756424,-0.009090202705718281,-0.012552189791605311,-0.005566496866242033,False,-0.06205555555555558,0.28029969149405026,-0.0023384177784375433,-0.01312262086828291,0,strict|I|X1|eq1,"[-0.0049062998653212255, -0.002988271813237648, -0.003900386228886537, -0.022108361847257837]",0,True,False
3111,194.63733299075025,-0.009833200959417775,-0.012700192545242798,-0.006841287627017848,False,-0.07228947368421051,0.259080681452909,-0.0028432620330275495,-0.013733454289004453,0,strict|I|X2|all,"[-0.00908140926839189, -0.0022921304125613474, -0.0041608058303149635, -0.021737244780602683]",0,True,False
2872,179.68448098663924,-0.009421617137950117,-0.012519382598721452,-0.006378164489929685,False,-0.07100381150911739,0.25940111420612816,-0.0023944583635768573,-0.01339640066648126,0,strict|I|X2|ge075,"[-0.00996978878930197, -0.0015108560014887894, -0.0033967185576599386, -0.022037906000573433]",0,True,False
2262,141.52029804727647,-0.008573978441475087,-0.012009023003152467,-0.004983305675195495,False,-0.07082517921190137,0.259946949602122,-0.0018227848075228344,-0.012655370289496074,0,strict|I|X2|eq1,"[-0.0030365712021207607, -0.0028287227245854365, -0.0036087096187274, -0.021749132280004455]",0,True,False
3074,192.32245632065775,-0.008185299153336448,-0.012555641144320133,-0.0036193976783424515,False,-0.07322624669699065,0.22153545868575147,-0.0012076478846311817,-0.018643387817405023,0,strict|I|X3|all,"[0.003284210966971313, -0.006746948049678369, -0.0035394841199408965, -0.021308805166016395]",1,True,False
2838,177.55729701952723,-0.008368444929902016,-0.012771136673811705,-0.003745782711458942,False,-0.07156268437735902,0.22233967582804792,-0.001355160927083132,-0.018084934585163776,0,strict|I|X3|ge075,"[-0.0016006147058200172, -0.0047806273769742695, -0.0028134757523056546, -0.02169997961263653]",0,True,False
2239,140.0813206577595,-0.007169141313725322,-0.01224773061690589,-0.0018737374562967119,False,-0.07117866606288248,0.22554711924966503,-0.000428542832260386,-0.01696224329026866,0,strict|I|X3|eq1,"[0.013191247005714881, -0.00971161392740435, -0.004012002661859922, -0.01949911865231317]",1,True,False
1390,86.96428571428571,-0.005674845164238122,-0.009509301850892122,-0.001634995927983876,False,-0.034759945211775896,0.3431654676258993,0.0011768095120208693,-0.008889718770952165,0,strict|C_cap5_k0|X0|all,"[-0.017395109142710852, 0.0021232287526083463, -0.0011765325285699288, -0.00975606000909008]",1,True,False
1285,80.39504110996917,-0.005218700561270645,-0.009156568868549342,-0.0012743674966161102,False,-0.03507140674861713,0.34396887159533074,0.001642388932892778,-0.008484861194758175,0,strict|C_cap5_k0|X0|ge075,"[-0.01712388823130243, 0.002923320850971525, -0.0016840751355719982, -0.009134996085781562]",1,True,False
1004,62.814491264131554,-0.002666175397970981,-0.007366025459053856,0.002255188050265111,False,-0.030958321649943856,0.34960159362549803,0.0038905975103955513,-0.005969946764258881,0,strict|C_cap5_k0|X0|eq1,"[-0.008702343817189921, 0.006916298532084256, -0.001561272226358312, -0.00868648002520352]",1,True,False
1379,86.27607913669064,-0.004688389042758486,-0.008851965558519062,-0.00028999113687650863,False,-0.050307561313731305,0.31834662799129804,0.0021653455475243275,-0.008089568645893474,0,strict|C_cap5_k0|X1|all,"[-0.016468554369846566, 0.004261897282155528, 0.00021071939982470275, -0.009957115383921793]",2,True,False
1275,79.76939876670093,-0.004335937565005842,-0.008644096578346805,8.394916667302746e-05,False,-0.05033809523809519,0.3176470588235294,0.0025334741997000403,-0.00779349691037009,0,strict|C_cap5_k0|X1|ge075,"[-0.015677384454385445, 0.005414149272594119, -4.3882972783814084e-05, -0.01057311702065561]",1,True,False
995,62.251413155190136,-0.0032699773403288,-0.008100809469711956,0.0020193890121862636,False,-0.04683669467787111,0.3165829145728643,0.0032929372325355187,-0.006695544447396992,0,strict|C_cap5_k0|X1|eq1,"[-0.006691589252201325, 0.007570233335276787, -0.0017518450248619503, -0.011671442318605089]",1,True,False
1377,86.150950668037,-0.004556640619223476,-0.008885045577010815,-0.00021305903947574018,False,-0.05296153309459832,0.29484386347131447,0.002298116098278338,-0.008113291665569079,0,strict|C_cap5_k0|X2|all,"[-0.01666169262687626, 0.0028111696120343968, 0.0002669271826951666, -0.008419324051268714]",2,True,False
1273,79.64427029804727,-0.0037942705995577786,-0.00827288116457776,0.0010369543175310057,False,-0.05083804573804574,0.29615082482325217,0.0030762714271507833,-0.007408690723405933,0,strict|C_cap5_k0|X2|ge075,"[-0.01591622103024943, 0.003985293945846498, -5.240603240383579e-05, -0.007467119182711021]",1,True,False
993,62.126284686536486,-0.0022769485393076398,-0.0073213596368255736,0.0030930589769523095,False,-0.046025691699604736,0.29204431017119836,0.004286797684257313,-0.005893202615227009,0,strict|C_cap5_k0|X2|eq1,"[-0.004084318273731273, 0.005574790150382646, -0.001441697017339973, -0.008267361641129428]",1,True,False
1366,85.46274409044193,-0.00230351815765816,-0.008213091697747853,0.0038407788883874144,False,-0.053168307742497464,0.26500732064421667,0.004541137772063653,-0.012109433015235932,0,strict|C_cap5_k0|X3|all,"[-0.0017506272901019783, -0.0009364764488949374, 0.0002921658476013635, -0.006268705079403597]",1,True,False
1262,78.9560637204522,-0.0015985509705229944,-0.007910850829925589,0.004471383703574678,False,-0.05139630702174494,0.2670364500792393,0.005261195463708381,-0.01082382369907992,0,strict|C_cap5_k0|X3|ge075,"[-0.004796338380678686, 0.00035941406608255264, 0.0008930539471988403, -0.004171338030954194]",2,True,False
987,61.75089928057554,-0.001782099530377013,-0.008295900675748995,0.005410947788791189,False,-0.04709475065616798,0.2624113475177305,0.004777474937708091,-0.009964917519097146,0,strict|C_cap5_k0|X3|eq1,"[0.0012007967743920087, 0.0018949861597518628, -0.0009455605517595429, -0.006577190428739947]",2,True,False
872,54.55601233299075,-0.00627506364381472,-0.011031609698403371,-0.001501418311530523,False,-0.034623167865180944,0.3474770642201835,0.0004765418607724338,-0.009343648554675628,0,strict|C_cap5_k1.5|X0|all,"[-0.020364776999919898, 0.004701555414536528, -0.005438883689077008, -0.00789445283692883]",1,True,False
800,50.051387461459406,-0.006016213536863824,-0.011179639387079806,-0.000743024163738518,False,-0.03446675669886407,0.34625,0.0007825364631361762,-0.009036914983053444,0,strict|C_cap5_k1.5|X0|ge075,"[-0.019995726292153307, 0.004637509186378507, -0.006730728786664112, -0.006312079443457046]",1,True,False
612,38.289311408016445,-0.0025498145852194485,-0.008037975774128379,0.0032839979395125527,False,-0.028017781688148027,0.35294117647058826,0.003917178878832838,-0.005612600971773479,0,strict|C_cap5_k1.5|X0|eq1,"[-0.015527952944268487, 0.012636961742259771, -0.008202970115481758, -0.0016560968383006074]",1,True,False
870,54.4308838643371,-0.006986805455233473,-0.012117731126202484,-0.0016494357360514935,False,-0.04867920914426935,0.31724137931034485,-0.00023301235178519816,-0.010178885579062647,0,strict|C_cap5_k1.5|X1|all,"[-0.02010571390210487, 0.0036190274449522356, -0.005936229130880697, -0.00905340607284534]",1,True,False
799,49.98882322713258,-0.0069919794478145465,-0.012055202133331933,-0.0015163031911503218,False,-0.04769392199090695,0.31289111389236546,-0.00019285554293344565,-0.010132193332644276,0,strict|C_cap5_k1.5|X1|ge075,"[-0.019947099136190364, 0.004098045703242137, -0.0074828988216110864, -0.008434638083874613]",1,True,False
611,38.22674717368962,-0.004900108918683334,-0.010960251808454006,0.00137001011256091,False,-0.04471444201624831,0.3191489361702128,0.0015668305248518525,-0.008022088698666519,0,strict|C_cap5_k1.5|X1|eq1,"[-0.014175373069841679, 0.009869647507067893, -0.010837851049759506, -0.004696914232678479]",1,True,False
869,54.36831963001028,-0.00595814242267305,-0.011075109437387707,-0.000708513651716909,False,-0.05083804573804574,0.2945914844649022,0.0007959427326779264,-0.009436178297972454,0,strict|C_cap5_k1.5|X2|all,"[-0.018619415903352202, 0.003049140407839821, -0.005314005302029263, -0.006697475776017163]",1,True,False
798,49.92625899280576,-0.005765021692889451,-0.011376477637969977,6.430336950642727e-05,False,-0.04698345127745108,0.29197994987468673,0.0010344770539777153,-0.009200094779371107,0,strict|C_cap5_k1.5|X2|ge075,"[-0.018623397987788858, 0.003632370555144975, -0.006726470108132387, -0.0053738776410778765]",1,True,False
610,38.164182939362796,-0.003085073214129926,-0.009426372553464655,0.0031864967371199415,False,-0.03871161672592213,0.29180327868852457,0.0033818120317717125,-0.006560030696720629,0,strict|C_cap5_k1.5|X2|eq1,"[-0.009006683935608464, 0.008754876571429503, -0.009511417112801816, -0.001356105757256228]",1,True,False
866,54.180626927029806,-0.0012306737480861421,-0.009375112314951924,0.007510314265383593,False,-0.05054393807057797,0.26212471131639725,0.005515862048680597,-0.012497905829947786,0,strict|C_cap5_k1.5|X3|all,"[0.017201327573268362, 0.0032141354347002514, -0.007112836576052785, -0.007364009593678165]",2,True,False
795,49.73856628982528,-0.0016410258346347183,-0.0096278490826968,0.006931860346343101,False,-0.04687215189873418,0.2591194968553459,0.00515042070624578,-0.011722737244053533,0,strict|C_cap5_k1.5|X3|ge075,"[0.008476755071658671, 0.004223995655745816, -0.007344978145954992, -0.005088839469108344]",2,True,False
608,38.03905447070915,-0.0007572812847056578,-0.009556862727269749,0.008303839001879641,False,-0.03871161672592213,0.2582236842105263,0.005710646346873287,-0.009426360554122529,0,strict|C_cap5_k1.5|X3|eq1,"[0.012162031575577485, 0.010189483524865164, -0.009974398958821639, -0.00166773004567294]",2,True,False
1089,68.13245118191162,-0.006115998328640241,-0.010574384702948417,-0.0017493787902673587,False,-0.03445750733769593,0.3415977961432507,0.0005972248118556262,-0.009296780848259441,0,strict|C_cap3_k0|X0|all,"[-0.017768028623613024, -0.0012474496644486375, -0.0018076588951770965, -0.00858933548169843]",0,True,False
1004,62.814491264131554,-0.005171807116364188,-0.009636028288654128,-0.0006686487176862583,False,-0.033581647896930716,0.3436254980079681,0.0015419379035561292,-0.00834667694901864,0,strict|C_cap3_k0|X0|ge075,"[-0.017003211881492796, 0.0005518569071521973, -0.0022704337393553964, -0.007207426150886389]",1,True,False
782,48.92523124357657,-0.0015096466683947039,-0.0066587372683952015,0.0035768164042947956,False,-0.026630310372222882,0.3554987212276215,0.004910046426234451,-0.004860662273545955,0,strict|C_cap3_k0|X0|eq1,"[-0.0008082171372242505, 0.005106308126122596, -0.0015138044578560238, -0.0065632826090210195]",1,True,False
1080,67.5693730729702,-0.005652952570449658,-0.010266887937679513,-0.001045549801197142,False,-0.047498087529478844,0.31203703703703706,0.0010598252073281183,-0.009006658760362374,0,strict|C_cap3_k0|X1|all,"[-0.01843168846109915, 0.0021950657727557764, -0.001077159578349624, -0.00994676166867406]",1,True,False
995,62.251413155190136,-0.004669890219239683,-0.009562667250531029,0.0002884578046341552,False,-0.04687215189873418,0.31256281407035175,0.0020528233485995126,-0.008019868224070236,0,strict|C_cap3_k0|X1|ge075,"[-0.017315146557944187, 0.004501571070740442, -0.0013074644631207123, -0.009372510347760819]",1,True,False
774,48.42471736896197,-0.002886796002115631,-0.008295664862326088,0.0027918599850804116,False,-0.04490951392085852,0.3165374677002584,0.003539302189098839,-0.006397109469485402,0,strict|C_cap3_k0|X1|eq1,"[-0.0028648054658773226, 0.007622630472458383, -0.0026102290130651656, -0.010907386310068568]",1,True,False
1078,67.44424460431655,-0.005909790444512934,-0.010784068239748229,-0.001123287858684135,False,-0.05195502727396289,0.2829313543599258,0.0008040314478803847,-0.009401231468908786,0,strict|C_cap3_k0|X2|all,"[-0.019832277513985235, -3.231058616544614e-05, -0.0010186879029638006, -0.008598296250805205]",0,True,False
993,62.126284686536486,-0.004512722858768645,-0.00936749615696128,0.0006468499659770738,False,-0.04878934447201478,0.2849949647532729,0.0022111442107177566,-0.00799880678099156,0,strict|C_cap3_k0|X2|ge075,"[-0.01881393483125621, 0.002275513744240277, -0.0013139510152879524, -0.006456551667417734]",1,True,False
772,48.29958890030832,-0.0020580529288510437,-0.007910481033662108,0.003965464395792698,False,-0.039692390807587824,0.28756476683937826,0.004368760542651545,-0.005736205768583507,0,strict|C_cap3_k0|X2|eq1,"[-0.001251008668996322, 0.00505860215593292, -0.0019413284983797437, -0.0076343713984294995]",1,True,False
1074,67.19398766700925,-0.0014933532347737436,-0.008586227086193174,0.005757456412880673,False,-0.05201427231543248,0.260707635009311,0.005208322742879885,-0.011858384956477707,0,strict|C_cap3_k0|X3|all,"[0.001931629063585883, -0.0010477688998341774, 0.0005428933967977204, -0.005436423816431284]",2,True,False
989,61.87602774922919,-0.0006305408241221454,-0.007823615227072766,0.006293260200582083,False,-0.04884972832183337,0.26289180990899896,0.0060801770727433695,-0.01011383406716903,0,strict|C_cap3_k0|X3|ge075,"[-0.0038972827146553576, 0.0012101891740967448, 0.0012532754618435086, -0.0025600684191678354]",2,True,False
769,48.11189619732785,0.001035006680516143,-0.006915154768349346,0.009069942218092767,False,-0.04081435587102756,0.26397919375812745,0.007453862337213149,-0.008161549297442504,0,strict|C_cap3_k0|X3|eq1,"[0.011010924864758916, 0.0055916628200902065, 0.0010371645314855304, -0.005507235203750263]",3,True,True
614,38.414439876670095,-0.007010558375421287,-0.012680224559283639,-0.0012586877047680235,False,-0.03514703790632709,0.34039087947882735,-0.0003605583754212878,-0.009902021446243282,0,strict|C_cap3_k1.5|X0|all,"[-0.02036266726305583, 0.00038230991918102665, -0.007465589756740148, -0.005525477548425777]",1,True,False
562,35.16109969167523,-0.006518635756463004,-0.012657873713495426,-0.00042982700424497024,False,-0.034623167865180944,0.3398576512455516,0.00017122189478254655,-0.009675214913560168,0,strict|C_cap3_k1.5|X0|ge075,"[-0.022132366296926935, 0.0017760476068562976, -0.009475719967576176, -0.0019501908000986977]",1,True,False
431,26.965184994861254,-0.0022036683309457307,-0.008923619241232469,0.004625279658039813,False,-0.021766191338943912,0.35266821345707655,0.004147143734019466,-0.0050488185212092095,0,strict|C_cap3_k1.5|X0|eq1,"[-0.011246568877989622, 0.010535367568341093, -0.011148992008784105, 0.0022957205356150933]",2,False,False
613,38.351875642343266,-0.007933614995838521,-0.013628785160086644,-0.001880523377418107,False,-0.04726215712800897,0.3034257748776509,-0.0012810864477145432,-0.010966382429893111,0,strict|C_cap3_k1.5|X1|all,"[-0.019828497687483227, 0.0004618275288348033, -0.007064854285529805, -0.009224845745307887]",1,True,False
562,35.16109969167523,-0.0075188031012915,-0.014351592738591405,-0.0010325518272686859,False,-0.04672275962015979,0.298932384341637,-0.0008289454500459506,-0.01082527965003943,0,strict|C_cap3_k1.5|X1|ge075,"[-0.02190192359052059, 0.0026858273796799524, -0.009583448495340265, -0.006075269183954631]",1,True,False
431,26.965184994861254,-0.00530775740268764,-0.012628552038592217,0.001904689876339458,False,-0.043097445797445795,0.3062645011600928,0.001043054662277555,-0.008213844710274107,0,strict|C_cap3_k1.5|X1|eq1,"[-0.012552638559366305, 0.00968996831778394, -0.014017464785800253, -0.0033934526719514675]",1,False,False
613,38.351875642343266,-0.006955665548204914,-0.012930489161916834,-0.0005039528530430737,False,-0.04772295081967216,0.2805872756933116,-0.00030313700008093605,-0.010227587077025792,0,strict|C_cap3_k1.5|X2|all,"[-0.01959149214102046, -0.000909975939591205, -0.006170128657554997, -0.006170415178147751]",0,True,False
562,35.16109969167523,-0.0066184739585108555,-0.013669246689092184,0.00017605970508183184,False,-0.04659564958224774,0.27580071174377224,7.138369273469482e-05,-0.010186879027676515,0,strict|C_cap3_k1.5|X2|ge075,"[-0.021927924035126403, 0.0014361417282096915, -0.0088327934738499, -0.002871608677148464]",1,True,False
431,26.965184994861254,-0.0036613376155392725,-0.011246659570681751,0.0038533811453753527,False,-0.03563437500634937,0.27842227378190254,0.002689474449425923,-0.006873852933079838,0,strict|C_cap3_k1.5|X2|eq1,"[-0.008585381019799169, 0.00793835302864496, -0.012520564316723165, 0.0002857170258372821]",2,False,False
613,38.351875642343266,0.0004995833409647851,-0.009557536687098737,0.011496984170108849,False,-0.04866867469879515,0.25774877650897227,0.007150969964129547,-0.011349848437842031,0,strict|C_cap3_k1.5|X3|all,"[0.026558351132593458, 0.004713994464869878, -0.0081623723709056, -0.005310801876639859]",2,True,False
562,35.16109969167523,-0.00034632630753980796,-0.010579849176125877,0.009967365241295977,False,-0.04678172553161481,0.2526690391459075,0.006342285792104317,-0.011275918244660578,0,strict|C_cap3_k1.5|X3|ge075,"[0.010382956194651728, 0.00727979847659504, -0.009212818379569943, -0.0012600645932645538]",2,True,False
431,26.965184994861254,0.001670301771880532,-0.00948671187118471,0.013721916148925617,False,-0.03843342334894329,0.2529002320185615,0.008019489706915328,-0.007711950197174228,0,strict|C_cap3_k1.5|X3|eq1,"[0.02503027701480928, 0.01788560510402489, -0.01248503001811732, -0.00018659458269758]",2,False,False
1387,86.77659301130524,-0.007317698787229834,-0.011215495117469438,-0.0030940746214636852,False,-0.046273794358507765,0.32660418168709443,-0.0004781169559392812,-0.010811829931149413,0,strict|N_k0|X0|all,"[-0.00532290444599442, -0.00419291419363171, -0.0025942454934485075, -0.01502936179841034]",0,True,False
1280,80.08221993833504,-0.007240164325947039,-0.011570188595836218,-0.002985883469624841,False,-0.04561448422910081,0.325,-0.0003787580759470395,-0.010784321424840414,0,strict|N_k0|X0|ge075,"[-0.008089426322906929, -0.003245140806848797, -0.0035057867497701764, -0.013587984669007838]",0,True,False
992,62.06372045220966,-0.0059374611996214875,-0.010897162900217802,-0.000868259367623003,False,-0.04530475587886173,0.3245967741935484,0.0006312888003785104,-0.009548262892023048,0,strict|N_k0|X0|eq1,"[-0.003313639565250058, 0.0018867565769038717, -0.005504446919839526, -0.013185558916303958]",1,True,False
1379,86.27607913669064,-0.006763884452945696,-0.01135069024142574,-0.002375018314020374,False,-0.055008424908424954,0.3009427121102248,7.694223305865545e-05,-0.010515550817742482,0,strict|N_k0|X1|all,"[-0.004846340216579535, -0.0019637009576777423, -0.002096641101398253, -0.015532398452473666]",0,True,False
1275,79.76939876670093,-0.006497796528280254,-0.01100847656683663,-0.001962800588303823,False,-0.05474484737635681,0.30117647058823527,0.0003683211187785694,-0.010310896521112467,0,strict|N_k0|X1|ge075,"[-0.006688817768742892, -0.0010971359390349747, -0.002908709861878272, -0.014083967412195263]",0,True,False
988,61.81346351490237,-0.00583542880354244,-0.011160084616180444,-0.0005798002830751683,False,-0.05483696977392737,0.2965587044534413,0.0007364335446356959,-0.00974765394783489,0,strict|N_k0|X1|eq1,"[0.0008273391974023248, 0.002968952925119135, -0.005351498270839395, -0.01561159097195184]",2,True,False
1379,86.27607913669064,-0.0067326191830800065,-0.011427842303587595,-0.0022881902954503108,False,-0.06314889248552373,0.27991298042059465,0.00010769988871114619,-0.010583736409983426,0,strict|N_k0|X2|all,"[-0.006740534000641768, -0.004132066058755711, -0.0011832509619779555, -0.013855985945580775]",0,True,False
1275,79.76939876670093,-0.00642052677319934,-0.01118825567470715,-0.001936047814117698,False,-0.062010569105691034,0.2815686274509804,0.00044504185425164075,-0.010335747018762947,0,strict|N_k0|X2|ge075,"[-0.008487010330697245, -0.0028530880456166963, -0.0019239869386672552, -0.012581683997591322]",0,True,False
988,61.81346351490237,-0.005495460372453063,-0.010904012375961532,-0.00010161565500789393,False,-0.06322486903777227,0.28036437246963564,0.0010756934737007813,-0.009519495281047704,0,strict|N_k0|X2|eq1,"[0.0015395128105762815, 0.0009270647233883448, -0.00408495009825081, -0.014835961775363006]",2,True,False
1367,85.52530832476876,-0.002986973720273623,-0.009811645080834958,0.004421914301359067,False,-0.06372068965517241,0.24725676664228238,0.0038423605884315678,-0.014604498889607749,0,strict|N_k0|X3|all,"[0.007635329241335032, -0.0053953790493154585, 0.0007941273276016565, -0.010699394771685737]",2,True,False
1265,79.14375642343268,-0.003387910046457967,-0.010497336447098523,0.0036972003514979305,False,-0.06250185703525724,0.2482213438735178,0.0034643429179689084,-0.013857072221002548,0,strict|N_k0|X3|ge075,"[-0.0014484982904436618, -0.0032050705996560865, 0.0009195270538811317, -0.009106001240718194]",1,True,False
981,61.37551387461459,-0.0032020576819243762,-0.010631594577261368,0.004518482080090432,False,-0.06406807028730044,0.24770642201834864,0.003355434672815682,-0.012916063668150962,0,strict|N_k0|X3|eq1,"[0.005183381954992318, 0.00017851804126079953, -0.001288908269269535, -0.011425623361441033]",2,True,False
852,53.30472764645427,-0.0056555450615481916,-0.010796526310287281,-0.00036328817300180285,False,-0.0420666312136532,0.3333333333333333,0.0011024361591090858,-0.00928107219152339,0,strict|N_k1.5|X0|all,"[-0.004474921046566691, -0.0010186426192419307, -0.0030331095724437807, -0.01174164409108696]",0,True,False
779,48.73753854059609,-0.005649484681152541,-0.011014899986153265,1.0393497323895741e-05,False,-0.04039796578841131,0.33119383825417203,0.00114576563977172,-0.009284941968768369,0,strict|N_k1.5|X0|ge075,"[-0.008653909285275827, -0.0009021414922370975, -0.0026001983905566332, -0.010649053411486755]",0,True,False
593,37.10059095580678,-0.002519648723606452,-0.00876398155038618,0.004104145578629016,False,-0.03534781341107863,0.3406408094435076,0.003985747566444138,-0.00619028392552109,0,strict|N_k1.5|X0|eq1,"[-0.000831732731156269, 0.00861788836776906, -0.005884634384683598, -0.006875959685546915]",1,True,False
851,53.24216341212744,-0.005453361576077573,-0.01100501912450954,1.3106220717688087e-05,False,-0.0511926529354152,0.299647473560517,0.0013065679186345296,-0.009280768513007225,0,strict|N_k1.5|X1|all,"[-0.003589374217880817, 0.00025526488590139917, -0.003594066285914178, -0.011888052304233383]",1,True,False
779,48.73753854059609,-0.0052222268668812724,-0.010917335378079577,0.0006125656496797461,False,-0.04951027560879951,0.29781771501925547,0.001573023454042989,-0.009003416874920674,0,strict|N_k1.5|X1|ge075,"[-0.007537067198309978, 0.00013506902975887237, -0.0032790985476326023, -0.00987633183812966]",1,True,False
593,37.10059095580678,-0.0035241484703764482,-0.010099913791127298,0.0033300385869893144,False,-0.045539039039039046,0.29679595278246207,0.0029812478196741417,-0.007331443776216871,0,strict|N_k1.5|X1|eq1,"[0.0013848131767240667, 0.006890882334094649, -0.007045217109190527, -0.00858297610764165]",2,True,False
851,53.24216341212744,-0.004778333867606727,-0.010515242973806668,0.0009768981233748307,False,-0.0538483530961792,0.2890716803760282,0.001981595627105375,-0.00875277764110034,0,strict|N_k1.5|X2|all,"[-0.005353499190208795, -0.002094198145361622, -0.0017739213511653866, -0.009069767526164226]",0,True,False
779,48.73753854059609,-0.004496847815227451,-0.010320226296547157,0.0015535561119392543,False,-0.05296153309459832,0.2888318356867779,0.002298402505696811,-0.008427432878013239,0,strict|N_k1.5|X2|ge075,"[-0.009105223966497291, -0.0015732907771078075, -0.001286194641134928, -0.007449738689811113]",0,True,False
593,37.10059095580678,-0.002354396950819873,-0.009430883666350256,0.004655851546363586,False,-0.04695336494541592,0.2917369308600337,0.004150999339230718,-0.006313118410928109,0,strict|N_k1.5|X2|eq1,"[0.0034592171217672817, 0.004573926949307011, -0.004909301130158798, -0.006561562475547733]",2,True,False
849,53.11703494347379,-0.003208525864243921,-0.011729228311491497,0.005909215116981717,False,-0.055316350171501646,0.24852767962308597,0.0035417685998314604,-0.013998075878880481,0,strict|N_k1.5|X3|all,"[0.013403077181760231, -0.004195493827309443, -0.004815383808572245, -0.009562939378518452]",1,True,False
777,48.61241007194244,-0.0033122430838881767,-0.011347567314624241,0.00573286343250847,False,-0.0538483530961792,0.2471042471042471,0.0034725703009252057,-0.013170873869027426,0,strict|N_k1.5|X3|ge075,"[0.0038463210712517872, -0.0017958176697145645, -0.004151585694724567, -0.00745496618250048]",1,True,False
591,36.97546248715314,-0.0013721412533232891,-0.01065127152919517,0.007839588967416681,False,-0.050068356171922186,0.24873096446700507,0.0051185524861014145,-0.009985081352201245,0,strict|N_k1.5|X3|eq1,"[0.012076227091149451, 0.0059665703777417355, -0.007350317838387454, -0.004902640511718383]",2,True,False
