date,time,ticker,name,fill,offset,k,krx_open,day_low,day_high,prev_close,t_open,t_prevc,bp_vs_open,bp_vs_prevc,implied_open_cap,cap_below_krxopen,cap_below_daylow,cap_vs_daylow_bp,gap_bp,early
2026-04-24,10:10:57,027360,아주IB투자,17650.0,1067,0.5372,14590,14320,18960,14590,15657,15657,1272.9,1272.9,16583.0,0,0,1580.3,0.0,0
2026-04-24,10:10:57,001440,대한전선,43700.0,2640,0.4515,40850,40800,44800,40850,43490,43490,48.3,48.3,41060.0,0,0,63.7,0.0,0
2026-04-24,10:10:58,092220,KEC,1762.0,1666,0.4885,8315,8300,9720,8005,9981,9671,-8234.6,-8178.1,96.0,1,1,-9884.3,387.3,0
2026-04-24,10:10:59,005880,대한해운,2785.0,96,0.4982,2635,2630,2870,2635,2731,2731,197.7,197.7,2689.0,0,0,224.3,0.0,0
2026-04-24,10:41:20,027360,아주IB투자,18550.0,1067,0.5372,14590,14320,18960,14590,15657,15657,1847.7,1847.7,17483.0,0,0,2208.8,0.0,0
2026-04-24,10:50:07,006340,대원전선,9390.0,960,0.4485,8170,7790,9850,8140,9130,9100,284.8,318.7,8430.0,0,0,821.6,36.9,0
2026-04-24,11:38:55,006340,대원전선,9170.0,960,0.4485,8170,7790,9850,8140,9130,9100,43.8,76.9,8210.0,0,0,539.2,36.9,0
2026-04-24,12:34:36,209640,와이제이링크,7630.0,388,0.4906,6910,6510,7950,6390,7298,6778,454.9,1257.0,7242.0,0,0,1124.4,813.8,0
2026-04-24,12:39:07,005880,대한해운,2755.0,96,0.4982,2635,2630,2870,2635,2731,2731,87.9,87.9,2659.0,0,0,110.3,0.0,0
2026-04-24,13:46:34,001440,대한전선,42700.0,2640,0.4515,40850,40800,44800,40850,43490,43490,-181.7,-181.7,40060.0,1,1,-181.4,0.0,0
2026-04-27,10:56:33,090710,휴림로봇,14065.0,2155,0.6054,13430,12510,14220,13250,15585,15405,-975.3,-869.8,11910.0,1,1,-479.6,135.8,0
2026-04-28,11:11:00,001780,알루코,3100.0,119,0.5946,2800,2760,3445,2650,2919,2769,620.1,1195.4,2981.0,0,0,800.7,566.0,0
2026-04-29,13:17:48,027360,아주IB투자,17460.0,1223,0.5117,15040,14630,19130,18700,16263,19923,736.0,-1236.3,16237.0,0,0,1098.4,-1957.2,0
2026-04-29,14:00:04,147830,제룡산업,11230.0,1154,0.5383,10000,9800,12220,10060,11154,11214,68.1,14.3,10076.0,0,0,281.6,-59.6,0
2026-04-29,14:35:53,010170,대한광통신,15080.0,947,0.462,14500,14460,15660,15090,15447,16037,-237.6,-596.7,14133.0,1,1,-226.1,-391.0,0
2026-04-30,09:20:16,025860,남해화학,10070.0,248,0.6176,9590,9550,12270,9440,9838,9688,235.8,394.3,9822.0,0,0,284.8,158.9,0
2026-04-30,09:21:39,147830,제룡산업,11270.0,1688,0.537,11180,10960,13400,11180,12868,12868,-1241.8,-1241.8,9582.0,1,1,-1257.3,0.0,0
2026-05-04,09:05:27,025860,남해화학,12390.0,2111,0.5971,11760,11320,12820,11740,13871,13851,-1067.7,-1054.8,10279.0,1,1,-919.6,17.0,0
2026-05-04,09:05:42,199820,제일일렉트릭,19400.0,2935,0.5945,18730,18520,22300,17260,21665,20195,-1045.5,-393.7,16465.0,1,1,-1109.6,851.7,0
2026-05-04,09:07:54,010170,대한광통신,15840.0,802,0.4544,15490,15490,18200,15150,16292,15952,-277.4,-70.2,15038.0,1,1,-291.8,224.4,0
2026-05-06,09:07:44,037030,파워넷,8220.0,954,0.4536,7800,7660,9670,7440,8754,8394,-610.0,-207.3,7266.0,1,1,-514.4,483.9,0
2026-05-06,14:48:41,203650,드림시큐리티,3455.0,166,0.546,2915,2685,3755,2890,3081,3056,1213.9,1305.6,3289.0,0,0,2249.5,86.5,0
2026-05-07,09:19:46,000100,유한양행,88700.0,1183,0.396,88700,87800,89800,87800,89883,88983,-131.6,-31.8,87517.0,1,1,-32.2,102.5,0
2026-05-07,10:21:52,203650,드림시큐리티,4320.0,819,0.589,3750,3725,4675,3755,4569,4574,-545.0,-555.3,3501.0,1,1,-601.3,-13.3,0
2026-05-07,12:52:40,203650,드림시큐리티,4320.0,819,0.589,3750,3725,4675,3755,4569,4574,-545.0,-555.3,3501.0,1,1,-601.3,-13.3,0
2026-05-12,08:05:47,005930,삼성전자,294000.0,6067,0.5491,290000,266000,291500,285500,296067,291567,-69.8,83.4,287933.0,1,0,824.5,157.6,0
2026-05-12,10:01:24,000100,유한양행,85400.0,897,0.3451,84900,82400,86200,84600,85797,85497,-46.3,-11.3,84503.0,1,0,255.2,35.5,0
2026-05-13,13:12:42,005930,삼성전자,284250.0,19562,0.5901,264000,262000,285500,279000,283562,298562,24.3,-479.4,264688.0,0,0,102.6,-537.6,0
2026-05-15,14:33:45,066570,LG전자,237000.0,16390,0.5365,256000,233000,266500,217000,272390,233390,-1299.2,154.7,220610.0,1,1,-531.8,1797.2,0
2026-05-18,11:16:27,005930,삼성전자,286500.0,19435,0.4902,269500,262000,288500,270500,288935,289935,-84.3,-118.5,267065.0,1,0,193.3,-37.0,0
2026-05-18,12:40:41,034020,두산에너빌리티,113200.0,6782,0.4969,108100,103500,113600,110800,114882,117582,-146.4,-372.7,106418.0,1,0,281.9,-243.7,0
2026-05-20,08:15:05,042700,,310500.0,21498,0.5803,295000,283000,300500,288000,316498,309498,-189.5,32.4,289002.0,1,0,212.1,243.1,0
2026-05-20,11:14:16,042700,한미반도체,300000.0,21498,0.5803,295000,283000,300500,288000,316498,309498,-521.3,-306.9,278502.0,1,1,-158.9,243.1,0
2026-05-21,09:03:57,000250,삼천당제약,363500.0,23080,0.6576,356000,351000,374000,347000,379080,370080,-411.0,-177.8,340420.0,1,1,-301.4,259.4,0
2026-05-21,09:29:15,066570,LG전자,199000.0,10062,0.523,192300,191000,235000,181000,202362,191062,-166.1,415.5,188938.0,1,1,-108.0,624.3,0
2026-05-22,08:03:21,066570,LG전자,245500.0,28995,0.5069,241000,228000,247500,235000,269995,263995,-907.2,-700.6,216505.0,1,1,-504.2,255.3,0
2026-05-22,09:11:50,000250,삼천당제약,373000.0,20317,0.6795,362000,359000,383500,355000,382317,375317,-243.7,-61.7,352683.0,1,1,-176.0,197.2,0
2026-06-01,09:11:31,005930,삼성전자,326000.0,8990,0.5124,319500,319500,354500,317000,328490,325990,-75.8,0.3,317010.0,1,1,-77.9,78.9,0
2026-06-01,11:40:44,035420,NAVER,268500.0,23730,0.5001,251000,244500,304000,234000,274730,257730,-226.8,417.9,244770.0,1,0,11.0,726.5,0
2026-06-04,09:05:08,000250,삼천당제약,315500.0,12925,0.6629,293000,290500,325000,302000,305925,314925,313.0,18.3,302575.0,0,0,415.7,-298.0,0
2026-06-04,11:13:40,028260,삼성물산,527000.0,37384,0.509,502000,485000,565000,485500,539384,522884,-229.6,78.7,489616.0,1,0,95.2,339.9,0
2026-06-08,09:34:24,005930,삼성전자,305500.0,11818,0.5051,293000,292500,315500,329000,304818,340818,22.4,-1036.3,293682.0,0,0,40.4,-1094.2,0
2026-06-08,09:34:27,035420,NAVER,255000.0,15867,0.5677,239500,238500,294000,255500,255367,271367,-14.4,-603.1,239133.0,1,0,26.5,-626.2,0
2026-06-10,09:31:56,000250,삼천당제약,261000.0,18159,0.5945,240500,237000,270500,242500,258659,260659,90.5,13.1,242841.0,0,0,246.5,-82.5,0
2026-06-12,09:00:20,066570,LG전자,236500.0,13226,0.4963,236500,223000,247500,226000,249726,239226,-529.6,-114.0,223274.0,1,0,12.3,464.6,1
2026-06-15,09:00:30,005490,POSCO홀딩스,396500.0,12808,0.6159,396000,388000,398000,377000,408808,389808,-301.1,171.7,383692.0,1,1,-111.0,504.0,1
2026-06-15,09:01:23,016360,삼성증권,123100.0,2691,0.4705,123600,120900,127900,118800,126291,121491,-252.7,132.4,120409.0,1,1,-40.6,404.0,1
2026-06-16,09:00:16,034020,두산에너빌리티,104800.0,2532,0.5413,105100,101800,105500,99800,107632,102332,-263.1,241.2,102268.0,1,0,46.0,531.1,1
2026-06-16,09:02:15,064350,현대로템,225500.0,10506,0.5388,221000,218500,240000,213000,231506,223506,-259.4,89.2,214994.0,1,1,-160.5,375.6,0
2026-06-17,10:05:54,095610,테스,173600.0,10077,0.5618,166800,165000,177900,169200,176877,179277,-185.3,-316.7,163523.0,1,1,-89.5,-141.8,0
2026-06-17,14:03:23,196170,알테오젠,366500.0,12944,0.5106,365000,348500,378000,352500,377944,365444,-302.8,28.9,353556.0,1,0,145.1,354.6,0
2026-06-19,09:04:55,010120,LS ELECTRIC,268000.0,12600,0.4039,254000,244000,276500,242000,266600,254600,52.5,526.3,255400.0,0,0,467.2,495.9,0
2026-06-23,09:00:18,010120,LS ELECTRIC,249000.0,7988,0.439,251000,230500,266500,245000,258988,252988,-385.7,-157.6,241012.0,1,0,456.1,244.9,1
2026-06-23,09:00:31,105560,KB금융,159500.0,2805,0.6167,157400,151400,163800,157000,160205,159805,-44.0,-19.1,156695.0,1,0,349.7,25.5,1
2026-06-25,12:08:48,003490,대한항공,29350.0,1292,0.5682,28100,28050,29600,27350,29392,28642,-14.3,247.2,28058.0,1,0,2.9,274.2,0
2026-06-29,09:14:34,247540,에코프로비엠,142500.0,8742,0.4703,133000,132400,156500,133700,141742,142442,53.5,4.1,133758.0,0,0,102.6,-52.4,0
2026-07-01,09:00:25,247540,에코프로비엠,136400.0,7688,0.4888,134300,129500,142500,142500,141988,150188,-393.6,-918.0,128712.0,1,1,-60.8,-575.4,1
2026-07-02,10:20:58,033780,KT&G,171900.0,4803,0.596,169000,165300,175600,167100,173803,171903,-109.5,-0.2,167097.0,1,0,108.7,113.7,0
2026-07-02,10:37:16,267250,HD현대,216500.0,6418,0.4408,209000,195300,217500,210000,215418,216418,50.2,3.8,210082.0,0,0,756.9,-47.6,0
2026-07-08,09:18:30,066570,LG전자,197500.0,9863,0.5381,187400,186400,206000,189100,197263,198963,12.0,-73.5,187637.0,0,0,66.4,-89.9,0
2026-07-08,10:02:12,105560,KB금융,176300.0,6996,0.6407,176200,169200,176600,173200,183196,180196,-376.4,-216.2,169304.0,1,0,6.1,173.2,0
2026-07-09,09:46:16,247540,에코프로비엠,117700.0,5616,0.5469,113300,109400,117900,112600,118916,118216,-102.3,-43.6,112084.0,1,0,245.3,62.2,0
2026-07-10,09:00:51,105560,KB금융,176700.0,5569,0.6492,179900,175000,189900,171400,185469,176969,-472.8,-15.2,171131.0,1,1,-221.1,495.9,1
2026-07-10,10:36:09,010120,LS ELECTRIC,204500.0,9024,0.4788,197000,195400,206000,189400,206024,198424,-74.0,306.2,195476.0,1,0,3.9,401.3,0
2026-07-13,09:56:48,068270,셀트리온,179300.0,4583,0.5425,175300,173900,180800,175200,179883,179783,-32.4,-26.9,174717.0,1,0,47.0,5.7,0
2026-07-13,10:06:04,087010,펩트론,115700.0,7619,0.5281,109000,104000,122200,111600,116619,119219,-78.8,-295.2,108081.0,1,0,392.4,-233.0,0
2026-07-15,09:04:23,068270,셀트리온,178900.0,4628,0.5563,175100,175100,179300,172800,179728,177428,-46.1,83.0,174272.0,1,1,-47.3,133.1,0
2026-07-15,09:11:44,247540,에코프로비엠,122600.0,8487,0.5182,116100,116100,124000,112600,124587,121087,-159.5,125.0,114113.0,1,1,-171.1,310.8,0
2026-07-16,09:00:14,055550,신한지주,109300.0,2194,0.4563,108600,105000,112400,107300,110794,109494,-134.8,-17.7,107106.0,1,0,200.6,121.2,1
2026-07-16,09:02:19,000270,기아,145900.0,3689,0.5676,143400,142400,150500,145000,147089,148689,-80.8,-187.6,142211.0,1,1,-13.3,-110.3,0
2026-07-20,09:03:12,095610,테스,203000.0,18144,0.5452,189900,165500,203500,194300,208044,212444,-242.4,-444.5,184856.0,1,0,1169.5,-226.5,0
2026-07-20,09:09:52,073240,금호타이어,6080.0,343,0.5619,5710,5700,6220,5850,6053,6193,44.6,-182.5,5737.0,0,0,64.9,-239.3,0
2026-07-21,12:59:14,034020,두산에너빌리티,67200.0,2445,0.5879,64700,63000,67400,64800,67145,67245,8.2,-6.7,64755.0,0,0,278.6,-15.4,0
2026-07-21,15:40:00,000270,기아,144500.0,5343,0.5013,139500,137300,144900,140000,144843,145343,-23.7,-58.0,139157.0,1,0,135.3,-35.7,0
2026-07-22,09:00:32,316140,우리금융지주,31700.0,891,0.6538,31000,30550,31800,30500,31891,31391,-59.9,98.4,30809.0,1,0,84.8,163.9,1
2026-07-22,09:01:34,064350,현대로템,160100.0,5630,0.3974,155700,155700,160800,153100,161330,158730,-76.2,86.3,154470.0,1,1,-79.0,169.8,0
2026-07-23,09:00:18,058610,에스피지,88300.0,5653,0.604,90300,81200,90500,82600,95953,88253,-797.6,5.3,82647.0,1,0,178.2,932.2,1
2026-07-23,09:04:25,086520,에코프로,78900.0,2044,0.4142,77700,76900,84800,77100,79744,79144,-105.8,-30.8,76856.0,1,1,-5.7,77.8,0
2026-07-23,10:05:30,010140,삼성중공업,22350.0,581,0.5972,21650,21600,23650,21600,22231,22181,53.5,76.2,21769.0,0,0,78.2,23.1,0
2026-07-30,10:36:16,010140,삼성중공업,21250.0,1818,0.5687,18820,18820,21450,19400,20638,21218,296.5,15.1,19432.0,0,0,325.2,-299.0,0
2026-07-31,09:30:15,073240,금호타이어,6800.0,692,0.5924,6230,5980,7450,6080,6922,6772,-176.2,41.3,6108.0,1,0,214.0,246.7,0
2026-08-06,09:03:00,073240,금호타이어,7650.0,507,0.5583,7200,7120,8470,7380,7707,7887,-74.0,-300.5,7143.0,1,0,32.3,-243.9,0
2026-08-13,09:03:58,073240,금호타이어,7770.0,387,0.5525,7410,7400,8390,7420,7797,7807,-34.6,-47.4,7383.0,1,1,-23.0,-13.5,0
2026-08-18,14:21:51,257720,실리콘투,45200.0,2571,0.5735,43000,40950,47150,42850,45571,45421,-81.4,-48.7,42629.0,1,0,410.0,35.0,0
2026-08-18,15:03:27,007660,이수페타시스,102200.0,5809,0.5022,97500,95500,107600,95600,103309,101409,-107.3,78.0,96391.0,1,0,93.3,198.7,0
2026-08-19,09:29:49,108490,로보티즈,291500.0,20818,0.4928,273500,265500,295500,279000,294318,299818,-95.7,-277.4,270682.0,1,0,195.2,-197.1,0
2026-08-19,10:37:57,222800,심텍,115300.0,7607,0.6293,103900,101800,118800,110900,111507,118507,340.2,-270.6,107693.0,0,0,578.9,-631.2,0
2026-08-19,10:38:32,007660,이수페타시스,108900.0,8351,0.531,99900,97600,110800,102900,108251,111251,60.0,-211.3,100549.0,0,0,302.2,-291.5,0
2026-08-20,09:00:06,068270,셀트리온,201500.0,3772,0.5093,199100,194000,202000,194100,202872,197872,-67.6,183.4,197728.0,1,0,192.2,257.6,1
2026-08-20,09:22:24,016360,삼성증권,89700.0,2642,0.5351,86700,86400,93900,85000,89342,87642,40.1,234.8,87058.0,0,0,76.2,200.0,0
2026-08-20,15:40:00,028260,삼성물산,375000.0,11139,0.5713,357000,349000,377500,347000,368139,358139,186.4,470.8,363861.0,0,0,425.8,288.2,0
2026-08-21,09:00:31,034020,두산에너빌리티,77100.0,1202,0.5787,77900,72500,77900,75900,79102,77102,-253.1,-0.3,75898.0,1,0,468.7,263.5,1
2026-08-21,09:49:18,086790,하나금융지주,126900.0,3901,0.5663,124500,123000,129800,123400,128401,127301,-116.9,-31.5,122999.0,1,1,-0.1,89.1,0
2026-08-21,10:31:32,017670,SK텔레콤,100500.0,3428,0.5862,94900,94800,103800,96600,98328,100028,220.9,47.2,97072.0,0,0,239.7,-176.0,0
2026-08-24,09:00:21,035420,NAVER,232000.0,9942,0.6953,231000,221000,235000,222000,240942,231942,-371.1,2.5,222058.0,1,0,47.9,405.4,1
2026-08-24,09:07:22,096770,SK이노베이션,129600.0,4351,0.5314,124800,124700,134500,124800,129151,129151,34.8,34.8,125249.0,0,0,44.0,0.0,0
2026-08-24,15:40:00,373220,LG에너지솔루션,361500.0,10064,0.5339,347000,344500,363500,343500,357064,353564,124.2,224.5,351436.0,0,0,201.3,101.9,0
2026-08-25,09:23:02,055550,신한지주,105700.0,1840,0.5901,104100,102800,107800,103300,105940,105140,-22.7,53.3,103860.0,1,0,103.1,77.4,0
2026-08-25,09:27:00,086790,하나금융지주,130600.0,2020,0.5181,128600,128000,132700,128700,130620,130720,-1.5,-9.2,128580.0,1,0,45.3,-7.8,0
2026-08-25,15:40:00,034020,두산에너빌리티,80700.0,1197,0.5418,74700,72600,81600,73000,75897,74197,632.8,876.5,79503.0,0,0,950.8,232.9,0
2026-08-26,09:01:06,007660,이수페타시스,108500.0,7789,0.6243,107100,106000,111900,106900,114889,114689,-556.1,-539.6,100711.0,1,1,-499.0,18.7,1
2026-08-26,09:06:00,015760,한국전력,34150.0,1641,0.7019,33400,33050,36400,32700,35041,34341,-254.3,-55.6,32509.0,1,1,-163.7,214.1,0
2026-08-26,15:40:22,028260,삼성물산,387500.0,9491,0.5216,372000,367000,390000,367000,381491,376491,157.5,292.4,378009.0,0,0,300.0,136.2,0
2026-08-27,09:00:27,017670,SK텔레콤,103200.0,2667,0.5702,101800,97000,103600,99600,104467,102267,-121.3,91.2,100533.0,1,0,364.2,220.9,1
2026-08-27,09:00:31,222800,심텍,119800.0,6552,0.638,121800,116800,128950,112700,128352,119252,-666.3,46.0,113248.0,1,1,-304.1,807.5,1
2026-08-27,10:03:23,086790,하나금융지주,134100.0,1790,0.5103,134900,131500,136200,133200,136690,134990,-189.5,-65.9,132310.0,1,0,61.6,127.6,0
2026-08-28,09:04:37,035420,NAVER,228500.0,10589,0.7084,220000,218500,229000,216500,230589,227089,-90.6,62.1,217911.0,1,1,-27.0,161.7,0
2026-08-28,09:15:51,257720,실리콘투,51100.0,2263,0.6004,49200,49150,53700,49150,51463,51413,-70.5,-60.9,48837.0,1,1,-63.7,10.2,0
2026-08-31,09:09:45,003670,포스코퓨처엠,191100.0,5154,0.4558,184700,183200,201000,186300,189854,191454,65.6,-18.5,185946.0,0,0,149.9,-85.9,0
2026-09-01,09:00:36,047810,한국항공우주,138300.0,5050,0.4857,134100,125500,139800,131000,139150,136050,-61.1,165.4,133250.0,1,0,617.5,236.6,1
2026-09-01,09:03:14,010950,S-Oil,155300.0,3322,0.568,150400,150300,160000,150100,153722,153422,102.7,122.4,151978.0,0,0,111.6,20.0,0
2026-09-01,09:06:36,096770,SK이노베이션,134400.0,7436,0.5347,126900,125800,138500,125500,134336,132936,4.8,110.1,126964.0,0,0,92.5,111.6,0
2026-09-02,09:00:44,108490,로보티즈,247000.0,12416,0.5306,245500,243000,257500,254000,257916,266416,-423.2,-728.8,234584.0,1,1,-346.3,-334.6,1
2026-09-02,09:01:17,055550,신한지주,110800.0,2930,0.5636,110500,110000,113900,111100,113430,114030,-231.9,-283.3,107870.0,1,1,-193.6,-54.0,1
2026-09-03,09:05:03,105560,KB금융,174000.0,4846,0.5918,171600,169400,180700,169100,176446,173946,-138.6,3.1,169154.0,1,1,-14.5,147.8,0
2026-09-03,09:11:23,086790,하나금융지주,137700.0,2899,0.531,136100,133800,141100,134900,138999,137799,-93.5,-7.2,134801.0,1,0,74.8,89.0,0
