date,time,ticker,name,fill,qty,k,prev_range,offset,krx_open,prev_close,t_open,t_prevc,bp_vs_open,bp_vs_prevc,implied_open_cap,cap_minus_krxopen_bp,cap_minus_prevc_bp,viol_open,viol_prevc,gap_bp,stub
2026-04-24,10:10:57,027360,아주IB투자,17650.0,14,0.5372,1530,1067,14590,14590,15657,15657,1272.9,1272.9,16583.0,1366.0,1366.0,0,0,0.0,0
2026-04-24,10:10:57,001440,대한전선,43700.0,1,0.4515,4500,2640,40850,40850,43490,43490,48.3,48.3,41060.0,51.4,51.4,0,0,0.0,0
2026-04-24,10:10:58,092220,KEC,1762.0,16,0.4885,2625,1666,8315,8005,9981,9671,-8234.6,-8178.1,96.0,-9884.5,-9880.1,1,1,387.3,0
2026-04-24,10:10:59,005880,대한해운,2785.0,1,0.4982,150,96,2635,2635,2731,2731,197.7,197.7,2689.0,204.9,204.9,0,0,0.0,0
2026-04-24,10:41:20,027360,아주IB투자,18550.0,13,0.5372,1530,1067,14590,14590,15657,15657,1847.7,1847.7,17483.0,1982.9,1982.9,0,0,0.0,0
2026-04-24,10:50:07,006340,대원전선,9390.0,8,0.4485,1650,960,8170,8140,9130,9100,284.8,318.7,8430.0,318.2,356.3,0,0,36.9,0
2026-04-24,11:38:55,006340,대원전선,9170.0,8,0.4485,1650,960,8170,8140,9130,9100,43.8,76.9,8210.0,49.0,86.0,0,0,36.9,0
2026-04-24,12:34:36,209640,와이제이링크,7630.0,21,0.4906,610,388,6910,6390,7298,6778,454.9,1257.0,7242.0,480.5,1333.3,0,0,813.8,0
2026-04-24,12:39:07,005880,대한해운,2755.0,45,0.4982,150,96,2635,2635,2731,2731,87.9,87.9,2659.0,91.1,91.1,0,0,0.0,0
2026-04-24,13:46:34,001440,대한전선,42700.0,3,0.4515,4500,2640,40850,40850,43490,43490,-181.7,-181.7,40060.0,-193.4,-193.4,1,1,0.0,0
2026-04-27,10:56:33,090710,휴림로봇,14065.0,3,0.6054,2740,2155,13430,13250,15585,15405,-975.3,-869.8,11910.0,-1131.8,-1011.3,1,1,135.8,0
2026-04-28,11:11:00,001780,알루코,3100.0,33,0.5946,155,119,2800,2650,2919,2769,620.1,1195.4,2981.0,646.4,1249.1,0,0,566.0,0
2026-04-29,13:17:48,027360,아주IB투자,17460.0,14,0.5117,1840,1223,15040,18700,16263,19923,736.0,-1236.3,16237.0,795.9,-1317.1,0,1,-1957.2,0
2026-04-29,14:00:04,147830,제룡산업,11230.0,22,0.5383,1650,1154,10000,10060,11154,11214,68.1,14.3,10076.0,76.0,15.9,0,0,-59.6,0
2026-04-29,14:35:53,010170,대한광통신,15080.0,14,0.462,1580,947,14500,15090,15447,16037,-237.6,-596.7,14133.0,-253.1,-634.2,1,1,-391.0,0
2026-04-30,09:20:16,025860,남해화학,10070.0,22,0.6176,310,248,9590,9440,9838,9688,235.8,394.3,9822.0,241.9,404.7,0,0,158.9,0
2026-04-30,09:21:39,147830,제룡산업,11270.0,20,0.537,2420,1688,11180,11180,12868,12868,-1241.8,-1241.8,9582.0,-1429.3,-1429.3,1,1,0.0,0
2026-05-04,09:05:27,025860,남해화학,12390.0,17,0.5971,2720,2111,11760,11740,13871,13851,-1067.7,-1054.8,10279.0,-1259.4,-1244.5,1,1,17.0,0
2026-05-04,09:05:42,199820,제일일렉트릭,19400.0,11,0.5945,3800,2935,18730,17260,21665,20195,-1045.5,-393.7,16465.0,-1209.3,-460.6,1,1,851.7,0
2026-05-04,09:07:54,010170,대한광통신,15840.0,13,0.4544,1360,802,15490,15150,16292,15952,-277.4,-70.2,15038.0,-291.8,-73.9,1,1,224.4,0
2026-05-06,09:07:44,037030,파워넷,8220.0,19,0.4536,1620,954,7800,7440,8754,8394,-610.0,-207.3,7266.0,-684.6,-233.9,1,1,483.9,0
2026-05-06,14:48:41,203650,드림시큐리티,3455.0,48,0.546,235,166,2915,2890,3081,3056,1213.9,1305.6,3289.0,1283.0,1380.6,0,0,86.5,0
2026-05-07,09:19:46,000100,유한양행,88700.0,1,0.396,2300,1183,88700,87800,89883,88983,-131.6,-31.8,87517.0,-133.4,-32.2,1,1,102.5,0
2026-05-07,10:21:52,203650,드림시큐리티,4320.0,38,0.589,1070,819,3750,3755,4569,4574,-545.0,-555.3,3501.0,-664.0,-676.4,1,1,-13.3,0
2026-05-07,12:52:40,203650,드림시큐리티,4320.0,38,0.589,1070,819,3750,3755,4569,4574,-545.0,-555.3,3501.0,-664.0,-676.4,1,1,-13.3,0
2026-05-12,08:05:47,005930,삼성전자,294000.0,1,0.5491,8500,6067,290000,285500,296067,291567,-69.8,83.4,287933.0,-71.3,85.2,1,0,157.6,0
2026-05-12,10:01:24,000100,유한양행,85400.0,1,0.3451,2000,897,84900,84600,85797,85497,-46.3,-11.3,84503.0,-46.8,-11.5,1,1,35.5,0
2026-05-13,13:12:42,005930,삼성전자,284250.0,1,0.5901,25500,19562,264000,279000,283562,298562,24.3,-479.4,264688.0,26.1,-513.0,0,1,-537.6,0
2026-05-15,14:33:45,066570,LG전자,237000.0,1,0.5365,23500,16390,256000,217000,272390,233390,-1299.2,154.7,220610.0,-1382.4,166.4,1,0,1797.2,0
2026-05-18,11:16:27,005930,삼성전자,286500.0,1,0.4902,30500,19435,269500,270500,288935,289935,-84.3,-118.5,267065.0,-90.4,-127.0,1,1,-37.0,0
2026-05-18,12:40:41,034020,두산에너빌리티,113200.0,1,0.4969,10500,6782,108100,110800,114882,117582,-146.4,-372.7,106418.0,-155.6,-395.5,1,1,-243.7,0
2026-05-20,08:15:05,042700,,310500.0,1,0.5803,28500,21498,295000,288000,316498,309498,-189.5,32.4,289002.0,-203.3,34.8,1,0,243.1,0
2026-05-20,11:14:16,042700,한미반도체,300000.0,1,0.5803,28500,21498,295000,288000,316498,309498,-521.3,-306.9,278502.0,-559.3,-329.8,1,1,243.1,0
2026-05-21,09:03:57,000250,삼천당제약,363500.0,1,0.6576,27000,23080,356000,347000,379080,370080,-411.0,-177.8,340420.0,-437.6,-189.6,1,1,259.4,0
2026-05-21,09:29:15,066570,LG전자,199000.0,1,0.523,14800,10062,192300,181000,202362,191062,-166.1,415.5,188938.0,-174.8,438.6,1,0,624.3,0
2026-05-22,08:03:21,066570,LG전자,245500.0,1,0.5069,44000,28995,241000,235000,269995,263995,-907.2,-700.6,216505.0,-1016.4,-787.0,1,1,255.3,0
2026-05-22,09:11:50,000250,삼천당제약,373000.0,1,0.6795,23000,20317,362000,355000,382317,375317,-243.7,-61.7,352683.0,-257.4,-65.3,1,1,197.2,0
2026-06-01,09:11:31,005930,삼성전자,326000.0,1,0.5124,13500,8990,319500,317000,328490,325990,-75.8,0.3,317010.0,-77.9,0.3,1,0,78.9,0
2026-06-01,11:40:44,035420,NAVER,268500.0,1,0.5001,36500,23730,251000,234000,274730,257730,-226.8,417.9,244770.0,-248.2,460.3,1,0,726.5,0
2026-06-04,09:05:08,000250,삼천당제약,315500.0,1,0.6629,15000,12925,293000,302000,305925,314925,313.0,18.3,302575.0,326.8,19.0,0,0,-298.0,0
2026-06-04,11:13:40,028260,삼성물산,527000.0,1,0.509,56500,37384,502000,485500,539384,522884,-229.6,78.7,489616.0,-246.7,84.8,1,0,339.9,0
2026-06-08,09:34:24,005930,삼성전자,305500.0,1,0.5051,18000,11818,293000,329000,304818,340818,22.4,-1036.3,293682.0,23.3,-1073.5,0,1,-1094.2,0
2026-06-08,09:34:27,035420,NAVER,255000.0,1,0.5677,21500,15867,239500,255500,255367,271367,-14.4,-603.1,239133.0,-15.3,-640.6,1,1,-626.2,0
2026-06-10,09:31:56,000250,삼천당제약,261000.0,1,0.5945,23500,18159,240500,242500,258659,260659,90.5,13.1,242841.0,97.3,14.1,0,0,-82.5,0
2026-06-12,09:00:20,066570,LG전자,236500.0,1,0.4963,20500,13226,236500,226000,249726,239226,-529.6,-114.0,223274.0,-559.2,-120.6,1,1,464.6,0
2026-06-15,09:00:30,005490,POSCO홀딩스,396500.0,1,0.6159,16000,12808,396000,377000,408808,389808,-301.1,171.7,383692.0,-310.8,177.5,1,0,504.0,0
2026-06-15,09:01:23,016360,삼성증권,123100.0,1,0.4705,4400,2691,123600,118800,126291,121491,-252.7,132.4,120409.0,-258.2,135.4,1,0,404.0,0
2026-06-16,09:00:16,034020,두산에너빌리티,104800.0,2,0.5413,3600,2532,105100,99800,107632,102332,-263.1,241.2,102268.0,-269.5,247.3,1,0,531.1,0
2026-06-16,09:02:15,064350,현대로템,225500.0,1,0.5388,15000,10506,221000,213000,231506,223506,-259.4,89.2,214994.0,-271.8,93.6,1,0,375.6,0
2026-06-17,10:05:54,095610,테스,173600.0,1,0.5618,13800,10077,166800,169200,176877,179277,-185.3,-316.7,163523.0,-196.5,-335.5,1,1,-141.8,0
2026-06-17,14:03:23,196170,알테오젠,366500.0,1,0.5106,19500,12944,365000,352500,377944,365444,-302.8,28.9,353556.0,-313.5,30.0,1,0,354.6,0
2026-06-19,09:04:55,010120,LS ELECTRIC,268000.0,1,0.4039,24000,12600,254000,242000,266600,254600,52.5,526.3,255400.0,55.1,553.7,0,0,495.9,0
2026-06-23,09:00:18,010120,LS ELECTRIC,249000.0,1,0.439,14000,7988,251000,245000,258988,252988,-385.7,-157.6,241012.0,-397.9,-162.8,1,1,244.9,0
2026-06-23,09:00:31,105560,KB금융,159500.0,1,0.6167,3500,2805,157400,157000,160205,159805,-44.0,-19.1,156695.0,-44.8,-19.4,1,1,25.5,0
2026-06-25,12:08:48,003490,대한항공,29350.0,7,0.5682,1750,1292,28100,27350,29392,28642,-14.3,247.2,28058.0,-14.9,258.9,1,0,274.2,0
2026-06-29,09:14:34,247540,에코프로비엠,142500.0,1,0.4703,14300,8742,133000,133700,141742,142442,53.5,4.1,133758.0,57.0,4.3,0,0,-52.4,0
2026-07-01,09:00:25,247540,에코프로비엠,136400.0,1,0.4888,12100,7688,134300,142500,141988,150188,-393.6,-918.0,128712.0,-416.1,-967.6,1,1,-575.4,0
2026-07-02,10:20:58,033780,KT&G,171900.0,1,0.596,6200,4803,169000,167100,173803,171903,-109.5,-0.2,167097.0,-112.6,-0.2,1,1,113.7,0
2026-07-02,10:37:16,267250,HD현대,216500.0,1,0.4408,11200,6418,209000,210000,215418,216418,50.2,3.8,210082.0,51.8,3.9,0,0,-47.6,0
2026-07-08,09:18:30,066570,LG전자,197500.0,1,0.5381,14100,9863,187400,189100,197263,198963,12.0,-73.5,187637.0,12.6,-77.4,0,1,-89.9,0
2026-07-08,10:02:12,105560,KB금융,176300.0,1,0.6407,8400,6996,176200,173200,183196,180196,-376.4,-216.2,169304.0,-391.4,-224.9,1,1,173.2,0
2026-07-09,09:46:16,247540,에코프로비엠,117700.0,1,0.5469,7900,5616,113300,112600,118916,118216,-102.3,-43.6,112084.0,-107.3,-45.8,1,1,62.2,0
2026-07-10,09:00:51,105560,KB금융,176700.0,1,0.6492,6600,5569,179900,171400,185469,176969,-472.8,-15.2,171131.0,-487.4,-15.7,1,1,495.9,0
2026-07-10,10:36:09,010120,LS ELECTRIC,204500.0,1,0.4788,14500,9024,197000,189400,206024,198424,-74.0,306.2,195476.0,-77.4,320.8,1,0,401.3,0
2026-07-13,09:56:48,068270,셀트리온,179300.0,1,0.5425,6500,4583,175300,175200,179883,179783,-32.4,-26.9,174717.0,-33.3,-27.6,1,1,5.7,0
2026-07-13,10:06:04,087010,펩트론,115700.0,1,0.5281,11100,7619,109000,111600,116619,119219,-78.8,-295.2,108081.0,-84.3,-315.3,1,1,-233.0,0
2026-07-15,09:04:23,068270,셀트리온,178900.0,1,0.5563,6400,4628,175100,172800,179728,177428,-46.1,83.0,174272.0,-47.3,85.2,1,0,133.1,0
2026-07-15,09:11:44,247540,에코프로비엠,122600.0,1,0.5182,12600,8487,116100,112600,124587,121087,-159.5,125.0,114113.0,-171.1,134.4,1,0,310.8,0
2026-07-16,09:00:14,055550,신한지주,109300.0,1,0.4563,3700,2194,108600,107300,110794,109494,-134.8,-17.7,107106.0,-137.6,-18.1,1,1,121.2,0
2026-07-16,09:02:19,000270,기아,145900.0,1,0.5676,5000,3689,143400,145000,147089,148689,-80.8,-187.6,142211.0,-82.9,-192.3,1,1,-110.3,0
2026-07-20,09:03:12,095610,테스,203000.0,1,0.5452,25600,18144,189900,194300,208044,212444,-242.4,-444.5,184856.0,-265.6,-486.1,1,1,-226.5,0
2026-07-20,09:09:52,073240,금호타이어,6080.0,13,0.5619,470,343,5710,5850,6053,6193,44.6,-182.5,5737.0,47.3,-193.2,0,1,-239.3,0
2026-07-21,12:59:14,034020,두산에너빌리티,67200.0,1,0.5879,3200,2445,64700,64800,67145,67245,8.2,-6.7,64755.0,8.5,-6.9,0,1,-15.4,0
2026-07-21,15:40:00,000270,기아,144500.0,1,0.5013,8200,5343,139500,140000,144843,145343,-23.7,-58.0,139157.0,-24.6,-60.2,1,1,-35.7,0
2026-07-22,09:00:32,316140,우리금융지주,31700.0,2,0.6538,1050,891,31000,30500,31891,31391,-59.9,98.4,30809.0,-61.6,101.3,1,0,163.9,0
2026-07-22,09:01:34,064350,현대로템,160100.0,1,0.3974,10900,5630,155700,153100,161330,158730,-76.2,86.3,154470.0,-79.0,89.5,1,0,169.8,0
2026-07-23,09:00:18,058610,에스피지,88300.0,1,0.604,7200,5653,90300,82600,95953,88253,-797.6,5.3,82647.0,-847.5,5.7,1,0,932.2,0
2026-07-23,09:04:25,086520,에코프로,78900.0,1,0.4142,3800,2044,77700,77100,79744,79144,-105.8,-30.8,76856.0,-108.6,-31.6,1,1,77.8,0
2026-07-23,10:05:30,010140,삼성중공업,22350.0,1,0.5972,750,581,21650,21600,22231,22181,53.5,76.2,21769.0,55.0,78.2,0,0,23.1,0
2026-07-30,10:36:16,010140,삼성중공업,21250.0,1,0.5687,2460,1818,18820,19400,20638,21218,296.5,15.1,19432.0,325.2,16.5,0,0,-299.0,0
2026-07-31,09:30:15,073240,금호타이어,6800.0,1,0.5924,900,692,6230,6080,6922,6772,-176.2,41.3,6108.0,-195.8,46.1,1,0,246.7,0
2026-08-06,09:03:00,073240,금호타이어,7650.0,1,0.5583,700,507,7200,7380,7707,7887,-74.0,-300.5,7143.0,-79.2,-321.1,1,1,-243.9,0
2026-08-13,09:03:58,073240,금호타이어,7770.0,1,0.5525,540,387,7410,7420,7797,7807,-34.6,-47.4,7383.0,-36.4,-49.9,1,1,-13.5,0
2026-08-18,14:21:51,257720,실리콘투,45200.0,3,0.5735,3450,2571,43000,42850,45571,45421,-81.4,-48.7,42629.0,-86.3,-51.6,1,1,35.0,0
2026-08-18,15:03:27,007660,이수페타시스,102200.0,1,0.5022,8900,5809,97500,95600,103309,101409,-107.3,78.0,96391.0,-113.7,82.7,1,0,198.7,0
2026-08-19,09:29:49,108490,로보티즈,291500.0,1,0.4928,32500,20818,273500,279000,294318,299818,-95.7,-277.4,270682.0,-103.0,-298.1,1,1,-197.1,0
2026-08-19,10:37:57,222800,심텍,115300.0,1,0.6293,9300,7607,103900,110900,111507,118507,340.2,-270.6,107693.0,365.1,-289.2,0,1,-631.2,0
2026-08-19,10:38:32,007660,이수페타시스,108900.0,1,0.531,12100,8351,99900,102900,108251,111251,60.0,-211.3,100549.0,65.0,-228.5,0,1,-291.5,0
2026-08-20,09:00:06,068270,셀트리온,201500.0,1,0.5093,5700,3772,199100,194100,202872,197872,-67.6,183.4,197728.0,-68.9,186.9,1,0,257.6,0
2026-08-20,09:22:24,016360,삼성증권,89700.0,1,0.5351,3800,2642,86700,85000,89342,87642,40.1,234.8,87058.0,41.3,242.1,0,0,200.0,0
2026-08-20,15:40:00,028260,삼성물산,375000.0,1,0.5713,15000,11139,357000,347000,368139,358139,186.4,470.8,363861.0,192.2,485.9,0,0,288.2,0
2026-08-21,09:00:31,034020,두산에너빌리티,77100.0,1,0.5787,1600,1202,77900,75900,79102,77102,-253.1,-0.3,75898.0,-257.0,-0.3,1,1,263.5,0
2026-08-21,09:49:18,086790,하나금융지주,126900.0,1,0.5663,5300,3901,124500,123400,128401,127301,-116.9,-31.5,122999.0,-120.6,-32.5,1,1,89.1,0
2026-08-21,10:31:32,017670,SK텔레콤,100500.0,1,0.5862,4500,3428,94900,96600,98328,100028,220.9,47.2,97072.0,228.9,48.9,0,0,-176.0,0
2026-08-24,09:00:21,035420,NAVER,232000.0,1,0.6953,11000,9942,231000,222000,240942,231942,-371.1,2.5,222058.0,-387.1,2.6,1,0,405.4,0
2026-08-24,09:07:22,096770,SK이노베이션,129600.0,1,0.5314,6300,4351,124800,124800,129151,129151,34.8,34.8,125249.0,36.0,36.0,0,0,0.0,0
2026-08-24,15:40:00,373220,LG에너지솔루션,361500.0,1,0.5339,14500,10064,347000,343500,357064,353564,124.2,224.5,351436.0,127.8,231.0,0,0,101.9,0
2026-08-25,09:23:02,055550,신한지주,105700.0,1,0.5901,2400,1840,104100,103300,105940,105140,-22.7,53.3,103860.0,-23.1,54.2,1,0,77.4,0
2026-08-25,09:27:00,086790,하나금융지주,130600.0,1,0.5181,3000,2020,128600,128700,130620,130720,-1.5,-9.2,128580.0,-1.6,-9.3,1,1,-7.8,0
2026-08-25,15:40:00,034020,두산에너빌리티,80700.0,1,0.5418,1700,1197,74700,73000,75897,74197,632.8,876.5,79503.0,643.0,890.8,0,0,232.9,0
2026-08-26,09:01:06,007660,이수페타시스,108500.0,1,0.6243,9600,7789,107100,106900,114889,114689,-556.1,-539.6,100711.0,-596.5,-579.0,1,1,18.7,0
2026-08-26,09:06:00,015760,한국전력,34150.0,3,0.7019,1800,1641,33400,32700,35041,34341,-254.3,-55.6,32509.0,-266.8,-58.4,1,1,214.1,0
2026-08-26,15:40:22,028260,삼성물산,387500.0,1,0.5216,14000,9491,372000,367000,381491,376491,157.5,292.4,378009.0,161.5,300.0,0,0,136.2,0
2026-08-27,09:00:27,017670,SK텔레콤,103200.0,1,0.5702,3600,2667,101800,99600,104467,102267,-121.3,91.2,100533.0,-124.5,93.7,1,0,220.9,0
2026-08-27,09:00:31,222800,심텍,119800.0,1,0.638,7900,6552,121800,112700,128352,119252,-666.3,46.0,113248.0,-702.1,48.6,1,0,807.5,0
2026-08-27,10:03:23,086790,하나금융지주,134100.0,1,0.5103,2700,1790,134900,133200,136690,134990,-189.5,-65.9,132310.0,-192.0,-66.8,1,1,127.6,0
2026-08-28,09:04:37,035420,NAVER,228500.0,1,0.7084,11500,10589,220000,216500,230589,227089,-90.6,62.1,217911.0,-95.0,65.2,1,0,161.7,0
2026-08-28,09:15:51,257720,실리콘투,51100.0,2,0.6004,2900,2263,49200,49150,51463,51413,-70.5,-60.9,48837.0,-73.8,-63.7,1,1,10.2,0
2026-08-31,09:09:45,003670,포스코퓨처엠,191100.0,1,0.4558,8700,5154,184700,186300,189854,191454,65.6,-18.5,185946.0,67.5,-19.0,0,1,-85.9,0
2026-09-01,09:00:36,047810,한국항공우주,138300.0,1,0.4857,8000,5050,134100,131000,139150,136050,-61.1,165.4,133250.0,-63.4,171.8,1,0,236.6,0
2026-09-01,09:03:14,010950,S-Oil,155300.0,1,0.568,4500,3322,150400,150100,153722,153422,102.7,122.4,151978.0,104.9,125.1,0,0,20.0,0
2026-09-01,09:06:36,096770,SK이노베이션,134400.0,1,0.5347,10700,7436,126900,125500,134336,132936,4.8,110.1,126964.0,5.0,116.7,0,0,111.6,0
2026-09-02,09:00:44,108490,로보티즈,247000.0,1,0.5306,18000,12416,245500,254000,257916,266416,-423.2,-728.8,234584.0,-444.6,-764.4,1,1,-334.6,0
2026-09-02,09:01:17,055550,신한지주,110800.0,1,0.5636,4000,2930,110500,111100,113430,114030,-231.9,-283.3,107870.0,-238.0,-290.7,1,1,-54.0,0
2026-09-03,09:05:03,105560,KB금융,174000.0,1,0.5918,6300,4846,171600,169100,176446,173946,-138.6,3.1,169154.0,-142.5,3.2,1,0,147.8,0
2026-09-03,09:11:23,086790,하나금융지주,137700.0,1,0.531,4200,2899,136100,134900,138999,137799,-93.5,-7.2,134801.0,-95.4,-7.3,1,1,89.0,0
2026-09-04,09:00:29,000270,기아,131200.0,1,0.4716,4600,2819,127400,127400,130219,130219,75.3,75.3,128381.0,77.0,77.0,0,0,0.0,1
2026-09-04,09:03:21,078930,GS,125100.0,1,0.5213,7500,5081,118900,118900,123981,123981,90.3,90.3,120019.0,94.1,94.1,0,0,0.0,1
