date,time,ticker,name,fill,qty,err,krx_open,prev_close,prev_range,k,offset,t_open,t_prevc,bp_vs_open,bp_vs_prevc,gap_bp,fill_vs_krxopen_bp,day_low,day_high,day_close,fill_below_open
2026-04-24,10:10:57,027360,아주IB투자,17650.0,14,,14590,14590,1530,0.5112,782,15372,15372,1481.9,1481.9,0.0,2097.3,14320,18960,18720,0
2026-04-24,10:10:57,001440,대한전선,43700.0,1,,40850,40850,4500,0.4339,1952,42802,42802,209.8,209.8,0.0,697.7,40800,44800,42850,0
2026-04-24,10:10:58,092220,KEC,1762.0,16,,8315,8005,2625,0.5346,1403,9718,9408,-8186.9,-8127.1,387.3,-7880.9,8300,9720,9355,1
2026-04-24,10:10:59,005880,대한해운,2785.0,1,,2635,2635,150,0.4952,74,2709,2709,280.5,280.5,0.0,569.3,2630,2870,2765,0
2026-04-24,10:41:20,027360,아주IB투자,18550.0,13,,14590,14590,1530,0.5112,782,15372,15372,2067.4,2067.4,0.0,2714.2,14320,18960,18720,0
2026-04-24,10:50:07,006340,대원전선,9390.0,8,,8170,8140,1650,0.4663,769,8939,8909,504.5,539.9,36.9,1493.3,7790,9850,9020,0
2026-04-24,11:38:55,006340,대원전선,9170.0,8,,8170,8140,1650,0.4663,769,8939,8909,258.4,293.0,36.9,1224.0,7790,9850,9020,0
2026-04-24,12:34:36,209640,와이제이링크,7630.0,21,,6910,6390,610,0.4664,284,7194,6674,606.1,1432.4,813.8,1042.0,6510,7950,7520,0
2026-04-24,12:39:07,005880,대한해운,2755.0,45,,2635,2635,150,0.4952,74,2709,2709,169.8,169.8,0.0,455.4,2630,2870,2765,0
2026-04-24,13:46:34,001440,대한전선,42700.0,3,,40850,40850,4500,0.4339,1952,42802,42802,-23.8,-23.8,0.0,452.9,40800,44800,42850,0
2026-04-27,10:56:33,090710,휴림로봇,14065.0,3,,13430,13250,2740,0.5771,1581,15011,14831,-630.2,-516.5,135.8,472.8,12510,14220,13120,0
2026-04-27,11:36:42,001510,SK증권,4530.0,3,no_k,,,,,,,,,,,,,,,
2026-04-28,11:11:00,001780,알루코,3100.0,33,,2800,2650,155,0.5632,87,2887,2737,737.8,1326.3,566.0,1071.4,2760,3445,3445,0
2026-04-29,13:17:48,027360,아주IB투자,17460.0,14,,15040,18700,1840,0.5223,961,16001,19661,911.8,-1119.5,-1957.2,1609.0,14630,19130,16580,0
2026-04-29,14:00:04,147830,제룡산업,11230.0,22,,10000,10060,1650,0.5078,837,10837,10897,362.6,305.6,-59.6,1230.0,9800,12220,11180,0
2026-04-29,14:35:53,010170,대한광통신,15080.0,14,,14500,15090,1580,0.4847,765,15265,15855,-121.2,-488.8,-391.0,400.0,14460,15660,15070,0
2026-04-30,09:20:16,025860,남해화학,10070.0,22,,9590,9440,310,0.5934,183,9773,9623,303.9,464.5,158.9,500.5,9550,12270,11740,0
2026-04-30,09:21:39,147830,제룡산업,11270.0,20,,11180,11180,2420,0.4942,1196,12376,12376,-893.7,-893.7,0.0,80.5,10960,13400,11690,0
2026-05-04,09:05:27,025860,남해화학,12390.0,17,,11760,11740,2720,0.6097,1658,13418,13398,-766.1,-752.4,17.0,535.7,11320,12820,11610,0
2026-05-04,09:05:42,199820,제일일렉트릭,19400.0,11,,18730,17260,3800,0.5031,1911,20641,19171,-601.2,119.5,851.7,357.7,18520,22300,20700,0
2026-05-04,09:07:54,010170,대한광통신,15840.0,13,,15490,15150,1360,0.4826,656,16146,15806,-189.5,21.5,224.4,226.0,15490,18200,17700,0
2026-05-06,09:07:40,0162Z0,RISE 삼성전자SK하이닉스채권혼합50,12375.0,13,no_daily,,,,,,,,,,,,,,,
2026-05-06,09:07:44,037030,파워넷,8220.0,19,,7800,7440,1620,0.5316,861,8661,8301,-509.2,-97.6,483.9,538.5,7660,9670,9670,0
2026-05-06,14:48:41,203650,드림시큐리티,3455.0,48,,2915,2890,235,0.521,122,3037,3012,1376.4,1470.8,86.5,1852.5,2685,3755,3755,0
2026-05-07,09:16:37,0001A0,덕양에너젠,20750.0,8,no_daily,,,,,,,,,,,,,,,
2026-05-07,09:19:46,000100,유한양행,88700.0,1,,88700,87800,2300,0.4516,1038,89738,88838,-115.7,-15.5,102.5,0.0,87800,89800,88000,0
2026-05-07,10:21:52,203650,드림시큐리티,4320.0,38,,3750,3755,1070,0.5504,588,4338,4343,-41.5,-53.0,-13.3,1520.0,3725,4675,4130,0
2026-05-07,12:52:40,203650,드림시큐리티,4320.0,38,,3750,3755,1070,0.5504,588,4338,4343,-41.5,-53.0,-13.3,1520.0,3725,4675,4130,0
2026-05-12,08:05:47,005930,삼성전자,294000.0,1,,290000,285500,8500,0.5282,4489,294489,289989,-16.6,138.3,157.6,137.9,266000,291500,279000,0
2026-05-12,10:01:24,000100,유한양행,85400.0,1,,84900,84600,2000,0.4216,843,85743,85443,-40.0,-5.0,35.5,58.9,82400,86200,84900,0
2026-05-13,13:12:42,005930,삼성전자,284250.0,1,,264000,279000,25500,0.5464,13933,277933,292933,227.3,-296.4,-537.6,767.0,262000,285500,284000,0
2026-05-15,14:33:45,066570,LG전자,237000.0,1,,256000,217000,23500,0.5642,13259,269259,230259,-1198.1,292.8,1797.2,-742.2,233000,266500,240500,1
2026-05-18,11:16:27,005930,삼성전자,286500.0,1,,269500,270500,30500,0.5226,15940,285440,286440,37.1,2.1,-37.0,630.8,262000,288500,281000,0
2026-05-18,12:40:41,034020,두산에너빌리티,113200.0,1,,108100,110800,10500,0.4827,5068,113168,115868,2.8,-230.3,-243.7,471.8,103500,113600,112100,0
2026-05-20,08:15:05,042700,,310500.0,1,,295000,288000,28500,0.5902,16820,311820,304820,-42.3,186.3,243.1,525.4,283000,300500,287500,0
2026-05-20,11:14:16,042700,한미반도체,300000.0,1,,295000,288000,28500,0.5902,16820,311820,304820,-379.1,-158.1,243.1,169.5,283000,300500,287500,0
2026-05-21,09:03:57,000250,삼천당제약,363500.0,1,,356000,347000,27000,0.5719,15440,371440,362440,-213.8,29.2,259.4,210.7,351000,374000,355000,0
2026-05-21,09:29:15,066570,LG전자,199000.0,1,,192300,181000,14800,0.5066,7497,199797,188497,-39.9,557.2,624.3,348.4,191000,235000,235000,0
2026-05-22,08:03:21,066570,LG전자,245500.0,1,,241000,235000,44000,0.5031,22134,263134,257134,-670.2,-452.4,255.3,186.7,228000,247500,237000,0
2026-05-22,09:11:50,000250,삼천당제약,373000.0,1,,362000,355000,23000,0.6025,13856,375856,368856,-76.0,112.3,197.2,303.9,359000,383500,372000,0
2026-06-01,09:11:31,005930,삼성전자,326000.0,1,,319500,317000,13500,0.4715,6364,325864,323364,4.2,81.5,78.9,203.4,319500,354500,349000,0
2026-06-01,11:40:44,035420,NAVER,268500.0,1,,251000,234000,36500,0.4838,17658,268658,251658,-5.9,669.2,726.5,697.2,244500,304000,271500,0
2026-06-04,09:05:08,000250,삼천당제약,315500.0,1,,293000,302000,15000,0.6555,9831,302831,311831,418.4,117.7,-298.0,767.9,290500,325000,309500,0
2026-06-04,11:13:40,028260,삼성물산,527000.0,1,,502000,485500,56500,0.5114,28892,530892,514392,-73.3,245.1,339.9,498.0,485000,565000,535000,0
2026-06-08,09:34:24,005930,삼성전자,305500.0,1,,293000,329000,18000,0.5232,9417,302417,338417,101.9,-972.7,-1094.2,426.6,292500,315500,295500,0
2026-06-08,09:34:27,035420,NAVER,255000.0,1,,239500,255500,21500,0.5319,11434,250934,266934,162.0,-447.1,-626.2,647.2,238500,294000,279000,0
2026-06-10,09:31:56,000250,삼천당제약,261000.0,1,,240500,242500,23500,0.6455,15170,255670,257670,208.5,129.2,-82.5,852.4,237000,270500,258500,0
2026-06-12,09:00:20,066570,LG전자,236500.0,1,,236500,226000,20500,0.5022,10295,246795,236295,-417.1,8.7,464.6,0.0,223000,247500,225500,0
2026-06-15,09:00:30,005490,POSCO홀딩스,396500.0,1,,396000,377000,16000,0.6118,9788,405788,386788,-228.9,251.1,504.0,12.6,388000,398000,395000,0
2026-06-15,09:01:23,016360,삼성증권,123100.0,1,,123600,118800,4400,0.4908,2159,125759,120959,-211.4,177.0,404.0,-40.5,120900,127900,122500,1
2026-06-16,09:00:16,034020,두산에너빌리티,104800.0,2,,105100,99800,3600,0.4984,1794,106894,101594,-195.9,315.6,531.1,-28.5,101800,105500,103300,1
2026-06-16,09:02:15,064350,현대로템,225500.0,1,,221000,213000,15000,0.5632,8447,229447,221447,-172.0,183.0,375.6,203.6,218500,240000,226500,0
2026-06-17,10:05:54,095610,테스,173600.0,1,,166800,169200,13800,0.6205,8562,175362,177762,-100.5,-234.1,-141.8,407.7,165000,177900,169400,0
2026-06-17,14:03:23,196170,알테오젠,366500.0,1,,365000,352500,19500,0.5134,10012,375012,362512,-227.0,110.0,354.6,41.1,348500,378000,373000,0
2026-06-19,09:04:55,010120,LS ELECTRIC,268000.0,1,,254000,242000,24000,0.4732,11356,265356,253356,99.6,578.0,495.9,551.2,244000,276500,259000,0
2026-06-23,09:00:18,010120,LS ELECTRIC,249000.0,1,,251000,245000,14000,0.4858,6800,257800,251800,-341.3,-111.2,244.9,-79.7,230500,266500,232500,1
2026-06-23,09:00:31,105560,KB금융,159500.0,1,,157400,157000,3500,0.5628,1969,159369,158969,8.2,33.4,25.5,133.4,151400,163800,153700,0
2026-06-25,12:08:48,003490,대한항공,29350.0,7,,28100,27350,1750,0.595,1041,29141,28391,71.7,337.8,274.2,444.8,28050,29600,29100,0
2026-06-29,09:14:34,247540,에코프로비엠,142500.0,1,,133000,133700,14300,0.5258,7518,140518,141218,141.0,90.8,-52.4,714.3,132400,156500,154500,0
2026-07-01,09:00:25,247540,에코프로비엠,136400.0,1,,134300,142500,12100,0.481,5820,140120,148320,-265.5,-803.7,-575.4,156.4,129500,142500,132700,0
2026-07-02,10:20:58,033780,KT&G,171900.0,1,,169000,167100,6200,0.5744,3561,172561,170661,-38.3,72.6,113.7,171.6,165300,175600,173000,0
2026-07-02,10:37:16,267250,HD현대,216500.0,1,,209000,210000,11200,0.5194,5817,214817,215817,78.3,31.6,-47.6,358.9,195300,217500,207500,0
2026-07-08,09:18:30,066570,LG전자,197500.0,1,,187400,189100,14100,0.5376,7580,194980,196680,129.2,41.7,-89.9,539.0,186400,206000,195800,0
2026-07-08,10:02:12,105560,KB금융,176300.0,1,,176200,173200,8400,0.6167,5180,181380,178380,-280.1,-116.6,173.2,5.7,169200,176600,171000,0
2026-07-09,09:46:16,247540,에코프로비엠,117700.0,1,,113300,112600,7900,0.5306,4191,117491,116791,17.8,77.8,62.2,388.3,109400,117900,111500,0
2026-07-10,09:00:51,105560,KB금융,176700.0,1,,179900,171400,6600,0.6317,4169,184069,175569,-400.3,64.4,495.9,-177.9,175000,189900,184400,1
2026-07-10,10:36:09,010120,LS ELECTRIC,204500.0,1,,197000,189400,14500,0.4394,6371,203371,195771,55.5,445.9,401.3,380.7,195400,206000,202500,0
2026-07-13,09:56:48,068270,셀트리온,179300.0,1,,175300,175200,6500,0.6089,3958,179258,179158,2.3,7.9,5.7,228.2,173900,180800,175100,0
2026-07-13,10:06:04,087010,펩트론,115700.0,1,,109000,111600,11100,0.5671,6294,115294,117894,35.2,-186.1,-233.0,614.7,104000,122200,108200,0
2026-07-15,09:04:23,068270,셀트리온,178900.0,1,,175100,172800,6400,0.6341,4058,179158,176858,-14.4,115.5,133.1,217.0,175100,179300,175700,0
2026-07-15,09:11:44,247540,에코프로비엠,122600.0,1,,116100,112600,12600,0.4994,6292,122392,118892,17.0,311.9,310.8,559.9,116100,124000,120900,0
2026-07-16,09:00:14,055550,신한지주,109300.0,1,,108600,107300,3700,0.4932,1824,110424,109124,-101.8,16.1,121.2,64.5,105000,112400,107900,0
2026-07-16,09:02:19,000270,기아,145900.0,1,,143400,145000,5000,0.5046,2523,145923,147523,-1.6,-110.0,-110.3,174.3,142400,150500,149700,0
2026-07-20,09:03:12,095610,테스,203000.0,1,,189900,194300,25600,0.5266,13481,203381,207781,-18.7,-230.1,-226.5,689.8,165500,203500,170800,0
2026-07-20,09:09:52,073240,금호타이어,6080.0,13,,5710,5850,470,0.4907,230,5940,6080,235.7,0.0,-239.3,648.0,5700,6220,6100,0
2026-07-21,12:59:14,034020,두산에너빌리티,67200.0,1,,64700,64800,3200,0.5479,1753,66453,66553,112.4,97.2,-15.4,386.4,63000,67400,66800,0
2026-07-21,15:40:00,000270,기아,144500.0,1,,139500,140000,8200,0.4842,3970,143470,143970,71.8,36.8,-35.7,358.4,137300,144900,144600,0
2026-07-22,09:00:32,316140,우리금융지주,31700.0,2,,31000,30500,1050,0.5799,608,31608,31108,29.1,190.3,163.9,225.8,30550,31800,30650,0
2026-07-22,09:01:34,064350,현대로템,160100.0,1,,155700,153100,10900,0.4042,4405,160105,157505,-0.3,164.8,169.8,282.6,155700,160800,155800,0
2026-07-23,09:00:18,058610,에스피지,88300.0,1,,90300,82600,7200,0.5546,3993,94293,86593,-635.6,197.1,932.2,-221.5,81200,90500,83700,1
2026-07-23,09:04:25,086520,에코프로,78900.0,1,,77700,77100,3800,0.3962,1505,79205,78605,-38.5,37.5,77.8,154.4,76900,84800,84300,0
2026-07-23,10:05:30,010140,삼성중공업,22350.0,1,,21650,21600,750,0.5363,402,22052,22002,135.1,158.2,23.1,323.3,21600,23650,23650,0
2026-07-30,10:36:16,010140,삼성중공업,21250.0,1,,18820,19400,2460,0.5681,1397,20217,20797,511.0,217.8,-299.0,1291.2,18820,21450,20550,0
2026-07-31,09:30:15,073240,금호타이어,6800.0,1,,6230,6080,900,0.5699,512,6742,6592,86.0,315.5,246.7,914.9,5980,7450,7290,0
2026-08-06,09:03:00,073240,금호타이어,7650.0,1,,7200,7380,700,0.5532,387,7587,7767,83.0,-150.6,-243.9,625.0,7120,8470,7940,0
2026-08-13,09:03:58,073240,금호타이어,7770.0,1,,7410,7420,540,0.5554,299,7709,7719,79.1,66.1,-13.5,485.8,7400,8390,8140,0
2026-08-18,14:21:51,257720,실리콘투,45200.0,3,,43000,42850,3450,0.5909,2038,45038,44888,36.0,69.5,35.0,511.6,40950,47150,44500,0
2026-08-18,15:03:27,007660,이수페타시스,102200.0,1,,97500,95600,8900,0.5398,4804,102304,100404,-10.2,178.9,198.7,482.1,95500,107600,102900,0
2026-08-19,09:29:49,108490,로보티즈,291500.0,1,,273500,279000,32500,0.4784,15546,289046,294546,84.9,-103.4,-197.1,658.1,265500,295500,267000,0
2026-08-19,10:37:57,222800,심텍,115300.0,1,,103900,110900,9300,0.6172,5740,109640,116640,516.2,-114.9,-631.2,1097.2,101800,118800,110700,0
2026-08-19,10:38:32,007660,이수페타시스,108900.0,1,,99900,102900,12100,0.5244,6345,106245,109245,249.9,-31.6,-291.5,900.9,97600,110800,104400,0
2026-08-20,09:00:06,068270,셀트리온,201500.0,1,,199100,194100,5700,0.548,3123,202223,197223,-35.8,216.9,257.6,120.5,194000,202000,194100,0
2026-08-20,09:22:24,016360,삼성증권,89700.0,1,,86700,85000,3800,0.4987,1894,88594,86894,124.8,322.9,200.0,346.0,86400,93900,92400,0
2026-08-20,15:40:00,028260,삼성물산,375000.0,1,,357000,347000,15000,0.5754,8631,365631,355631,256.2,544.6,288.2,504.2,349000,377500,374000,0
2026-08-21,09:00:31,034020,두산에너빌리티,77100.0,1,,77900,75900,1600,0.5686,909,78809,76809,-216.9,37.9,263.5,-102.7,72500,77900,73300,1
2026-08-21,09:49:18,086790,하나금융지주,126900.0,1,,124500,123400,5300,0.5895,3124,127624,126524,-56.7,29.7,89.1,192.8,123000,129800,128800,0
2026-08-21,10:31:32,017670,SK텔레콤,100500.0,1,,94900,96600,4500,0.5639,2537,97437,99137,314.4,137.5,-176.0,590.1,94800,103800,102200,0
2026-08-24,09:00:21,035420,NAVER,232000.0,1,,231000,222000,11000,0.6521,7173,238173,229173,-259.2,123.4,405.4,43.3,221000,235000,223500,0
2026-08-24,09:07:22,096770,SK이노베이션,129600.0,1,,124800,124800,6300,0.548,3452,128252,128252,105.1,105.1,0.0,384.6,124700,134500,130100,0
2026-08-24,15:40:00,373220,LG에너지솔루션,361500.0,1,,347000,343500,14500,0.5197,7535,354535,351035,196.5,298.1,101.9,417.9,344500,363500,362000,0
2026-08-25,09:23:02,055550,신한지주,105700.0,1,,104100,103300,2400,0.6488,1557,105657,104857,4.1,80.4,77.4,153.7,102800,107800,106500,0
2026-08-25,09:27:00,086790,하나금융지주,130600.0,1,,128600,128700,3000,0.5562,1668,130268,130368,25.5,17.8,-7.8,155.5,128000,132700,130800,0
2026-08-25,15:40:00,034020,두산에너빌리티,80700.0,1,,74700,73000,1700,0.525,892,75592,73892,675.7,921.3,232.9,803.2,72600,81600,80700,0
2026-08-26,09:01:06,007660,이수페타시스,108500.0,1,,107100,106900,9600,0.5586,5362,112462,112262,-352.3,-335.1,18.7,130.7,106000,111900,110800,0
2026-08-26,09:06:00,015760,한국전력,34150.0,3,,33400,32700,1800,0.676,1216,34616,33916,-134.6,69.0,214.1,224.6,33050,36400,34800,0
2026-08-26,15:40:22,028260,삼성물산,387500.0,1,,372000,367000,14000,0.5412,7576,379576,374576,208.8,345.0,136.2,416.7,367000,390000,387500,0
2026-08-27,09:00:27,017670,SK텔레콤,103200.0,1,,101800,99600,3600,0.5682,2045,103845,101645,-62.1,153.0,220.9,137.5,97000,103600,99100,0
2026-08-27,09:00:31,222800,심텍,119800.0,1,,121800,112700,7900,0.5933,4686,126486,117386,-528.6,205.6,807.5,-164.2,116800,128950,126900,1
2026-08-27,10:03:23,086790,하나금융지주,134100.0,1,,134900,133200,2700,0.5518,1489,136389,134689,-167.8,-43.7,127.6,-59.3,131500,136200,133600,1
2026-08-28,09:04:37,035420,NAVER,228500.0,1,,220000,216500,11500,0.6889,7922,227922,224422,25.4,181.7,161.7,386.4,218500,229000,220500,0
2026-08-28,09:15:51,257720,실리콘투,51100.0,2,,49200,49150,2900,0.5989,1736,50936,50886,32.2,42.1,10.2,386.2,49150,53700,53300,0
2026-08-31,09:00:39,000880,한화,136600.0,1,,134800,134900,6300,0.6085,3833,138633,138733,-146.6,-153.7,-7.4,133.5,133500,140000,135500,0
2026-08-31,09:09:45,003670,포스코퓨처엠,191100.0,1,,184700,186300,8700,0.4814,4188,188888,190488,117.1,32.1,-85.9,346.5,183200,201000,200500,0
2026-09-01,09:00:36,047810,한국항공우주,138300.0,1,,134100,131000,8000,0.4271,3416,137516,134416,57.0,289.0,236.6,313.2,125500,139800,127200,0
2026-09-01,09:03:14,010950,S-Oil,155300.0,1,,150400,150100,4500,0.5787,2604,153004,152704,150.1,170.0,20.0,325.8,150300,160000,151700,0
2026-09-01,09:06:36,096770,SK이노베이션,134400.0,1,,126900,125500,10700,0.5368,5743,132643,131243,132.5,240.5,111.6,591.0,125800,138500,135300,0
2026-09-02,09:00:44,108490,로보티즈,247000.0,1,,245500,254000,18000,0.5101,9181,254681,263181,-301.6,-614.8,-334.6,61.1,243000,257500,247000,0
2026-09-02,09:01:17,055550,신한지주,110800.0,1,,110500,111100,4000,0.5824,2329,112829,113429,-179.8,-231.8,-54.0,27.1,110000,113900,110500,0
2026-09-03,09:05:03,105560,KB금융,174000.0,1,,171600,169100,6300,0.609,3836,175436,172936,-81.9,61.5,147.8,139.9,169400,180700,177900,0
2026-09-03,09:11:23,086790,하나금융지주,137700.0,1,,136100,134900,4200,0.5032,2113,138213,137013,-37.1,50.1,89.0,117.6,133800,141100,139500,0
2026-09-04,09:00:29,000270,기아,131200.0,1,,127400,127400,4600,0.5272,2425,129825,129825,105.9,105.9,0.0,298.3,127400,127400,127400,0
2026-09-04,09:03:21,078930,GS,125100.0,1,,118900,118900,7500,0.5546,4159,123059,123059,165.9,165.9,0.0,521.4,118900,118900,118900,0
