,B0,B1,B2,B3,F1,F2,F3,F4,F5,F6,W
2005-12,0.0,0.0,0.0,0.0,0.0,0.0,0.0,0.0,0.0,0.0,0.0
2006-01,0.012910645848928759,-0.011765059082018747,0.0059861417614821555,-0.004129305331161626,0.019894741065919597,0.003972049340435824,0.003972049340435824,-0.00582649146054659,0.003519502390724183,0.0059861417614821555,0.003972049340435824
2006-02,-0.016620700982860948,-0.011191459022320327,2.175356758260527e-05,-0.0008844774926637378,0.00014255239333116343,-0.0069262316056843964,-0.0069262316056843964,0.0002577442015769815,-0.006814804513358141,2.175356758260527e-05,-0.0069262316056843964
2006-03,-0.005766997908159155,-0.007425020758439982,0.016368967128767897,0.009645699589234225,0.014000425405861439,0.01717821314927126,0.01717821314927126,0.012312479644519092,0.0161025852579042,0.016368967128767897,0.01717821314927126
2006-04,0.04593801203421655,0.009003556381417477,-0.014365439622045173,-0.02140150439594235,-0.005209461396889603,0.01776104431028358,0.01776104431028358,-0.020982715446881572,0.015249692465172604,-0.014365439622045173,0.01776104431028358
2006-05,-0.06991741492915615,-0.03841215807691478,-0.029983756114125293,-0.02355955842887003,-0.02232011464968775,-0.04628161907708017,-0.04628161907708017,-0.020567948319381135,-0.04963949399617518,-0.029983756114125293,-0.04628161907708017
2006-06,-0.01960794766785201,-0.008546024973425603,0.003273854174816293,0.002547076970043749,-0.006004697885290011,0.007654048959898407,0.007654048959898407,0.0069023538017027875,-0.008385631336326638,0.003273854174816293,0.007654048959898407
2006-07,0.007570953345179099,0.010221100077123735,-0.0048021948504172185,0.0003169092720978206,0.015344834237051685,0.00424913281077921,0.00424913281077921,-0.0036696303921603945,0.0031029280879859567,-0.0018862192334249128,0.00424913281077921
2006-08,0.042407213518146136,0.037963015995408966,0.03163531618990478,0.03386457049648617,0.0262823056563235,0.029668068878922593,0.029668068878922593,0.028494468839364906,0.027102252137458205,0.02345244727088658,0.029668068878922593
2006-09,0.01604600947868784,0.008240150719793338,0.004643181776061933,0.004575960613257379,0.003891746841632626,0.015110164143923965,0.015110164143923965,0.0006960447533865821,0.013079797927093573,-0.003218442277072908,0.015110164143923965
2006-10,-0.005527979564570296,-0.003443090149101935,0.021035779914942543,0.01713549450674967,0.020026810349452306,0.026495518597899226,0.026495518597899226,0.014465337810644963,0.026735730641382238,0.020349296732688815,0.026495518597899226
2006-11,0.04716328927645197,0.028860767496218687,0.025403501658415095,0.023073236816403053,0.027187393586838082,0.06749009252440441,0.06749009252440441,0.0125468400934583,0.05617313352974285,0.02540350165841465,0.06749009252440441
2006-12,0.003440227715850286,-0.001646381558529586,0.035291205446658314,0.02682897881784152,0.03368366191544636,0.1050731250252761,0.1050731250252761,0.01706336934762631,0.07929889725965267,0.03529120544665809,0.1050731250252761
2007-01,-0.04941825075253292,-0.029232521504348852,-0.006695989653554002,-0.007531393507593909,-0.012925419406967342,-0.054767969199293054,-0.054767969199293054,0.000807983573555493,-0.0515630291087148,-0.006695989653553558,-0.054767969199293054
2007-02,0.042125413124632916,0.03705769842718509,0.004676089849858567,0.012401408260832802,-0.0035886823703568105,-0.024786668926259692,-0.024786668926259692,0.007182001634931545,-0.021446453047243907,0.004676089849858123,-0.024786668926259692
2007-03,0.02523801870103859,0.012939974056656256,0.013067370397886302,0.008740894841600788,-0.00366493307032123,0.022846918760935253,0.022846918760935253,0.00832395248021589,0.0071382560138164575,0.013067370397886524,0.022846918760935253
2007-04,0.05966802240580793,0.030202913606104387,0.02037013324824999,0.01422951397596206,0.0035640109819949917,0.034877897426053295,0.034877897426053295,0.009914515361988174,0.03262669981571387,0.020370133248249545,0.034877897426053295
2007-05,0.09149069735248094,0.05182131968557302,0.03219587156711312,0.024250460851170663,0.03529830394865985,0.08422509699624481,0.08422509699624481,0.019319504124478026,0.08579983430911264,0.03219587156711334,0.08422509699624481
2007-06,0.023629219698423354,0.006657903183393099,0.014036167398067123,0.00655052486386043,0.017528573261932134,0.06836727881191607,0.06836727881191607,0.0007060163210057535,0.05421503421575369,0.014036167398067123,0.06836727881191607
2007-07,0.10536926973074134,0.07266304323584061,0.031098636784560485,0.032823356393283154,0.02831565746286291,0.1075780168867213,0.1075780168867213,0.01745661281834976,0.1075043357431289,0.031098636784560485,0.1075780168867213
2007-08,-0.023520508300652,0.004070756662404973,0.023954367168972146,0.030815001784758378,0.02788106976717719,0.03779822737988425,0.03779822737988425,0.02383142931646498,0.02872948908954087,0.023954367168972368,0.03779822737988425
2007-09,0.03858710115281694,0.013505772372629066,0.033120296321906384,0.023372869892930526,0.02505659626259793,0.10387339836195197,0.10387339836195197,0.005801057039467095,0.09512679752749631,0.033120296321906384,0.10387339836195197
2007-10,0.05485897825186781,0.03447139621031292,0.033106588797173764,0.03022673326935643,0.035205252100358075,0.1109015228680108,0.1109015228680108,0.011095148739870053,0.10366959823483568,0.03572464382050322,0.1109015228680108
2007-11,-0.0699660815277946,-0.015083350610471613,-0.02009598634616483,-0.0012846262761011529,-0.03557191785707947,-0.09846269698699095,-0.09846269698699095,0.009391876121256804,-0.09280083434980657,-0.010716576425052748,-0.09846269698699095
2007-12,-0.0015330832149623719,-0.004010645954832803,-0.00920266537365333,-0.011405928525981213,-0.009623193685988518,-0.029314521039935704,-0.029314521039935704,-0.00044694702606107306,-0.021653309966824574,-0.003537637326635368,-0.029314521039935704
2008-01,-0.13766921178760283,-0.06598883253166377,-0.08068173497866193,-0.05655222872267773,-0.003476452672318775,-0.18051523574799255,-0.18051523574799255,-0.034097858261697866,-0.12612184942582905,-0.0025696939492713122,-0.18051523574799255
2008-02,0.04490743091984006,0.0269221589784554,0.019142822913484236,0.016866150499308175,0.00030595575381120454,0.028236208996297973,0.028236208996297973,0.0043918815781938125,0.011086922214348593,0.0029474841466727852,0.028236208996297973
2008-03,0.004930000371847543,0.03534131819112418,0.023169290566045664,0.0352883231720964,0.07971349585792531,0.016188614495253217,0.016188614495253217,0.04607532117038815,0.05932422951451888,0.01235820529173659,0.016188614495253217
2008-04,0.0809988761759457,0.04070431198016711,0.07263446934331985,0.054286748783580974,0.03775132750348531,-0.0005966278109404977,-0.0005966278109404977,0.04284301230455512,-0.0012766408348912073,0.0034111265841727523,-0.0005966278109404977
2008-05,0.011671462919922826,0.011900091751434472,0.029535179481786855,0.02466386487944927,0.025611997292740885,-0.016376867275458173,-0.016376867275458173,0.029848500483938833,-0.008096120534181961,0.003251306437924706,-0.016376867275458173
2008-06,-0.0997029929923936,-0.05104562602650886,-0.055095197165857646,-0.041570182297342106,-0.055095197165857535,-0.10169658910965751,-0.10169658910965751,-0.03281700183254255,-0.09946585326331503,-0.03330990923768129,-0.10169658910965751
2008-07,-0.04284660596805345,-0.03824118190658221,-0.026155659874338322,-0.02755039253884617,-0.035644351326474255,-0.03775957792992524,-0.03775957792992524,-0.028412603080912424,-0.03861168066050824,-0.006515506504067847,-0.03775957792992524
2008-08,-0.07319931467535556,-0.006146010492216858,0.044374444652804934,0.05575254535082119,0.007215594593727337,0.08273557564756384,0.08273557564756384,0.050088133879422125,0.08103891265787144,0.0015779212319790847,0.08273557564756384
2008-09,-0.011119690544284078,0.040354576173524226,-0.023008125424984205,0.001380300408437618,-0.0039333451765181104,-0.005210320065847096,-0.005210320065847096,0.009127400101502703,0.049190804971181334,0.0050059091687919555,-0.005210320065847096
2008-10,-0.20864271427986902,-0.11589587867052553,-0.09283191752840303,-0.07777492775060857,0.028205281456513465,0.06621952828534372,0.06621952828534372,-0.031208191091905757,0.04538227225920899,0.004885662674644964,0.06621952828534372
2008-11,-0.04530740875307382,0.08799651184816137,0.15212682558297774,0.18682830353076207,0.27180380530640735,0.23528272007858297,0.23528272007858297,0.0571592569511461,0.23338062866790965,0.004577427577018733,0.23528272007858297
2008-12,0.04176624987362487,-0.0044862228111837155,-0.08993340533841732,-0.07959288047578239,-0.09805032075011755,-0.11160304436296309,-0.11160304436296309,-0.02366697333303225,-0.11297374553336714,0.004928329761231032,-0.11160304436296309
2009-01,0.03528754696627634,0.029932342981838556,0.041382856461639195,0.029425017607714432,0.04479675232378155,0.050949604300862594,0.04116625234259641,0.015459354563301941,0.05205626121717688,0.035365607856148396,0.050949604300862594
2009-02,-0.08660357556677478,-0.01416015112683644,0.02339772313118549,0.033895892933598404,0.05482746718481324,0.016534499194932994,-0.0005402736336670433,0.00997221131278625,0.10089058581007215,0.0748552376447329,0.016534499194932994
2009-03,0.13862117293309462,0.06489234849328263,0.007828309334369843,0.00012032383460414131,-0.0118662389548434,0.10893180678180081,0.044186614223840515,0.0017487355917087388,-0.06973550865573208,-0.002617148830760585,0.10893180678180081
2009-04,0.1222793648866829,0.045754918053283244,0.042795001397229804,0.021051317425462734,0.003799617717028969,0.09587821822381759,0.09306607784632392,0.010283790660104541,-0.05360158442351426,0.00607144942496185,0.09587821822381759
2009-05,0.01650874391773849,-0.02688640486384164,-0.009678435988025202,-0.028265739141901003,-0.0034572560248338213,0.021153017071042113,0.02442624047508435,-0.0038934746980039403,-0.07284240903198014,-0.011660930157933125,0.021153017071042113
2009-06,0.002896024392690544,0.013496874873955234,0.04016370970894578,0.04040141517700602,0.03464314030190829,0.03534779409987743,0.03966751231635124,0.015839142998009148,0.0195697506855268,0.03950991675374271,0.03534779409987743
2009-07,0.13530850005852835,0.06122381169794422,0.027150373404299488,0.013986709187412849,0.039841339663932995,0.0477798132378322,0.06799530435456225,0.011062457107836599,-0.041656559440606644,0.025685429826988404,0.0477798132378322
2009-08,0.023333264905060824,0.026726033694457918,0.021612408016033813,0.025662147046713324,0.015947879806382348,-0.003703289840780166,0.005241379889841857,0.015098504321607642,-0.010444481276682849,0.024460031580354702,-0.003703289840780166
2009-09,0.06060528574946367,0.023514194995944093,-0.010749717550796012,-0.012262646287328427,-0.012702122806677152,0.02802865973453539,0.008977860836802964,-0.007908557426329899,-0.01784783517319588,-0.010560040900627898,0.02802865973453539
2009-10,-0.05775847697319947,-0.04133845513022316,-0.002174793017283627,-0.00628946002316344,-0.0027453137581460174,-0.030750129007422466,-0.020762288686253516,-0.003373583843306771,-0.019927159732016864,-0.0021747930172838492,-0.030750129007422466
2009-11,-0.008742379446757154,0.0020889724084693917,0.0013777545683721915,0.007584325878094544,0.003077070867784304,0.025624158639184103,0.00852133300705904,0.0019212866095490444,-0.002828606554063584,0.0013777545683721915,0.025624158639184103
2009-12,0.08485325551372402,0.02902670783732786,0.017896474816342822,0.0007488668799295883,0.008676208460014045,-0.0015523672588377835,0.012834023683455209,0.015052480493668918,0.010940773701459516,0.017896474816342822,-0.0015523672588377835
2010-01,-0.050792934531916134,-0.029347129959883866,-0.04185922618674309,-0.03307789257821525,-0.0371820228973212,-0.05618960239602888,-0.06159786778770804,-0.03543962222175512,-0.044270915880191164,-0.04185922618674298,-0.05618960239602888
2010-02,-0.00831221751412714,0.002608676346420591,0.019013747919320867,0.019798491031650878,0.013990201454544104,0.03732107904547677,0.037321079045476324,0.018667800505530296,0.008672407570890828,0.01901374791932109,0.03732107904547677
2010-03,0.06483876125997123,0.019806870305552504,0.019057457843500103,0.006596320936735234,0.0146729564885828,0.02686280237677874,0.026862802376779182,0.009182744459171222,0.04747878637285563,0.011037885849670914,0.02686280237677874
2010-04,0.02997487813726618,0.01749924700185468,-0.0007766618350656396,0.000637202934187231,0.00783289220532768,0.03351952126664215,0.03351952126664237,-5.1970014465330117e-05,-0.0016931722331826604,0.003059886447822846,0.03351952126664215
2010-05,-0.058544292726076974,0.010528976261102496,0.00863117002285918,0.030766453146209294,-0.011560047537549578,-0.027839435283124603,-0.027839435283125047,0.020287416415673665,-0.037707962472289025,0.011669751600749567,-0.027839435283124603
2010-06,0.031598121940693336,0.03950242423870942,0.010308422764841563,0.02075240736160522,0.01472089002149124,0.0471166724588572,0.047116672458856756,0.011006573546044285,0.005326298104555427,0.010308422764841785,0.0471166724588572
2010-07,0.03927035017791436,0.012365527647913988,0.010018265064630105,0.003607566457358491,-0.03548577340139569,-0.028684599713420078,-0.028684599713419856,0.008026718088611107,-0.03436698012080319,0.0011360670628717262,-0.028684599713420078
2010-08,-0.009386662971300308,0.014809580815246637,-0.017069523140896825,-0.0007907015498764824,0.018672997928855795,0.05060242414177507,0.05060242414177463,-0.012448029558598361,-0.009098402921322024,0.03399248765001306,0.05060242414177507
2010-09,0.07243216979022282,0.027349762767380215,0.027567736497912332,0.01719289413675451,-0.025656782626576224,-0.0401849270375374,-0.04018492703753718,0.022820307084778557,-0.0016077979078101823,0.01788527184617239,-0.0401849270375374
2010-10,0.001277052105403076,-0.01003488161120103,0.010783237528420031,0.003216284375023415,0.016078217070956136,-0.004628859379938177,-0.004628859379938954,0.006955715137224594,-0.00011963190700647885,0.006859957376802672,-0.004628859379938177
2010-11,0.028713363221270383,0.027395427823238894,0.03781551481866341,0.03443499547309936,0.019082632256812504,0.06116524175552329,0.061165241755523514,0.03660769573137346,0.01395743510328784,0.037911628113005635,0.06116524175552329
2010-12,0.08761618789500192,0.0288973364668772,0.011714709140653978,-0.004187169091822707,0.021652841411313295,0.022374113171652166,0.022374113171651944,0.01202527066197101,0.03898860721573283,0.011714709140653978,0.022374113171652166
2011-01,0.008398242792561073,-0.003518557611484452,-0.014812790032401324,-0.015768044943199278,-0.010040325241359338,-0.021995415074221536,-0.021995415074221203,-0.013751174326110727,0.004504527435288397,-0.014812790032401435,-0.021995415074221536
2011-02,-0.06031932410955876,-0.03382321641873076,0.013917414203722611,0.01231753615904796,0.012060238160352954,-0.060319324109558425,-0.06031932410955876,0.01149508601808158,-0.01038195678491105,0.013917414203722611,-0.060319324109558425
2011-03,0.08914236675050469,0.04433281218113061,-0.009521570312251981,-0.011869061008360826,-0.008419023892929034,-0.0199886092511512,-0.019988609251151424,-0.008596181823237625,-0.018366609407794887,-0.009521570312251648,-0.0199886092511512
2011-04,0.04250826977290134,0.02083432272204422,-0.0020892101447895772,-0.0020252438576267018,0.0005121919194188695,0.029685494980265403,0.02968549498026607,-0.0030505458759576554,0.013771676463721683,-0.0020892101447896883,0.029685494980265403
2011-05,-0.025033110261814318,-0.0005920229634106544,0.0006279330471101741,0.009275396078724407,-0.001341985513984123,-0.025033110261813762,-0.025033110261813873,0.000226055578405715,-0.018531324473221478,0.0006279330471103961,-0.025033110261813762
2011-06,-0.025679094347429987,-0.020402777012173412,-0.021543603595036376,-0.020512304887560506,-0.009350596674801204,-0.025679094347430098,-0.025679094347429876,-0.02055128444337473,-0.004148193724938354,-0.025218898147575497,-0.025679094347430098
2011-07,0.008212616028998365,0.0031791369268454606,-0.0061143463827272315,-0.003898878122899574,0.0032223620630722483,0.008212616028998143,0.008212616028998143,-0.008996695364407281,0.0036080569889866965,-0.00816956148156689,0.008212616028998143
2011-08,-0.12497635067980883,-0.037093092495520286,-0.03530370272591532,-0.005738606624024034,0.001345362264359995,-0.1249763506798085,-0.12497635067980895,-0.018183433747379185,-0.04034693457565164,-0.03530370272591499,-0.1249763506798085
2011-09,-0.04737332597838029,0.0171943040392748,0.034238929950855646,0.04962143830836285,0.01966501073753668,0.07833017200664827,0.0783301720066476,0.05409675120984225,0.12515514430277697,0.10071159950715103,0.07833017200664827
2011-10,0.08583596383089431,0.022304123810799936,0.020839437698993546,0.00247332343582074,-0.008799594225735174,0.02793868809379174,0.027938688093791963,-0.0003106284566940509,-0.06309194719229594,-0.07150481632095018,0.02793868809379174
2011-11,-0.033626235865367726,0.004673582313737379,-0.021625232940070904,-0.004791690969790152,-0.0008485835537307418,-0.04762703645617239,-0.04762703645617261,-0.007027053907830205,0.02220380633849728,0.044555985402200404,-0.04762703645617239
2011-12,-0.011754163548724939,0.002290395752100327,0.029364899028596847,0.029191020423976477,0.013022476158816465,0.06555115705917691,0.06555115705917669,0.02574764380970862,0.029093416150332452,0.009838396313960995,0.06555115705917691
2012-01,0.08046346024958861,0.0410138563505984,0.040231700131547754,0.0317240132208616,0.041088801446587775,0.06574198030179734,0.07012588837048073,0.02273937264432968,-0.006260063888537504,0.03727571255059736,0.0701258883704805
2012-02,0.04101851247681565,0.02175962350354066,0.03383366776272756,0.02671632227388354,0.025324538066100244,0.016034469539011775,0.032150004002318155,0.025499721036476908,0.02171511703980422,0.03383366776272756,0.032150004002318155
2012-03,-0.0008679251849995628,-0.003428469001319323,0.00587270983566035,0.0013417352868825283,0.0006856243094810477,-0.02109178872290718,-0.0009911736765080281,0.011873914672268837,0.041376589752220916,0.005872709835660572,-0.0009911736765080281
2012-04,-0.007141744755537527,0.0013511032326238848,-0.003952718214293105,0.0015016330031369929,-0.003990607883827657,-0.020075425315112194,-0.02750221634808714,-0.006520660325482708,-0.010499358388638025,-0.003952718214293105,-0.027502216348086805
2012-05,-0.07565304935751793,-0.014230713724639243,-0.019835461102279517,-0.000300151078970301,-0.019398499491326993,-0.02449302367870476,-0.031104188958822054,-0.0022784784216810516,-0.026650298099582415,-0.019835461102279628,-0.031104188958822276
2012-06,0.004638809821382761,-0.0032443201952941925,-0.007596995639987725,-0.008319974094044169,-0.020149503830918847,-0.026518700970252107,-0.02370066458097575,-0.008941015794456941,-0.019271536308462678,-0.007680032052894248,-0.023700664580975528
2012-07,0.022451478769575095,0.009445067929979345,0.00014937048313634627,-0.0005344165405436474,-0.002484755449371878,-0.013920015355710413,-0.0015015440765074883,-0.0017520416928999971,-0.0008525246576998047,0.00275259595287336,-0.0015015440765078214
2012-08,0.0031532298176633056,-0.0023812577096927745,0.0013649213549089545,-0.0014955711526339899,-0.011443138722876056,-0.006727597963028686,-0.012505787843799077,0.002072956722104724,0.008001594228554731,0.0005100158271997834,-0.012505787843799299
2012-09,0.04877763326692186,0.022238945131073384,0.01251355511567298,0.007529791204024416,0.012382603201385178,0.022447734125533803,0.02215824962709889,0.005401857317934855,0.011529910607132043,0.013095890202925897,0.022158249627099114
2012-10,-0.04564395177133784,-0.03859256236054853,-0.028620526317620465,-0.029223245016423482,-0.014454954362021821,-0.06056402481063372,-0.05532514507280739,-0.030567831114319044,-0.05216036956767811,-0.028620526317620132,-0.05532514507280739
2012-11,0.017479628124512425,0.012446919707019166,0.0043349528449729835,0.0058710758118498685,-0.001344017358606564,-0.0028567520470006436,-0.010827403762717958,0.0015847152385612961,-0.019416399161065412,0.0043349528449732055,-0.010827403762717736
2012-12,0.03918706210607659,0.015314247815130022,0.010727461434899555,0.004628419391368155,0.015092687281827333,0.05083569097892626,0.032202891253559685,0.0017809288984067528,0.02907889071860348,0.010727461434899555,0.032202891253559685
2013-01,-0.02084619625558226,-0.016521339584959938,0.031682716912504016,0.02179869209601959,0.016297398608757785,0.03026744342239307,0.034274389538637484,0.025909612710302232,0.018049528491052458,0.031682716912504016,0.02044811423592008
2013-02,0.03967171355549359,0.028432348039877153,0.004955518660697322,0.007474757765268514,0.0039193085921351845,-0.017948808388232762,-0.006711648703468409,0.005491582060178857,-0.01739939649347577,0.004955518660697322,-0.01794880838823243
2013-03,-0.01610422633723474,0.0025913148711265155,0.030750533127190227,0.03147306829447816,0.02329022277006687,0.027418105212169364,0.0394974898123619,0.030492762117352523,0.05826572843644229,0.030750533127190005,0.027418105212169364
2013-04,-0.02788417911029295,-0.013292642477259031,0.007199271781014316,0.009471286206126583,0.0068390575806362985,0.034113022419771655,0.02600199561981542,0.002491307414160371,0.02733954880174516,0.007199271781014316,0.03411302241977143
2013-05,0.02374468967458987,0.007859692808416918,0.020832655714637882,0.010482905799761744,0.010519660826197708,0.024795088672613597,0.041019225139510285,0.020123877818717384,0.034825338602339606,0.01720837700518074,0.024795088672613375
2013-06,-0.0723949547804762,-0.048751072359143,-0.022057956690426206,-0.024317288513464375,-0.0008150067355184865,-0.025785302947067823,0.005622962776641094,-0.01761895077286546,0.00548276545101456,-0.009224497785485841,-0.025785302947067712
2013-07,0.02495281366168922,-0.00024259155578032487,-0.0005455027417986535,-0.0076734497860935225,-0.0034803900183076886,-0.006921030151941121,0.008723674243408475,-0.005203508988103955,0.006149831195125799,-0.007506427933353543,-0.006921030151941121
2013-08,0.016331057529940463,0.005058653570736205,-0.005599868542526698,-0.007571914754467501,0.0001503687324058145,-0.00707460414957195,-0.005361153250438622,-0.005549156799124821,-0.011727203561264221,-0.009562974940447888,-0.007074604149572172
2013-09,0.037700712486597565,0.01355539390776106,0.007291004488780395,0.0038998536187595523,0.0015282705368773186,0.015480533353150472,0.0005041640620797594,-0.0030059698130255885,0.005029415839036266,0.0015981224276657713,0.015480533353150694
2013-10,0.024255614275956905,0.012506851694609855,0.008747424241565716,0.007739591488229669,0.007430127535323239,0.014422567996518199,0.02314825779856755,0.007406709129953448,0.019357269680506883,0.008239904713601476,0.014422567996517754
2013-11,0.011129778616365549,0.0017690601000641681,0.027655554160600282,0.019535339788187,0.017254428854750703,0.021409098043269514,0.040181937316583705,0.017861512836458315,0.02348943014051108,0.027655554160600282,0.021409098043269736
2013-12,-0.018564638383140486,-0.022470083500894522,-0.010511575594994604,-0.01592899877026721,-0.003929802413855321,-0.04461742833733051,-0.02367077873978285,-0.008583673632701405,0.015367678302493637,-0.010511575594994715,-0.0446174283373304
2014-01,-0.04180845348155515,-0.0060596222227709,-0.005054671197822436,0.006504754207150132,-0.014789063034728267,-0.022795404942343667,-0.018687496178463547,0.006037024275723946,-0.0027415557695366077,-0.005054671197822547,-0.024828799448710637
2014-02,0.02304727020270758,0.015476801520321937,0.006488602689562306,0.007648304079076906,0.0010625356617774973,0.022075567021199394,0.011654607328539512,0.007114554229527226,0.035923622100252794,0.006488602689562306,0.011654607328539512
2014-03,7.038740338094485e-05,-0.0019695574666304116,-0.003152243119255216,-0.003993611070389758,-0.008721914339552828,-0.02466778328058905,-0.016934026879986352,-0.00338307201691046,-0.014484724775897684,-0.009350566045292386,-0.01693402687998602
2014-04,-0.009590306559407624,-0.018912803308351656,-0.038367047989547376,-0.03701378596131899,-0.032587337984269604,-0.027334764928428124,-0.030957460652850544,-0.03501757018800966,-0.029545107551313454,-0.03414200280482127,-0.030957460652850655
2014-05,0.019269837022309444,0.017854662015728717,0.020315084989026344,0.022610082611731697,0.010609287826927938,0.020924883482224654,0.013689807699375445,0.013704106245524317,0.024385222417419028,0.020127265758198343,0.013689807699375445
2014-06,0.0036192469899736235,-0.0029947757327875024,0.008043988299982985,0.00400063968755382,0.0024212615096066425,0.009625453365434522,0.0026973075113034817,0.0028993706192768087,0.018319039783379898,0.004461167093114726,0.0026973075113034817
2014-07,0.03627493379108393,0.025947351561748322,0.034272979417301785,0.03040014029579874,0.007091310932162198,0.038449383913365054,0.013591540885811604,0.02675510724654906,0.02900055995649442,0.03427297941730201,0.013591540885811382
2014-08,-0.014698550978897496,-0.003858805112335384,-0.0062774534846589125,-0.0006424279355741191,-0.0004071334884920841,-0.0031935114965142564,-0.006605958013935931,-0.004401172847281032,-0.007288410525843725,-0.0062774534846588015,-0.006605958013936153
2014-09,-0.03131882344425463,-0.008702091370174192,0.014864296273139344,0.015047337236334446,0.01311423364596731,0.004831747470320336,0.011061231598498367,0.0184584182464842,0.027805271011252186,0.0148642962731389,0.011061231598498589
2014-10,-0.023410973189982753,-0.006614011323969882,0.012514668588897049,0.01561783279125284,0.015584564130112666,0.01190148277776637,0.013722745933091751,0.009438977520027203,0.01220780773288066,0.01251466858889727,0.013722745933091751
2014-11,0.014102192534133584,0.030925248391200144,0.0612394988740268,0.06156342195833986,0.06128037915282425,0.08502680808566887,0.08306367045097884,0.05824245420448659,0.09624876496376333,0.0612394988740268,0.08306367045097884
2014-12,-0.03681044410948753,-0.022851915586056815,-0.002097700244107714,-0.0016051236217595743,0.007478094242974187,0.0014822519820580915,-0.0010615359776684485,-0.0037467859650611723,-0.000279640963052441,-0.002097700244107603,-0.0010615359776683375
2015-01,0.025148518094064265,0.03273641915086434,0.005864540848236066,0.01715296212260009,0.008596730736145641,-0.05895526857301925,-0.03708412419551377,0.0056503327926085145,-0.0414821444239829,0.005864540848236066,-0.035274049173435906
2015-02,0.007442410412907385,-0.003629114748075035,0.029716190957680855,0.019271340750415034,0.030756718140126038,0.042997202895934006,0.0015396946671752954,0.014067335669865288,-0.018135389924476275,0.029716190957680633,-0.018135389924475942
2015-03,0.02444534181962066,0.02004620612159269,0.009758148330292205,0.011265278686662272,0.008684822104822576,0.021059428786392553,0.006507942644945475,0.00721960851513459,0.00410614820886579,0.009758148330291982,0.00410614820886579
2015-04,0.03675857539425875,0.004939923234348997,0.0054982316482856675,-0.0031370102363469377,0.005680752120366783,0.010409025072845024,0.05600700004723369,-0.0019019274145847254,0.04592891758476836,0.0054982316482861116,0.045928917584768136
2015-05,-0.021505977310832924,0.0011616178810625044,0.03216432581550732,0.03218938344929678,0.023342506848427647,0.0017735504469578167,0.029383362959164216,0.01979692492436924,0.03304441246606249,0.032164325815507766,0.03304441246606227
2015-06,-0.029948800216406557,-0.021064289269035585,-0.01970789197424383,-0.019717899248517967,-0.018878495911416326,-0.06970571377897072,-0.03712499625638166,-0.008725458852001933,-0.02299840896834715,-0.01970789197424383,-0.02299840896834704
2015-07,-0.030397142741503735,0.004090366410459012,0.029028117318638413,0.0340313050005856,0.027127085558066533,-0.09880595625879929,-0.023927797306345866,0.025103136451505748,0.0054308500320807696,0.029028117318638413,0.0054308500320805475
2015-08,-0.04589339685330185,-0.0211052070295652,-0.042030049650350065,-0.031581760222331945,-0.01637021154367646,-0.06370879224622361,-0.057635673370300955,-0.02283503328716241,-0.05541201438906973,-0.02586179407183642,-0.05541201438906973
2015-09,0.018007338502035175,0.021226583113334252,-0.015309314744587188,-0.007005945211181253,0.006388639921631967,0.010693335132291093,-0.010159615579109715,-0.006743520971172701,-0.011126290410007456,-0.010113386518867618,-0.011126290410007456
2015-10,0.05490551362565754,0.01098338081347161,0.02985089412906805,0.014998210428587067,-0.049804347105773195,-0.05397057893377066,-0.048824826840882074,0.010489345726455213,-0.04820689472206463,-0.013201792398706114,-0.04820689472206485
2015-11,-0.01951900657481831,-0.007843459720402568,0.0016648791459492607,0.002721131320499337,-0.0014879139775180183,-0.026838110460590148,0.015626003747115425,0.002836441182804794,0.015455020327378,0.005400213758080197,0.015455020327377555
2015-12,-0.01462720639304882,-0.006553977059565175,0.003761149117942786,0.003150519203299895,0.001406438894804296,0.03842448129360809,-0.0031790579992599932,0.0031330968919467406,-0.001119718597882069,-0.0007439160368097886,-0.00111971859788218
2016-01,-0.033288391841600595,0.004351478062725844,-0.03544190196336294,-0.016453734560236244,-0.043146123860513974,-0.08054882234644589,-0.06313654011532499,-0.01672424416880869,-0.04199575720542725,-0.03544190196336261,-0.044963465934392155
2016-02,0.012150127206742578,0.029671129067639246,0.027026955387272178,0.03453718517067017,0.03961592034681871,0.06953292444181391,0.056001469570947426,0.03056071819819839,0.05529730482806472,0.03276499280791234,0.032764992807912785
2016-03,0.049150996363860555,-0.005850697797376236,-0.021455585078110184,-0.03257450393577299,-0.07340113890041844,-0.08549896375847577,-0.07185001128981017,-0.03005774947020845,-0.03883889531570872,-0.0480571255407376,-0.04805712554073771
2016-04,-0.001535661047289305,-0.0019266785739548986,-0.000761429388459578,-0.0008896926301245056,0.00052466793226702,-0.001480748003080845,0.0032182955687138914,-0.0008033954426476253,-0.005367093251451571,-0.0008298446095914569,-0.000829844609591901
2016-05,-0.0051379659213928175,0.011257798673995456,0.03660741911868337,0.03658767489535841,0.01953607900811316,0.006598334137735584,0.035390454102056434,0.033915929414872314,0.03381539029853453,0.03330921922747554,0.03330921922747554
2016-06,0.0032869958434371682,0.0058862389218281574,-0.02496807360924802,-0.015501063724376651,-0.024277939009655247,-0.03512248895797976,-0.01984424916751426,-0.02068458149614072,-0.017959319216507175,-0.021885459841759602,-0.021885459841759936
2016-07,0.03124895105845238,0.008502622812440963,0.011635993639727227,0.0055437458596494515,-0.018492293911621882,-0.024206317433318025,-0.00889118051226978,0.008823993860505475,-0.004166749372319423,0.011635993639727449,0.011635993639727449
2016-08,0.02277121914215874,0.010037088333558764,0.015343289013212358,0.010989415434802474,-0.001654848678191767,0.00626090805913182,0.003313116149707973,0.01072082483787895,0.010973758506271913,0.015343289013212802,0.015343289013212358
2016-09,0.0036086895861999757,-0.004492412253736089,-0.015307139105504408,-0.01527426767282647,-0.009480085586760834,-3.508349314507164e-05,-0.017898202859672252,-0.014058666571070244,-0.009836067704723561,-0.015307139105504408,-0.015307139105504186
2016-10,-0.004835163451448077,0.004254063106811534,0.03433141422902186,0.028415197550689886,0.01878465403609786,-0.004835163451448077,0.02830378000350553,0.03052932618750903,0.023596692920730078,0.03433141422902253,0.03433141422902253
2016-11,-0.00534026258523701,-0.010262304900927388,0.021223115709432694,0.010417882597916428,0.015245104047293179,0.033676873589505885,0.03472193858724815,0.020799507640012482,0.026957505421027816,0.02122311570943225,0.021223115709432472
2016-12,0.02379290320275773,0.02180841626061758,0.029768225428537187,0.02592891690367094,0.02319682237273346,-0.017355088797878282,0.02601631378699021,0.032119969856653,0.022696814827662726,0.029768225428536965,0.029768225428536743
2017-01,0.03242849254306779,0.007350780315203975,-0.004529581939669014,-0.008195325005213139,-0.005064570452159467,0.0034028204101537174,0.0019091797541765931,-0.007748327801448629,0.002258851887702029,-0.004529581939668903,-0.004529581939669014
2017-02,0.008468997244686749,-0.0037038532959359216,-0.0051742284476224976,-0.0064106045084521,-0.003999096981518124,0.014363348462177683,0.008748956603058522,-0.004717501398578849,0.008356756724378078,-0.0051742284476223865,-0.0051742284476223865
2017-03,0.040454779077296,0.017168472592278716,-0.004959247062356953,-0.007387087866909003,0.000970531293536192,0.0071682545661981845,-0.008510836439193925,-0.0017351211533940258,-0.008494297176994348,-0.004959247062357175,-0.004959247062357175
2017-04,0.024548275549676868,0.026760545085987353,0.027499078277517075,0.029390326652606324,0.012574678403325823,0.023435347064953316,0.03161644219671267,0.01764261485738028,0.0294501727169465,0.027499078277517297,0.027499078277517297
2017-05,0.06217595597864545,0.03724712738357194,0.019039862843969635,0.01713075894099525,0.01784225665420114,0.029266041179680125,0.03176257597523224,0.012561482327839268,0.034738537850880435,0.019039862843969635,0.019039862843969635
2017-06,0.024490635065538502,0.02069620358647284,0.013964703732040284,0.01361913159053274,0.012283307248281972,0.009549137263373364,0.0033393828862080532,0.011238261952546846,0.004390419795349265,0.013964703732040284,0.01396470373203984
2017-07,0.010351826823110644,-0.0020571988664799257,0.0017609937746425608,-0.0020134716137367725,0.0007257840387489001,0.011110799221466294,0.020355439761652105,0.0003217122104126613,0.019296733470511862,0.0017609937746425608,0.0017609937746427828
2017-08,-0.01888120813022076,-0.004953135214000315,0.005313771415710988,0.008743191692936358,0.006863360148621878,0.0023936907214252567,0.009964743433817924,0.0034404146283035786,0.00781866715260393,0.00531377141571121,0.005313771415710766
2017-09,0.02709859224857092,0.019341829867858262,0.020755001053452737,0.017024591598193695,0.016812027081991587,0.01430260983577103,0.012660103116466148,0.018591187792099895,0.01442013560307065,0.020755001053452515,0.020755001053452737
2017-10,0.05603072781832941,0.02497556278026658,0.021860492020883582,0.014485256158476512,0.0173747109643283,0.026206952204017586,0.04161431178756869,0.0145728397721816,0.03747734122748003,0.021860492020883582,0.021860492020883804
2017-11,-0.02377619306829204,-0.029480715446866368,-0.026290348840302125,-0.028149095257486656,-0.026290348840302236,-0.027301936490604306,-0.03517884948987582,-0.026190177622019584,-0.03576410980090283,-0.02629034884030179,-0.026290348840302125
2017-12,-0.0004570696477878,-0.0036558935072293908,0.002192183545695281,6.373290048022895e-05,0.002992737797011147,-0.0006036040412318311,0.001036623140047821,0.0011185817640093632,-0.0002725824654551401,0.002192183545695059,0.002192183545695059
2018-01,0.02799114716675022,0.007023777540480669,0.05061367730246036,0.03550725710488156,0.0315999108078131,0.0657761966314463,0.07841342351567326,0.03779473608406403,0.07010699404352194,0.0506136773024608,0.05061367730246036
2018-02,-0.06050567076581148,-0.039897532438124106,-0.028502012352676687,-0.027062926877955085,-0.01710983989162118,-0.02927731292735658,-0.029277312927356802,-0.021407624373854017,-0.03150114137343396,-0.028502012352676687,-0.028502012352676798
2018-03,0.006793328591812697,0.004568612932856153,-0.028344646378482552,-0.0220211427574466,-0.02673320443601357,-0.053277014895604324,-0.053277014895604324,-0.02464806797181418,-0.047376555604535686,-0.02834464637848222,-0.02834464637848244
2018-04,0.02971296813029678,0.013856588295282801,0.01863487741628944,0.011915216987961053,0.008224291699759023,0.028142446747516647,0.01867276674228968,0.01374005989477678,0.02730108088648664,0.01863487741628944,0.018634877416289886
2018-05,-0.03787982955875269,-0.013995053508611521,0.009491932608600928,0.012879820577355927,0.0013762776463124293,0.021816825844803267,0.0014072419979755946,0.01059171920234614,0.013391659552818291,0.009491932608600706,0.009491932608600706
2018-06,-0.03510227806356481,-0.0037233991413848644,0.019823895845737072,0.023696755832357974,0.03944897683640125,0.0452549632042758,0.04208627598713721,0.025542336383151953,0.021497359481736256,0.019823895845737072,0.019823895845737072
2018-07,-0.00610973526477121,-0.00906047680319455,0.002891490372538996,-0.001129298909370302,0.0028710384052954563,0.009586093120860228,0.009586093120860228,0.0010822923701552245,0.008840238376030207,0.002891490372538774,0.002891490372538774
2018-08,0.010052132889488696,0.009740099780370493,0.014965114341453756,0.015385343686050046,0.01828678672866202,0.03412539962122407,0.03412539962122385,0.012701204067964378,0.02391859879837588,0.016951676052282538,0.01695167605228276
2018-09,0.002580649689340575,-0.0042499022287824095,0.007197021665668268,0.001745036087316132,-0.00026390731269732015,0.014072508400733819,0.01407250840073404,0.004764826492061447,-0.004674308263642346,0.002237466670745647,0.002237466670746091
2018-10,-0.12030088603195199,-0.06444563200317466,-0.04994533991145689,-0.039408281424824554,-0.04035157387511479,-0.07040244709243315,-0.07040244709243315,-0.03797748839129611,-0.07050906258429057,-0.038454642654708104,-0.038454642654708215
2018-11,0.02902593639190032,0.015224018614498958,0.006808857308710392,0.00572013343961153,-0.003769076309855679,0.0025138795364769706,-0.003202091002682206,0.0028038676957153896,-0.007060944070253927,0.0038012213741451806,0.0038012213741454026
2018-12,-0.03345522401290579,-0.00921005163941302,-0.045023078758255175,-0.030767026810338494,0.0004354600566698341,-0.015111942362342257,0.00098507905585965,-0.03261203408831881,-0.005012461615986119,-0.04502307875825484,-0.045023078758255175
2019-01,0.09273962561803528,0.05808272785006774,0.056924041223076705,0.049523907562063485,0.001469769438971369,0.03553394129643084,0.0017214907889246955,0.041795985671803315,0.0012808868405473905,0.019334690486582318,0.019334690486582318
2019-02,-0.006206113186666529,-0.0025840309446404364,0.019845628311659258,0.017268289176411544,0.003828119629468052,0.006772139231086216,0.012362171061896854,0.01370445269056364,0.008189682991163183,0.004821705397819898,0.0048217053978194535
2019-03,-0.024666797165112553,0.003518400480750028,0.021000170869914125,0.02838207747499233,0.012747973288543157,0.00919238747297113,0.02378416662438898,0.02236996132211866,0.03849234031021487,0.015207688621432291,0.01520768862143318
2019-04,0.03183336068312759,0.022461807098958397,0.04602500652046171,0.0384095243071183,0.04366369328921782,0.0679202463771218,0.06147104062122333,0.03543293024469096,0.02018037569989728,0.04389613355528077,0.04389613355528077
2019-05,-0.0726645403882521,-0.02095053544138825,-0.025222463170622267,-0.008654434072840167,-0.025222463170622267,-0.05152004679358435,-0.05250156522686511,-0.007355743757542332,-0.04379858382108803,-0.025222463170622156,-0.02522246317062249
2019-06,0.05274027451777452,0.02863335722853333,0.017791022979524396,0.016294462933123866,0.009708902787456397,-0.008001249426138002,0.013490514130269915,0.007933086469105621,0.006329545972001194,0.01779102297952395,0.017791022979524174
2019-07,-0.038952595190753,-0.01622516996743195,0.02033591161247017,0.019392154623992353,0.020072584741546384,0.04057575731825325,0.04383326607494631,0.01859702104035721,0.038751289670686306,0.019600808740582343,0.019600808740582565
2019-08,-0.02639548006423731,0.01765535125231299,0.009475521272216847,0.027741063863632398,0.01717652842908146,0.026950676533133322,0.026950676533133322,0.018148999734687976,0.029574091226057364,0.01378965051435821,0.013789650514358431
2019-09,0.0574746720354089,0.02249748741001878,0.0036062072350493413,-0.0037872290069874692,-0.004375384447893649,-0.014633470115988478,-0.014633470115988811,0.0005285660104499268,-0.016689347882548278,0.0036068651409042474,0.0036068651409040253
2019-10,0.009539564221032304,-0.007762423387820627,0.00027786175106148114,-0.006112413957453433,-0.0017154521078591722,-0.004518074411902662,-0.004518074411902662,-0.004560615693815384,-0.0059572560497758165,0.0005101217820107085,0.0005101217820111525
2019-11,0.00463585072699102,0.006739893898985105,0.018831596757558744,0.01751790220371552,0.003178259846093434,0.006413093242798595,0.025463903987928305,0.017062427552390957,0.024349685566809942,0.018831596757558966,0.018831596757558966
2019-12,0.06268968436270517,0.02877299299059244,0.021686327308166664,0.013515198519226557,0.025120851568063207,0.03755244554599768,0.013680468186777706,0.01574310039214266,0.0142614743301277,0.021686327308166664,0.021686327308166664
2020-01,-0.03021472111794421,0.004755611550978589,0.01772685423994358,0.02775654378684589,0.01903062992303628,0.03602656296409523,0.04228165571004738,0.020285362897380477,0.04355886525675423,0.01297762721692397,0.012977627216924192
2020-02,-0.05697138558492487,-0.015065866372288572,-0.024900049733721508,-0.01017081409417131,-0.022589522607295076,-0.06992659209196694,-0.06992659209196661,-0.02017333213896555,-0.06902981077883741,-0.02423234115003392,-0.024232341150033587
2020-03,-0.11527088452303613,-0.04352926843988725,-0.05049173178868793,-0.025159975979988092,-0.004526113121952613,-0.03329920368139383,-0.03329920368139405,-0.03901699417342941,-0.02618417425019859,-0.02548291804492009,-0.02548291804492009
2020-04,0.09131918365130454,0.061176524749701366,0.058801040205153976,0.052194676924820715,0.015102399659440158,0.03061341871852008,0.030613418718519858,0.03637039344927251,0.0068226172144194575,-0.0024170873872373377,-0.0024170873872374488
2020-05,0.04063686234125474,0.02566918619190428,0.04309359341654817,0.03599665843221489,0.018782479994141843,0.03814579410602503,0.03814579410602437,0.02819195470100988,0.019012300021298056,0.0020109826128478225,0.0020109826128478225
2020-06,0.04519666972154446,0.017099683565407586,-0.004143776871017968,-0.006733053414823775,-0.0072395650601599915,-0.009875484178786031,-0.009875484178786476,-0.013283188783457911,-0.019825683513559955,-0.004788774799477591,-0.004788774799478035
2020-07,0.06996716265789771,0.044033632368712716,0.03226662818773729,0.029046881522824197,0.029122580554016286,0.030903816458360822,0.0309038164583606,0.018801711002341737,0.020890675855986363,0.01699127149333779,0.016991271493338456
2020-08,0.027391220479408673,0.004428866574528234,0.02786719314515329,0.01648058670275465,0.02572767224239869,0.03705454101374106,0.03705454101374084,0.007960037452119817,0.016443296664502505,0.008889612049298057,0.008889612049297835
2020-09,0.008647687032294682,0.003405546650755209,-0.02852834151006378,-0.023833104763520296,-0.017534175810403174,-0.03600780193956932,-0.036007801939569206,-0.02096803480972209,-0.040052329570595346,-0.025414915498575885,-0.025414915498575885
2020-10,-0.024137091893498996,-0.033608866682219185,-0.02949616724045312,-0.03438774269691436,-0.041253683779320705,-0.032671611273249135,-0.03267161127324947,-0.032114475734211556,-0.03499771464187096,-0.03239090432816649,-0.0323909043281666
2020-11,0.14878358934881963,0.0807192221767854,0.061612122941884895,0.04868126085681501,0.05802200212881381,0.09403880302244039,0.09403880302244016,0.0331216329811177,0.09857183920022394,0.04899861365170377,0.04899861365170399
2020-12,0.12628849677521692,0.0670444001729944,0.024642741656097256,0.016186505792066708,0.02990295687789546,0.05752164493450951,0.05752164493450973,0.0103790091278948,0.060715004621715085,0.023260459975212866,0.023260459975212644
2021-01,0.04045856970193662,0.02745238484221324,0.03423520968846061,0.02831713599407415,0.02069845330401887,0.03594016751462581,0.03594016751462581,0.026685406641479892,0.03537494066753766,0.03450830824520956,0.03450830824520956
2021-02,0.01434816217603263,-0.009986334688111498,-0.004472434276735826,-0.01616672980252476,-0.0015003558164059516,0.00230720167338605,0.002307201673385606,-0.007971000229159642,0.005015335581341596,-0.004472434276735715,-0.004472434276735382
2021-03,0.013842553505527322,0.010929343198138541,0.01776425858667796,0.014039360469831896,0.013651010155015575,0.012492958938498333,0.012492958938498333,0.017705371022389116,0.011216360479806342,0.01776425858667774,0.01776425858667774
2021-04,0.018848788131914596,0.005828817934093511,0.00429434620653435,0.002478074016245335,0.009621642315553514,0.0048025999177396805,0.03878922019194753,-0.0029379378634338815,0.038978115616735476,0.004294346206534572,0.004294346206534572
2021-05,0.01438756680587705,0.013857747671538467,0.005200345548961316,0.007407743345723583,0.002791121736167801,-0.0004528786631191606,0.0016868118103881002,0.006084448912342388,0.0032280109889932795,0.005200345548961538,0.005200345548961538
2021-06,0.026765117295992402,0.026064561302789224,0.027201137941579967,0.02801921154517184,0.021592026780351103,0.048800955069112195,0.04880095506911197,0.02483135959479843,0.04241967597216889,0.027201137941579967,0.02720113794158019
2021-07,-0.032867569797431995,-0.007821026163761235,-0.010151213220599642,-0.0012392597066245292,-0.015574925985767374,0.016548052495399812,0.016548052495399812,0.0004772397444863241,0.012212397281509801,-0.010151213220599531,-0.010151213220599642
2021-08,-0.008458836708100326,0.0033988208402198072,0.02915488111051867,0.02791302840005727,0.02683139671212098,0.03972571640838973,0.032971447535592446,0.02684933510637233,0.030121330420057824,0.02915488111051845,0.02915488111051867
2021-09,-0.04290454756915074,-0.029742572672080914,-0.0136869548117442,-0.0158747309359748,-0.010142564081048078,-0.025105067578331308,-0.03614572725919085,-0.010050933470920453,-0.03491842493722641,-0.0136869548117442,-0.0136869548117442
2021-10,-0.03085002036252471,-0.023528998719805627,0.002319461796779665,-0.0001532213979298369,-0.001941147806759247,0.024988887346485633,0.017929580853907945,0.0004334410596766869,0.024499768554510082,0.002319461796779665,0.002319461796779887
2021-11,-0.03798331487365225,-0.01174321688873492,0.006513705248676338,0.010637550446514155,0.025374475480625547,0.02690966610740042,0.026909666107400865,0.01392332285000708,0.033097426510903194,0.00651370524867656,0.006513705248676782
2021-12,0.05738922509716349,0.030622235588251945,0.006639474217190466,0.004155488642051619,-0.0024430902457186487,0.007315757424763758,0.007315757424763536,0.007376581579350949,0.00022116224225010583,0.006639474217190466,0.006639474217190466
2022-01,-0.0908070410848727,-0.05789494520588234,-0.04853573412485279,-0.0448658032474748,-0.05237224000043417,-0.06940602845900157,-0.06940602845900179,-0.04098890185249704,-0.10237031523860807,-0.04853573412485268,-0.06685832987601725
2022-02,0.01118815323174549,0.000995221454637596,-0.0016997870686170646,-0.0052226021232455455,0.006745413055757599,0.02263855159031447,0.02263855159031425,-0.00040460563149058437,0.027138510421452322,-0.0016997870686172867,0.02263855159031425
2022-03,0.012505160429103546,-0.0029652903171859535,0.009012616490001069,-0.00024185850083024985,0.01595241110008372,0.012746178472072378,0.029452174698710643,0.004148894382233204,0.02084944712764747,0.00901261649000129,0.012746178472072378
2022-04,-0.027679382158227406,-0.013319042701559924,-0.01175617737086565,-0.01379566903910534,-0.0024668486094977515,-0.004721358248099272,-0.0057012489731590454,0.004592899057591859,0.023331375265130516,-0.011756177370865761,-0.004721358248099272
2022-05,-0.0002498845027779639,-0.0022721999041970253,-0.015601935516126542,-0.01265915880552193,-0.019065832916616343,-0.03621810616653931,-0.03856650491377245,-0.014209377831673642,-0.028937436369315117,-0.015601935516126653,-0.03621810616653909
2022-06,-0.13248174591677053,-0.07560036522591129,-0.02289783134770873,-0.0213464273565529,-0.005301930472116911,0.001082651131611545,0.00794892848363249,-0.01323340887623925,0.006553121154079022,-0.02289783134770884,0.001082651131610879
2022-07,0.053650833427893785,0.049079431571447785,0.03327878792666672,0.03899377165540119,0.010597548509138965,-0.023040409712151044,-0.032575081435713416,0.03131759270630008,0.016461886065099574,0.03327878792666672,-0.023040409712151044
2022-08,0.00023051134368512471,0.0002776650781604051,0.016219408073775865,0.009133579624349464,0.00928120004785904,0.011672120143711773,0.01088668129960313,0.018713404581523374,0.03285117206166421,0.01621940807377631,0.011672120143711773
2022-09,-0.12776643509651298,-0.07134776456099046,-0.03257132296498311,-0.03185676005700089,0.008604433991286298,0.02110794665702942,0.02110794665702964,-0.010043682627285944,0.04856597893509251,-0.03257132296498344,0.021107946657029197
2022-10,0.06606350702076691,0.026488720251811815,-0.0061243937955896,-0.012391276323123424,0.008842356463943712,0.0064752126899561,-0.0236386827572741,-0.003093194594263604,0.009141393378175655,-0.006124393795589711,0.0064752126899561
2022-11,0.07277609068016222,0.02639230958897909,0.007441011122092167,0.0018536544129570398,-0.014317093715204066,-0.05252830549691401,-0.0532766266127247,-0.009948731814974021,-0.06016763043344375,0.007441011122091945,-0.05252830549691401
2022-12,-0.09209669135297316,-0.07627834385304755,-0.0656237545328715,-0.06490315534069224,-0.0003994496389669866,-0.06933638176130508,-0.0062731283069044075,-0.06395259495849404,-0.034610205695570384,-0.06562375453287161,-0.06933638176130474
2023-01,0.09128829829084428,0.05391090489724948,0.04059136590626289,0.036887234974775085,0.002526625657212511,0.028579344253397254,0.0010882261532672022,0.010925466893439095,-0.004113863768111847,0.021775010408711104,0.024091920553104273
2023-02,-0.006646537678445363,0.015233351037737597,0.03960028334061794,0.03685568480382906,-0.006999619625173703,-0.005401297109685954,-0.020173155723244296,0.017496525827285447,-0.06620744559671166,-0.0006318537690788162,-0.0006318537690783721
2023-03,0.024225644429718196,0.020468112699961294,0.0215745550053561,0.024138571786060936,0.020524208842638947,0.03500718685140236,0.009113009751593015,0.008881938782443033,0.022649564530272004,0.011426428281051892,0.011426428281051448
2023-04,0.014884334212436734,0.02258984973691036,0.03196137370987984,0.03236749482221746,0.027768729337178888,0.03171126979503347,0.018464738105085754,0.016923239465196138,0.02452160142486748,0.011705537587935133,0.011705537587934911
2023-05,0.040136375989148654,0.015909015117110625,0.004948021184259632,-0.0008250388249695373,0.005195584890731686,0.0038395717767425452,0.0038395717767425452,0.004402087940350796,0.009516747652497548,0.006706861847195489,0.006706861847195267
2023-06,-0.0022612935599772843,-0.007632198918038902,0.018627786878373076,0.01146749644229672,0.013033390422953595,0.037149448122574924,0.037149448122574924,0.00951166745180565,0.03781621985563133,0.021845591565880174,0.021845591565880174
2023-07,0.023953381146814445,-0.0005121468609109447,0.005313511385649727,-0.002640530875057334,0.004938244719746798,0.009788264506068955,0.009788264506068955,-0.00011375555290971118,0.009752777064036433,0.012523789447120626,0.012523789447120182
2023-08,-0.030255073813174826,-0.007065954197116198,0.0014282694062281998,0.0037037301594076144,-0.006885438072709804,0.008238502151769689,0.008238502151769689,0.006914738481083038,0.01066464153502733,0.0006841208730694603,0.0006841208730694603
2023-09,-0.022969400808042884,-0.019317974602197086,-0.016522646179690348,-0.02038842095039184,-0.011631924930038062,-0.027817354989209342,-0.027817354989208787,-0.007057213089565306,-0.02978580556028254,-0.014085758858240038,-0.014085758858240593
2023-10,-0.06346368160209248,-0.045872421359750226,-0.026492702681202185,-0.028518111889510145,-0.018462208297666538,-0.02651837503526744,-0.026518375035267217,-0.013080843564234002,-0.02462621760787842,-0.023733562712274003,-0.023733562712274114
2023-11,0.10888474093968314,0.06807822153745846,0.028711553724490857,0.031041578213434562,0.02086126987926562,0.026223054448023975,0.013215804309483214,0.015121052663993995,-0.004203973286522222,0.022001368084551443,0.022001368084551443
2023-12,0.05897017594531584,0.05267285175929981,0.034877319773299664,0.040978709069906305,0.032846889436540794,0.058466482009070564,0.057110904323559364,0.018631696419733945,0.05459313854223913,0.018672217246668454,0.018672217246668454
2024-01,-0.05948573087187681,-0.031928391100147335,0.014349772249839798,0.010596734224010973,0.02645601713101442,0.02126836696008816,-0.0006085265991188082,0.01854720072465721,0.06344567006670188,0.01925325377653042,0.019253253776530643
2024-02,0.05870392520364831,0.03141409037923326,0.04074758680237678,0.030781107685971643,0.027085273413823607,0.044906379234477045,0.04947303119847768,0.03317805295294529,0.041568439442492,0.027748332647612894,0.027748332647612894
2024-03,0.05481525037861679,0.039464744511726435,0.03230008530375117,0.030369549547101693,0.028025291343277026,0.036579783130184396,0.0320178085233076,0.029967455293290257,0.037397554283459034,0.020459777605732254,0.020459777605732254
2024-04,-0.024118986428570688,-0.01759730073710708,0.005413042780632926,-0.0009355466643865551,-0.009434448373085158,-0.02163237296257081,-0.03295481859272553,0.002450404947534235,-0.018361989714112514,-0.01357259148020662,-0.013572591480206841
2024-05,-0.017747377235407313,-0.010250478643195948,0.005889893048810491,0.005780295054813145,0.0003395426007442026,0.01462601462878732,-0.02919555326982004,0.0031883231798073286,0.015623927207723431,0.005177613816465643,0.005177613816465643
2024-06,0.07324256547252084,0.059813789545865914,0.043952318227119536,0.0457674773229686,0.043952318227119314,0.055577748801871385,0.03333869718141047,0.042702919057213684,0.05868050025138505,0.016422400953137073,0.016422400953137295
2024-07,-0.00789238638425338,0.0012322262991455446,-0.007078311469230769,-0.002321782103855363,-0.007078311469230769,-0.03218470117455552,-0.04351201381923131,-0.004235089548379478,-0.011258598081594573,-0.008022875492435189,-0.00802287549243541
2024-08,-0.048635738385651606,-0.03442343311780227,-0.015245847378338118,-0.012341701725611998,-0.015245847378338229,-0.004786255980225085,-0.02114647556480298,-0.01797278192909657,-0.00347462574649271,-0.012254468328052992,-0.012254468328052881
2024-09,-0.045259705645698256,-0.028860230025195888,0.017386996048484038,0.01500634304248738,0.017386996048484038,0.0029556095958021,0.002672230736992409,0.01132335435041032,0.005003407112525338,0.0016690160297954115,0.0016690160297956336
2024-10,-0.014568797825461388,-0.004352647539239918,0.034820008171900785,0.025383761271035477,0.03541875019085916,0.026605039980609257,-0.022205883013154182,0.03821471261793885,0.03252277471119491,0.0020760342633592277,0.0020760342633592277
2024-11,-0.03977166171413715,-0.017630136079185954,0.003984867210285348,0.006188675446308967,0.010038194659529376,0.011851277556199635,0.0013985245613186148,0.012520286248137946,0.025072443279894996,0.01994713597600528,0.019947135976005503
2024-12,-0.022238436013573892,-0.0014802970288271267,0.054764241206318065,0.04705013378613865,0.058351891216114504,0.08680226726435292,0.08284104484513577,0.048119379607165724,0.07865298846719115,0.029456048877866126,0.029456048877866126
2025-01,0.05022982308498403,0.027299494617069042,-0.000859684407933714,-0.0009838645130709756,-0.007563737847817942,-0.00876952305206502,-0.010700936681793838,-0.0030204646905971355,-0.008314789157227831,-0.0019730459943492207,-0.007051439065461129
2025-02,0.0038476220106409276,0.012101876520685062,0.012109963462147766,0.0165032685953983,0.012020222418888116,0.025980410567910228,0.05408718503927323,0.009107821587461373,0.01355755239827694,0.019411312645618573,0.012020222418888116
2025-03,-0.004367407582586136,0.005390946909765715,-0.006595847273852984,-0.002131368714698767,-0.005587737798990577,-0.016983028499893527,-0.005603773474533558,-0.0027657004498876647,-0.024351677734714916,-0.010181294919637263,-0.005587737798990466
2025-04,0.020291984328842716,0.005772473794753541,-0.012361528219388296,-0.012142067740769535,-0.01999774165923973,-0.03442115747759478,-0.049832545848803145,-0.012481669068660661,-0.032523402844217175,-0.003658694102908644,-0.019997741659239843
2025-05,0.06290034393631938,0.0148120131254863,0.003057604218561716,-0.008865271124793628,-0.006361108271595972,-0.030836340531882,0.005737261564655816,-0.012294009104191872,0.018662035045719616,0.002847470785288575,-0.00636110827159575
2025-06,0.15429236739136987,0.09521508307409099,0.04515634115935918,0.04034522458574319,0.04522551991265389,0.08192356328995198,0.03299556346267862,0.027206561321192924,0.03503322743089221,0.03990653551234513,0.04522551991265411
2025-07,0.05918625566578828,0.0430728855846545,0.0394480669474262,0.035260169277946396,0.03262629590093158,0.03884770553563044,0.05461334909080251,0.023927238685563346,0.05450696539997457,0.03618796371697752,0.03262629590093136
2025-08,-0.01820270874079799,-0.006589377068855429,0.011823047317322422,0.013269745980490022,0.010137655387180367,0.014495565730507476,0.01129328543082364,0.013722269128538578,0.013413140816673774,0.010983307145853827,0.01013765538718081
2025-09,0.10348387933660419,0.07048913969100834,0.05157709455981152,0.04725977699985018,0.05157709455981152,0.07874060481482337,0.06687599179717729,0.0418394008244809,0.053929218501109766,0.03784567237859737,0.05157709455981152
2025-10,0.2238961146094698,0.14552536316648323,0.07537876573477797,0.0683153596544046,0.07537876573477842,0.1475252863705392,0.09887809347179033,0.05903388313974145,0.0836398043407125,0.07270636560724131,0.07537876573477797
2025-11,-0.0428781045386889,-0.008061569492852194,0.008336086058086778,0.014456330086683788,0.008336086058086778,-0.02064025829159144,-0.03191453544762746,0.017691911536887206,-0.015665202592307415,0.012688425741526288,0.008336086058087222
2025-12,0.0952102388751952,0.04504173700546943,-0.004377109255112144,-0.009531613509586978,-0.004377109255112366,0.021341991256541126,0.016624327503206304,-0.013283543366254591,0.00731529023623656,-0.005825017955379708,-0.004377109255112366
2026-01,0.2695880666970263,0.1583663370006041,0.05781700763499664,0.046413612969423035,0.05781700763499642,0.12155425603051517,0.15176528322673088,0.03187408824549576,0.10044238205843281,0.011145779600439498,0.013700983077861384
2026-02,0.21597444820552947,0.13806761688611746,0.033054398235017324,0.033196509849069855,0.033054398235017546,0.08879018965109187,0.14367561578029786,0.017717412779134634,0.07332159518117942,-0.009213725718335453,-0.009213725718335897
2026-03,-0.2012112756525919,-0.11423468393849567,-0.040601105001359605,-0.03189641414892508,-0.040601105001359494,-0.11417374362197719,-0.15210542219951084,-0.008569263716492248,-0.09566854757319199,-0.0011964946957193634,-0.0011964946957188083
2026-04,0.3340845847833771,0.18207788097031852,0.09696447179932055,0.07684223316668737,0.0969644717993201,0.1540180741031516,0.23126043797615337,0.05977655665335058,0.06932086662984904,0.0273161041502632,0.027316104150263865
2026-05,0.35496585130023095,0.2151619069442865,0.09469222799754107,0.08041126465898363,0.09469222799754107,0.19430657088157588,0.24340088548542904,0.05551846971369301,0.14281400298411517,0.024097651856508584,0.024097651856508584
2026-06,0.022084092988693405,0.03173258723965433,0.01887801879323514,0.023246663297350256,0.03171845112052729,0.037891611482473,0.048363791829332925,0.01919258715842953,0.03416607405883343,0.0008200376746694271,0.0008200376746696492
2026-07,-0.23535089469986514,-0.1797286086497677,-0.09916657434268505,-0.10105974514197369,-0.10647070231129785,-0.16741667125245108,-0.18680316336928582,-0.08069684436940616,-0.14891471121632838,9.163581956950217e-05,9.163581956972422e-05
2026-08,0.02519082520735494,0.006316186121243961,-0.006319139199184698,-0.010738214031729032,0.0097924132734597,0.014378399154954202,0.01298463976867259,-0.016622345080053225,0.003985832016662139,-0.016407391010009542,-0.01640739101000943
2026-09,0.01050797794244196,-0.015038495289960596,-0.015689096911951528,-0.026451090579544978,0.0021780788280549856,0.0007177328630751934,0.008128954445714598,-0.024292719849883126,-0.0015415688438160657,-0.01792626841861511,-0.017926268418615443
2026-10,0.025250996047593732,0.01892024626273714,0.01068685393627633,0.010660672349063427,0.01067002197651723,0.008847833887349665,0.027474125056166754,0.007479267107692866,0.00039579629367847424,0.0010856063013655604,0.0010856063013655604
