score,outcome,period,bucket,n,n_days,n_tickers,mean_bp,median_bp,win_rate,mean_net_bp,win_rate_net,se_cluster,t_vs0,p_vs0
f_score,ret_oc_bp,all,0-2,336,34,,37.33,16.41,0.5179,9.33,0.4851,54.66,0.68,0.4994
f_score,ret_oc_bp,all,3-4,932,34,,41.94,12.4,0.5107,13.94,0.4893,50.51,0.83,0.4124
f_score,ret_oc_bp,all,5-7,426,34,,31.44,23.16,0.5235,3.44,0.4953,53.1,0.59,0.5578
f_score,ret_oc_bp,all,NA,590,37,,165.25,59.06,0.5424,137.25,0.5153,73.85,2.24,0.0315
f_score,ret_oc_bp,prior,0-2,213,21,,56.6,44.44,0.5211,28.6,0.507,81.2,0.7,0.4938
f_score,ret_oc_bp,prior,3-4,600,21,,29.12,0.0,0.4967,1.12,0.4783,76.26,0.38,0.7066
f_score,ret_oc_bp,prior,5-7,268,21,,50.09,57.72,0.541,22.09,0.5187,77.73,0.64,0.5266
f_score,ret_oc_bp,prior,NA,406,24,,84.38,8.44,0.5049,56.38,0.4754,96.18,0.88,0.3894
f_score,ret_oc_bp,new,0-2,123,13,,3.95,10.04,0.5122,-24.05,0.4472,53.53,0.07,0.9424
f_score,ret_oc_bp,new,3-4,332,13,,65.11,32.4,0.5361,37.11,0.509,38.7,1.68,0.1182
f_score,ret_oc_bp,new,5-7,158,13,,-0.2,-9.54,0.4937,-28.2,0.4557,58.27,-0.0,0.9973
f_score,ret_oc_bp,new,NA,184,13,,343.68,286.9,0.625,315.68,0.6033,70.35,4.89,0.0004
f_score,ret_bo_simple_bp,all,0-2,49,23,,0.99,53.76,0.5918,-27.01,0.5306,63.6,0.02,0.9878
f_score,ret_bo_simple_bp,all,3-4,110,31,,42.79,-4.34,0.4909,14.79,0.4727,52.6,0.81,0.4223
f_score,ret_bo_simple_bp,all,5-7,47,23,,-31.39,20.07,0.5106,-59.39,0.4894,70.2,-0.45,0.6591
f_score,ret_bo_simple_bp,all,NA,142,33,,13.59,-23.14,0.4718,-14.41,0.4507,67.93,0.2,0.8427
f_score,ret_bo_simple_bp,prior,0-2,28,13,,75.97,35.59,0.5714,47.97,0.5,51.27,1.48,0.1641
f_score,ret_bo_simple_bp,prior,3-4,59,18,,88.12,40.59,0.5593,60.12,0.5424,68.67,1.28,0.2166
f_score,ret_bo_simple_bp,prior,5-7,28,12,,-106.79,-41.13,0.4643,-134.79,0.4286,112.78,-0.95,0.364
f_score,ret_bo_simple_bp,prior,NA,82,21,,-57.32,-93.23,0.439,-85.32,0.4268,107.98,-0.53,0.6014
f_score,ret_bo_simple_bp,new,0-2,21,10,,-99.0,53.76,0.619,-127.0,0.5714,116.33,-0.85,0.4169
f_score,ret_bo_simple_bp,new,3-4,51,13,,-9.65,-46.37,0.4118,-37.65,0.3922,80.2,-0.12,0.9062
f_score,ret_bo_simple_bp,new,5-7,19,11,,79.72,36.0,0.5789,51.72,0.5789,67.12,1.19,0.2624
f_score,ret_bo_simple_bp,new,NA,60,12,,110.5,4.07,0.5167,82.5,0.4833,70.2,1.57,0.1438
f_score,ret_bo_simple_stoplb_bp,all,0-2,49,23,,23.63,53.76,0.5918,-4.37,0.5306,51.04,0.46,0.648
f_score,ret_bo_simple_stoplb_bp,all,3-4,110,31,,62.97,-4.34,0.4909,34.97,0.4727,48.32,1.3,0.2024
f_score,ret_bo_simple_stoplb_bp,all,5-7,47,23,,-13.68,20.07,0.5106,-41.68,0.4894,64.88,-0.21,0.8349
f_score,ret_bo_simple_stoplb_bp,all,NA,142,33,,97.11,-23.14,0.4718,69.11,0.4507,49.64,1.96,0.0592
f_score,ret_bo_simple_stoplb_bp,prior,0-2,28,13,,75.97,35.59,0.5714,47.97,0.5,51.27,1.48,0.1641
f_score,ret_bo_simple_stoplb_bp,prior,3-4,59,18,,91.76,40.59,0.5593,63.76,0.5424,67.53,1.36,0.192
f_score,ret_bo_simple_stoplb_bp,prior,5-7,28,12,,-77.06,-41.13,0.4643,-105.06,0.4286,102.08,-0.75,0.4661
f_score,ret_bo_simple_stoplb_bp,prior,NA,82,21,,50.0,-93.23,0.439,22.0,0.4268,76.2,0.66,0.5191
f_score,ret_bo_simple_stoplb_bp,new,0-2,21,10,,-46.17,53.76,0.619,-74.17,0.5714,86.38,-0.53,0.6059
f_score,ret_bo_simple_stoplb_bp,new,3-4,51,13,,29.67,-46.37,0.4118,1.67,0.3922,69.62,0.43,0.6776
f_score,ret_bo_simple_stoplb_bp,new,5-7,19,11,,79.72,36.0,0.5789,51.72,0.5789,67.12,1.19,0.2624
f_score,ret_bo_simple_stoplb_bp,new,NA,60,12,,161.48,4.07,0.5167,133.48,0.4833,61.14,2.64,0.0229
f_score,ret_bo_simple_stopub_bp,all,0-2,49,23,,-308.25,-500.0,0.2653,-336.25,0.2245,48.08,-6.41,0.0
f_score,ret_bo_simple_stopub_bp,all,3-4,110,31,,-321.49,-500.0,0.1636,-349.49,0.1545,26.36,-12.2,0.0
f_score,ret_bo_simple_stopub_bp,all,5-7,47,23,,-383.24,-500.0,0.1064,-411.24,0.1064,33.23,-11.53,0.0
f_score,ret_bo_simple_stopub_bp,all,NA,142,33,,-429.96,-500.0,0.0423,-457.96,0.0423,27.82,-15.45,0.0
f_score,ret_bo_simple_stopub_bp,prior,0-2,28,13,,-342.04,-500.0,0.1786,-370.04,0.1429,63.02,-5.43,0.0002
f_score,ret_bo_simple_stopub_bp,prior,3-4,59,18,,-358.66,-500.0,0.1356,-386.66,0.1356,38.4,-9.34,0.0
f_score,ret_bo_simple_stopub_bp,prior,5-7,28,12,,-453.38,-500.0,0.0714,-481.38,0.0714,23.85,-19.01,0.0
f_score,ret_bo_simple_stopub_bp,prior,NA,82,21,,-430.83,-500.0,0.0488,-458.83,0.0488,41.95,-10.27,0.0
f_score,ret_bo_simple_stopub_bp,new,0-2,21,10,,-263.2,-500.0,0.381,-291.2,0.3333,77.52,-3.4,0.0079
f_score,ret_bo_simple_stopub_bp,new,3-4,51,13,,-278.49,-500.0,0.1961,-306.49,0.1765,30.4,-9.16,0.0
f_score,ret_bo_simple_stopub_bp,new,5-7,19,11,,-279.88,-500.0,0.1579,-307.88,0.1579,63.39,-4.42,0.0013
f_score,ret_bo_simple_stopub_bp,new,NA,60,12,,-428.77,-500.0,0.0333,-456.77,0.0333,34.33,-12.49,0.0
f_score,ret_bo_live_bp,all,0-2,121,33,,14.01,0.0,0.4959,-13.99,0.4628,47.66,0.29,0.7707
f_score,ret_bo_live_bp,all,3-4,308,34,,18.29,11.01,0.526,-9.71,0.4675,38.76,0.47,0.64
f_score,ret_bo_live_bp,all,5-7,142,31,,-1.72,-18.27,0.4507,-29.72,0.3944,44.21,-0.04,0.9692
f_score,ret_bo_live_bp,all,NA,267,36,,56.71,15.95,0.5169,28.71,0.4944,67.5,0.84,0.4065
f_score,ret_bo_live_bp,prior,0-2,79,21,,42.81,0.0,0.4937,14.81,0.443,61.88,0.69,0.497
f_score,ret_bo_live_bp,prior,3-4,191,21,,-0.49,-2.21,0.4974,-28.49,0.445,53.42,-0.01,0.9927
f_score,ret_bo_live_bp,prior,5-7,97,18,,-18.31,-29.9,0.433,-46.31,0.3711,58.83,-0.31,0.7594
f_score,ret_bo_live_bp,prior,NA,170,23,,-47.8,-73.18,0.4471,-75.8,0.4294,92.71,-0.52,0.6113
f_score,ret_bo_live_bp,new,0-2,42,12,,-40.16,13.62,0.5,-68.16,0.5,69.38,-0.58,0.5744
f_score,ret_bo_live_bp,new,3-4,117,13,,48.96,31.07,0.5726,20.96,0.5043,57.51,0.85,0.4112
f_score,ret_bo_live_bp,new,5-7,45,13,,34.03,-2.98,0.4889,6.03,0.4444,62.99,0.54,0.5989
f_score,ret_bo_live_bp,new,NA,97,13,,239.88,154.7,0.6392,211.88,0.6082,63.49,3.78,0.0026
f_score,ret_bo_live_stoplb_bp,all,0-2,121,33,,38.3,0.0,0.4959,10.3,0.4628,41.71,0.92,0.3653
f_score,ret_bo_live_stoplb_bp,all,3-4,308,34,,41.52,11.01,0.526,13.52,0.4675,35.06,1.18,0.2447
f_score,ret_bo_live_stoplb_bp,all,5-7,142,31,,7.8,-18.27,0.4507,-20.2,0.3944,41.61,0.19,0.8525
f_score,ret_bo_live_stoplb_bp,all,NA,267,36,,156.35,15.95,0.5169,128.35,0.4944,49.3,3.17,0.0031
f_score,ret_bo_live_stoplb_bp,prior,0-2,79,21,,58.98,0.0,0.4937,30.98,0.443,55.6,1.06,0.3014
f_score,ret_bo_live_stoplb_bp,prior,3-4,191,21,,30.17,-2.21,0.4974,2.17,0.445,46.24,0.65,0.5214
f_score,ret_bo_live_stoplb_bp,prior,5-7,97,18,,-7.09,-29.9,0.433,-35.09,0.3711,55.35,-0.13,0.8996
f_score,ret_bo_live_stoplb_bp,prior,NA,170,23,,82.96,-73.18,0.4471,54.96,0.4294,65.46,1.27,0.2183
f_score,ret_bo_live_stoplb_bp,new,0-2,42,12,,-0.61,13.62,0.5,-28.61,0.5,57.06,-0.01,0.9917
f_score,ret_bo_live_stoplb_bp,new,3-4,117,13,,60.04,31.07,0.5726,32.04,0.5043,56.57,1.06,0.3094
f_score,ret_bo_live_stoplb_bp,new,5-7,45,13,,39.91,-2.98,0.4889,11.91,0.4444,59.23,0.67,0.5132
f_score,ret_bo_live_stoplb_bp,new,NA,97,13,,284.97,154.7,0.6392,256.97,0.6082,56.81,5.02,0.0003
f_score,ret_bo_live_stopub_bp,all,0-2,121,33,,-143.91,-228.75,0.3636,-171.91,0.3388,53.77,-2.68,0.0116
f_score,ret_bo_live_stopub_bp,all,3-4,308,34,,-209.17,-500.0,0.2825,-237.17,0.2468,38.97,-5.37,0.0
f_score,ret_bo_live_stopub_bp,all,5-7,142,31,,-240.61,-500.0,0.2465,-268.61,0.2254,52.91,-4.55,0.0001
f_score,ret_bo_live_stopub_bp,all,NA,267,36,,-306.01,-500.0,0.1498,-334.01,0.1423,32.42,-9.44,0.0
f_score,ret_bo_live_stopub_bp,prior,0-2,79,21,,-163.1,-325.82,0.3291,-191.1,0.2911,73.84,-2.21,0.039
f_score,ret_bo_live_stopub_bp,prior,3-4,191,21,,-242.91,-500.0,0.2304,-270.91,0.2042,49.19,-4.94,0.0001
f_score,ret_bo_live_stopub_bp,prior,5-7,97,18,,-275.1,-500.0,0.2165,-303.1,0.2062,71.72,-3.84,0.0013
f_score,ret_bo_live_stopub_bp,prior,NA,170,23,,-321.12,-500.0,0.1118,-349.12,0.1118,46.52,-6.9,0.0
f_score,ret_bo_live_stopub_bp,new,0-2,42,12,,-107.8,-101.47,0.4286,-135.8,0.4286,73.04,-1.48,0.168
f_score,ret_bo_live_stopub_bp,new,3-4,117,13,,-154.1,-169.38,0.3675,-182.1,0.3162,64.17,-2.4,0.0334
f_score,ret_bo_live_stopub_bp,new,5-7,45,13,,-166.27,-159.75,0.3111,-194.27,0.2667,63.91,-2.6,0.0232
f_score,ret_bo_live_stopub_bp,new,NA,97,13,,-279.52,-500.0,0.2165,-307.52,0.1959,38.26,-7.31,0.0
mf_rank,ret_oc_bp,all,Q1,450,34,,58.12,30.22,0.5378,30.12,0.5067,39.96,1.45,0.1553
mf_rank,ret_oc_bp,all,Q2,412,34,,43.6,18.89,0.517,15.6,0.4927,48.9,0.89,0.379
mf_rank,ret_oc_bp,all,Q3,413,33,,24.71,10.31,0.5036,-3.29,0.4818,43.94,0.56,0.5778
mf_rank,ret_oc_bp,all,Q4,419,33,,25.54,5.24,0.5012,-2.46,0.4773,93.49,0.27,0.7865
mf_rank,ret_oc_bp,all,NA,590,37,,165.25,59.06,0.5424,137.25,0.5153,73.85,2.24,0.0315
mf_rank,ret_oc_bp,prior,Q1,272,21,,103.6,107.74,0.5809,75.6,0.5625,58.98,1.76,0.0943
mf_rank,ret_oc_bp,prior,Q2,258,21,,0.28,-19.2,0.4651,-27.72,0.4419,70.6,0.0,0.9969
mf_rank,ret_oc_bp,prior,Q3,236,20,,10.41,0.0,0.4915,-17.59,0.4746,72.83,0.14,0.8879
mf_rank,ret_oc_bp,prior,Q4,315,20,,38.87,14.49,0.5079,10.87,0.4921,120.04,0.32,0.7496
mf_rank,ret_oc_bp,prior,NA,406,24,,84.38,8.44,0.5049,56.38,0.4754,96.18,0.88,0.3894
mf_rank,ret_oc_bp,new,Q1,178,13,,-11.37,-32.29,0.4719,-39.37,0.4213,39.01,-0.29,0.7757
mf_rank,ret_oc_bp,new,Q2,154,13,,116.18,71.43,0.6039,88.18,0.5779,49.39,2.35,0.0365
mf_rank,ret_oc_bp,new,Q3,177,13,,43.77,12.53,0.5198,15.77,0.4915,35.81,1.22,0.245
mf_rank,ret_oc_bp,new,Q4,104,13,,-14.85,-13.17,0.4808,-42.85,0.4327,103.48,-0.14,0.8883
mf_rank,ret_oc_bp,new,NA,184,13,,343.68,286.9,0.625,315.68,0.6033,70.35,4.89,0.0004
mf_rank,ret_bo_simple_bp,all,Q1,54,27,,53.52,30.85,0.5185,25.52,0.5185,61.56,0.87,0.3925
mf_rank,ret_bo_simple_bp,all,Q2,57,24,,7.77,-2.66,0.4912,-20.23,0.4386,51.27,0.15,0.8809
mf_rank,ret_bo_simple_bp,all,Q3,48,26,,38.52,49.08,0.5625,10.52,0.5417,68.09,0.57,0.5766
mf_rank,ret_bo_simple_bp,all,Q4,47,20,,-40.47,1.73,0.5106,-68.47,0.4681,81.22,-0.5,0.624
mf_rank,ret_bo_simple_bp,all,NA,142,33,,13.59,-23.14,0.4718,-14.41,0.4507,67.93,0.2,0.8427
mf_rank,ret_bo_simple_bp,prior,Q1,37,16,,64.75,34.52,0.5135,36.75,0.5135,86.59,0.75,0.4662
mf_rank,ret_bo_simple_bp,prior,Q2,29,13,,9.45,20.07,0.5517,-18.55,0.4828,72.1,0.13,0.8979
mf_rank,ret_bo_simple_bp,prior,Q3,20,14,,36.18,87.77,0.7,8.18,0.65,74.3,0.49,0.6344
mf_rank,ret_bo_simple_bp,prior,Q4,29,11,,32.52,-24.81,0.4483,4.52,0.4138,79.57,0.41,0.6914
mf_rank,ret_bo_simple_bp,prior,NA,82,21,,-57.32,-93.23,0.439,-85.32,0.4268,107.98,-0.53,0.6014
mf_rank,ret_bo_simple_bp,new,Q1,17,11,,29.09,29.84,0.5294,1.09,0.5294,52.58,0.55,0.5922
mf_rank,ret_bo_simple_bp,new,Q2,28,11,,6.02,-47.77,0.4286,-21.98,0.3929,75.99,0.08,0.9384
mf_rank,ret_bo_simple_bp,new,Q3,28,12,,40.19,-21.4,0.4643,12.19,0.4643,106.86,0.38,0.714
mf_rank,ret_bo_simple_bp,new,Q4,18,9,,-158.05,64.05,0.6111,-186.05,0.5556,160.87,-0.98,0.3546
mf_rank,ret_bo_simple_bp,new,NA,60,12,,110.5,4.07,0.5167,82.5,0.4833,70.2,1.57,0.1438
mf_rank,ret_bo_simple_stoplb_bp,all,Q1,54,27,,63.93,30.85,0.5185,35.93,0.5185,58.09,1.1,0.2811
mf_rank,ret_bo_simple_stoplb_bp,all,Q2,57,24,,8.7,-2.66,0.4912,-19.3,0.4386,50.76,0.17,0.8655
mf_rank,ret_bo_simple_stoplb_bp,all,Q3,48,26,,66.17,49.08,0.5625,38.17,0.5417,59.92,1.1,0.2799
mf_rank,ret_bo_simple_stoplb_bp,all,Q4,47,20,,6.75,1.73,0.5106,-21.25,0.4681,63.52,0.11,0.9165
mf_rank,ret_bo_simple_stoplb_bp,all,NA,142,33,,97.11,-23.14,0.4718,69.11,0.4507,49.64,1.96,0.0592
mf_rank,ret_bo_simple_stoplb_bp,prior,Q1,37,16,,79.94,34.52,0.5135,51.94,0.5135,80.61,0.99,0.3371
mf_rank,ret_bo_simple_stoplb_bp,prior,Q2,29,13,,9.45,20.07,0.5517,-18.55,0.4828,72.1,0.13,0.8979
mf_rank,ret_bo_simple_stoplb_bp,prior,Q3,20,14,,56.66,87.77,0.7,28.66,0.65,63.73,0.89,0.3901
mf_rank,ret_bo_simple_stoplb_bp,prior,Q4,29,11,,35.12,-24.81,0.4483,7.12,0.4138,78.74,0.45,0.6651
mf_rank,ret_bo_simple_stoplb_bp,prior,NA,82,21,,50.0,-93.23,0.439,22.0,0.4268,76.2,0.66,0.5191
mf_rank,ret_bo_simple_stoplb_bp,new,Q1,17,11,,29.09,29.84,0.5294,1.09,0.5294,52.58,0.55,0.5922
mf_rank,ret_bo_simple_stoplb_bp,new,Q2,28,11,,7.92,-47.77,0.4286,-20.08,0.3929,74.66,0.11,0.9177
mf_rank,ret_bo_simple_stoplb_bp,new,Q3,28,12,,72.97,-21.4,0.4643,44.97,0.4643,94.33,0.77,0.4555
mf_rank,ret_bo_simple_stoplb_bp,new,Q4,18,9,,-38.96,64.05,0.6111,-66.96,0.5556,106.56,-0.37,0.7241
mf_rank,ret_bo_simple_stoplb_bp,new,NA,60,12,,161.48,4.07,0.5167,133.48,0.4833,61.14,2.64,0.0229
mf_rank,ret_bo_simple_stopub_bp,all,Q1,54,27,,-318.31,-500.0,0.1667,-346.31,0.1667,46.83,-6.8,0.0
mf_rank,ret_bo_simple_stopub_bp,all,Q2,57,24,,-295.28,-500.0,0.2105,-323.28,0.193,33.62,-8.78,0.0
mf_rank,ret_bo_simple_stopub_bp,all,Q3,48,26,,-381.05,-500.0,0.125,-409.05,0.1042,29.13,-13.08,0.0
mf_rank,ret_bo_simple_stopub_bp,all,Q4,47,20,,-344.05,-500.0,0.1915,-372.05,0.1702,54.54,-6.31,0.0
mf_rank,ret_bo_simple_stopub_bp,all,NA,142,33,,-429.96,-500.0,0.0423,-457.96,0.0423,27.82,-15.45,0.0
mf_rank,ret_bo_simple_stopub_bp,prior,Q1,37,16,,-357.56,-500.0,0.1351,-385.56,0.1351,51.02,-7.01,0.0
mf_rank,ret_bo_simple_stopub_bp,prior,Q2,29,13,,-361.15,-500.0,0.1379,-389.15,0.1379,42.95,-8.41,0.0
mf_rank,ret_bo_simple_stopub_bp,prior,Q3,20,14,,-385.86,-500.0,0.2,-413.86,0.15,54.83,-7.04,0.0
mf_rank,ret_bo_simple_stopub_bp,prior,Q4,29,11,,-414.23,-500.0,0.069,-442.23,0.069,51.5,-8.04,0.0
mf_rank,ret_bo_simple_stopub_bp,prior,NA,82,21,,-430.83,-500.0,0.0488,-458.83,0.0488,41.95,-10.27,0.0
mf_rank,ret_bo_simple_stopub_bp,new,Q1,17,11,,-232.89,-500.0,0.2353,-260.89,0.2353,102.72,-2.27,0.0468
mf_rank,ret_bo_simple_stopub_bp,new,Q2,28,11,,-227.06,-500.0,0.2857,-255.06,0.25,36.88,-6.16,0.0001
mf_rank,ret_bo_simple_stopub_bp,new,Q3,28,12,,-377.61,-500.0,0.0714,-405.61,0.0714,31.95,-11.82,0.0
mf_rank,ret_bo_simple_stopub_bp,new,Q4,18,9,,-230.99,-500.0,0.3889,-258.99,0.3333,94.51,-2.44,0.0403
mf_rank,ret_bo_simple_stopub_bp,new,NA,60,12,,-428.77,-500.0,0.0333,-456.77,0.0333,34.33,-12.49,0.0
mf_rank,ret_bo_live_bp,all,Q1,148,33,,46.62,16.7,0.5338,18.62,0.473,39.88,1.17,0.251
mf_rank,ret_bo_live_bp,all,Q2,133,33,,33.1,26.48,0.5564,5.1,0.4962,50.67,0.65,0.5182
mf_rank,ret_bo_live_bp,all,Q3,142,33,,11.54,1.26,0.507,-16.46,0.4296,41.67,0.28,0.7836
mf_rank,ret_bo_live_bp,all,Q4,148,30,,-39.57,-53.04,0.4122,-67.57,0.3986,53.18,-0.74,0.4627
mf_rank,ret_bo_live_bp,all,NA,267,36,,56.71,15.95,0.5169,28.71,0.4944,67.5,0.84,0.4065
mf_rank,ret_bo_live_bp,prior,Q1,104,21,,65.52,9.24,0.5288,37.52,0.4615,51.32,1.28,0.2163
mf_rank,ret_bo_live_bp,prior,Q2,77,20,,1.87,19.84,0.5455,-26.13,0.4675,78.29,0.02,0.9812
mf_rank,ret_bo_live_bp,prior,Q3,77,20,,-37.02,-29.9,0.4805,-65.02,0.4156,54.3,-0.68,0.5036
mf_rank,ret_bo_live_bp,prior,Q4,109,19,,-23.81,-47.74,0.3853,-51.81,0.367,62.37,-0.38,0.7071
mf_rank,ret_bo_live_bp,prior,NA,170,23,,-47.8,-73.18,0.4471,-75.8,0.4294,92.71,-0.52,0.6113
mf_rank,ret_bo_live_bp,new,Q1,44,12,,1.97,27.91,0.5455,-26.03,0.5,54.84,0.04,0.972
mf_rank,ret_bo_live_bp,new,Q2,56,13,,76.05,36.12,0.5714,48.05,0.5357,62.47,1.22,0.2469
mf_rank,ret_bo_live_bp,new,Q3,65,13,,69.07,10.55,0.5385,41.07,0.4462,65.37,1.06,0.3115
mf_rank,ret_bo_live_bp,new,Q4,39,11,,-83.63,-80.42,0.4872,-111.63,0.4872,97.91,-0.85,0.4131
mf_rank,ret_bo_live_bp,new,NA,97,13,,239.88,154.7,0.6392,211.88,0.6082,63.49,3.78,0.0026
mf_rank,ret_bo_live_stoplb_bp,all,Q1,148,33,,51.3,16.7,0.5338,23.3,0.473,39.22,1.31,0.2002
mf_rank,ret_bo_live_stoplb_bp,all,Q2,133,33,,51.58,26.48,0.5564,23.58,0.4962,45.39,1.14,0.2642
mf_rank,ret_bo_live_stoplb_bp,all,Q3,142,33,,22.79,1.26,0.507,-5.21,0.4296,39.96,0.57,0.5725
mf_rank,ret_bo_live_stoplb_bp,all,Q4,148,30,,5.69,-53.04,0.4122,-22.31,0.3986,44.03,0.13,0.8981
mf_rank,ret_bo_live_stoplb_bp,all,NA,267,36,,156.35,15.95,0.5169,128.35,0.4944,49.3,3.17,0.0031
mf_rank,ret_bo_live_stoplb_bp,prior,Q1,104,21,,67.54,9.24,0.5288,39.54,0.4615,51.43,1.31,0.2039
mf_rank,ret_bo_live_stoplb_bp,prior,Q2,77,20,,33.21,19.84,0.5455,5.21,0.4675,67.01,0.5,0.6259
mf_rank,ret_bo_live_stoplb_bp,prior,Q3,77,20,,-20.94,-29.9,0.4805,-48.94,0.4156,51.76,-0.4,0.6903
mf_rank,ret_bo_live_stoplb_bp,prior,Q4,109,19,,16.21,-47.74,0.3853,-11.79,0.367,51.46,0.31,0.7564
mf_rank,ret_bo_live_stoplb_bp,prior,NA,170,23,,82.96,-73.18,0.4471,54.96,0.4294,65.46,1.27,0.2183
mf_rank,ret_bo_live_stoplb_bp,new,Q1,44,12,,12.92,27.91,0.5455,-15.08,0.5,49.58,0.26,0.7992
mf_rank,ret_bo_live_stoplb_bp,new,Q2,56,13,,76.84,36.12,0.5714,48.84,0.5357,62.08,1.24,0.2394
mf_rank,ret_bo_live_stoplb_bp,new,Q3,65,13,,74.59,10.55,0.5385,46.59,0.4462,63.41,1.18,0.2622
mf_rank,ret_bo_live_stoplb_bp,new,Q4,39,11,,-23.72,-80.42,0.4872,-51.72,0.4872,84.7,-0.28,0.7852
mf_rank,ret_bo_live_stoplb_bp,new,NA,97,13,,284.97,154.7,0.6392,256.97,0.6082,56.81,5.02,0.0003
mf_rank,ret_bo_live_stopub_bp,all,Q1,148,33,,-209.19,-500.0,0.2838,-237.19,0.2568,54.48,-3.84,0.0005
mf_rank,ret_bo_live_stopub_bp,all,Q2,133,33,,-111.44,-95.49,0.3759,-139.44,0.3534,44.21,-2.52,0.0169
mf_rank,ret_bo_live_stopub_bp,all,Q3,142,33,,-187.25,-338.59,0.338,-215.25,0.2746,36.88,-5.08,0.0
mf_rank,ret_bo_live_stopub_bp,all,Q4,148,30,,-294.82,-500.0,0.1757,-322.82,0.1689,50.43,-5.85,0.0
mf_rank,ret_bo_live_stopub_bp,all,NA,267,36,,-306.01,-500.0,0.1498,-334.01,0.1423,32.42,-9.44,0.0
mf_rank,ret_bo_live_stopub_bp,prior,Q1,104,21,,-220.27,-500.0,0.25,-248.27,0.2308,75.58,-2.91,0.0086
mf_rank,ret_bo_live_stopub_bp,prior,Q2,77,20,,-117.8,-149.82,0.3766,-145.8,0.3377,66.63,-1.77,0.0931
mf_rank,ret_bo_live_stopub_bp,prior,Q3,77,20,,-221.89,-500.0,0.3117,-249.89,0.2727,40.21,-5.52,0.0
mf_rank,ret_bo_live_stopub_bp,prior,Q4,109,19,,-338.55,-500.0,0.1101,-366.55,0.1009,54.1,-6.26,0.0
mf_rank,ret_bo_live_stopub_bp,prior,NA,170,23,,-321.12,-500.0,0.1118,-349.12,0.1118,46.52,-6.9,0.0
mf_rank,ret_bo_live_stopub_bp,new,Q1,44,12,,-182.99,-430.59,0.3636,-210.99,0.3182,50.24,-3.64,0.0039
mf_rank,ret_bo_live_stopub_bp,new,Q2,56,13,,-102.7,-80.28,0.375,-130.7,0.375,55.43,-1.85,0.0886
mf_rank,ret_bo_live_stopub_bp,new,Q3,65,13,,-146.21,-161.97,0.3692,-174.21,0.2769,65.82,-2.22,0.0463
mf_rank,ret_bo_live_stopub_bp,new,Q4,39,11,,-172.62,-500.0,0.359,-200.62,0.359,102.79,-1.68,0.124
mf_rank,ret_bo_live_stopub_bp,new,NA,97,13,,-279.52,-500.0,0.2165,-307.52,0.1959,38.26,-7.31,0.0
rs,ret_oc_bp,all,Q1,347,23,,141.84,62.57,0.5706,113.84,0.5331,58.48,2.43,0.024
rs,ret_oc_bp,all,Q2,347,23,,140.38,66.96,0.5533,112.38,0.5389,36.46,3.85,0.0009
rs,ret_oc_bp,all,Q3,347,23,,153.92,84.62,0.5677,125.92,0.5331,39.72,3.88,0.0008
rs,ret_oc_bp,all,Q4,347,23,,196.84,142.45,0.6081,168.84,0.585,45.7,4.31,0.0003
rs,ret_oc_bp,all,NA,896,35,,-63.75,-76.4,0.4408,-91.75,0.4174,103.24,-0.62,0.541
rs,ret_oc_bp,prior,Q1,117,10,,350.63,195.2,0.6068,322.63,0.5897,97.75,3.59,0.0059
rs,ret_oc_bp,prior,Q2,142,10,,224.34,150.3,0.6408,196.34,0.6338,59.97,3.74,0.0046
rs,ret_oc_bp,prior,Q3,191,10,,174.75,109.89,0.6021,146.75,0.5759,39.77,4.39,0.0017
rs,ret_oc_bp,prior,Q4,171,10,,232.08,160.82,0.6374,204.08,0.6199,53.13,4.37,0.0018
rs,ret_oc_bp,prior,NA,866,23,,-79.37,-86.08,0.4307,-107.37,0.4065,107.25,-0.74,0.4671
rs,ret_oc_bp,new,Q1,230,13,,35.63,30.8,0.5522,7.63,0.5043,44.18,0.81,0.4357
rs,ret_oc_bp,new,Q2,205,13,,82.22,0.0,0.4927,54.22,0.4732,38.93,2.11,0.0563
rs,ret_oc_bp,new,Q3,156,13,,128.41,17.18,0.5256,100.41,0.4808,76.18,1.69,0.1177
rs,ret_oc_bp,new,Q4,176,13,,162.61,114.58,0.5795,134.61,0.5511,74.5,2.18,0.0497
rs,ret_oc_bp,new,NA,30,12,,386.95,355.57,0.7333,358.95,0.7333,158.27,2.44,0.0325
rs,ret_bo_simple_bp,all,Q1,71,21,,-17.07,-12.95,0.4789,-45.07,0.4507,51.79,-0.33,0.7452
rs,ret_bo_simple_bp,all,Q2,57,22,,34.12,36.12,0.5263,6.12,0.5263,61.94,0.55,0.5875
rs,ret_bo_simple_bp,all,Q3,58,19,,64.51,-7.61,0.4828,36.51,0.4138,53.81,1.2,0.2461
rs,ret_bo_simple_bp,all,Q4,72,20,,76.69,-61.46,0.4444,48.69,0.4306,72.95,1.05,0.3063
rs,ret_bo_simple_bp,all,NA,90,22,,-53.19,44.63,0.5556,-81.19,0.5333,127.41,-0.42,0.6806
rs,ret_bo_simple_bp,prior,Q1,26,8,,4.74,-53.64,0.4231,-23.26,0.3846,62.29,0.08,0.9414
rs,ret_bo_simple_bp,prior,Q2,22,10,,59.89,55.47,0.5455,31.89,0.5455,91.39,0.66,0.5287
rs,ret_bo_simple_bp,prior,Q3,29,9,,58.82,12.53,0.5172,30.82,0.4483,71.26,0.83,0.4331
rs,ret_bo_simple_bp,prior,Q4,38,9,,61.22,-126.68,0.3684,33.22,0.3421,111.35,0.55,0.5975
rs,ret_bo_simple_bp,prior,NA,82,16,,-71.18,52.13,0.561,-99.18,0.5488,145.45,-0.49,0.6317
rs,ret_bo_simple_bp,new,Q1,45,13,,-29.67,6.51,0.5111,-57.67,0.4889,74.47,-0.4,0.6973
rs,ret_bo_simple_bp,new,Q2,35,12,,17.93,36.0,0.5143,-10.07,0.5143,86.76,0.21,0.8401
rs,ret_bo_simple_bp,new,Q3,29,10,,70.21,-19.12,0.4483,42.21,0.3793,84.56,0.83,0.4278
rs,ret_bo_simple_bp,new,Q4,34,11,,93.99,61.77,0.5294,65.99,0.5294,100.1,0.94,0.3699
rs,ret_bo_simple_bp,new,NA,8,6,,131.15,-6.13,0.5,103.15,0.375,84.17,1.56,0.1799
rs,ret_bo_simple_stoplb_bp,all,Q1,71,21,,3.68,-12.95,0.4789,-24.32,0.4507,40.27,0.09,0.9282
rs,ret_bo_simple_stoplb_bp,all,Q2,57,22,,49.49,36.12,0.5263,21.49,0.5263,56.97,0.87,0.3948
rs,ret_bo_simple_stoplb_bp,all,Q3,58,19,,77.39,-7.61,0.4828,49.39,0.4138,50.28,1.54,0.1411
rs,ret_bo_simple_stoplb_bp,all,Q4,72,20,,128.41,-61.46,0.4444,100.41,0.4306,70.83,1.81,0.0857
rs,ret_bo_simple_stoplb_bp,all,NA,90,22,,49.05,44.63,0.5556,21.05,0.5333,83.24,0.59,0.562
rs,ret_bo_simple_stoplb_bp,prior,Q1,26,8,,13.56,-53.64,0.4231,-14.44,0.3846,58.7,0.23,0.8239
rs,ret_bo_simple_stoplb_bp,prior,Q2,22,10,,71.22,55.47,0.5455,43.22,0.5455,88.3,0.81,0.4407
rs,ret_bo_simple_stoplb_bp,prior,Q3,29,9,,68.73,12.53,0.5172,40.73,0.4483,67.81,1.01,0.3405
rs,ret_bo_simple_stoplb_bp,prior,Q4,38,9,,82.47,-126.68,0.3684,54.47,0.3421,115.45,0.71,0.4953
rs,ret_bo_simple_stoplb_bp,prior,NA,82,16,,29.73,52.13,0.561,1.73,0.5488,95.6,0.31,0.7601
rs,ret_bo_simple_stoplb_bp,new,Q1,45,13,,-2.03,6.51,0.5111,-30.03,0.4889,55.11,-0.04,0.9712
rs,ret_bo_simple_stoplb_bp,new,Q2,35,12,,35.84,36.0,0.5143,7.84,0.5143,77.86,0.46,0.6543
rs,ret_bo_simple_stoplb_bp,new,Q3,29,10,,86.06,-19.12,0.4483,58.06,0.3793,77.79,1.11,0.2973
rs,ret_bo_simple_stoplb_bp,new,Q4,34,11,,179.76,61.77,0.5294,151.76,0.5294,87.2,2.06,0.0662
rs,ret_bo_simple_stoplb_bp,new,NA,8,6,,247.06,-6.13,0.5,219.06,0.375,171.97,1.44,0.2103
rs,ret_bo_simple_stopub_bp,all,Q1,71,21,,-360.48,-500.0,0.1408,-388.48,0.1408,38.99,-9.25,0.0
rs,ret_bo_simple_stopub_bp,all,Q2,57,22,,-389.29,-500.0,0.1228,-417.29,0.1228,40.35,-9.65,0.0
rs,ret_bo_simple_stopub_bp,all,Q3,58,19,,-393.31,-500.0,0.1207,-421.31,0.0862,33.49,-11.74,0.0
rs,ret_bo_simple_stopub_bp,all,Q4,72,20,,-320.01,-500.0,0.1389,-348.01,0.125,49.24,-6.5,0.0
rs,ret_bo_simple_stopub_bp,all,NA,90,22,,-398.87,-500.0,0.0889,-426.87,0.0889,26.69,-14.94,0.0
rs,ret_bo_simple_stopub_bp,prior,Q1,26,8,,-500.0,-500.0,0.0,-528.0,0.0,0.0,,
rs,ret_bo_simple_stopub_bp,prior,Q2,22,10,,-430.21,-500.0,0.0909,-458.21,0.0909,43.91,-9.8,0.0
rs,ret_bo_simple_stopub_bp,prior,Q3,29,9,,-370.28,-500.0,0.1379,-398.28,0.1379,58.63,-6.32,0.0002
rs,ret_bo_simple_stopub_bp,prior,Q4,38,9,,-346.67,-500.0,0.1316,-374.67,0.1053,75.89,-4.57,0.0018
rs,ret_bo_simple_stopub_bp,prior,NA,82,16,,-394.93,-500.0,0.0976,-422.93,0.0976,28.42,-13.9,0.0
rs,ret_bo_simple_stopub_bp,new,Q1,45,13,,-279.87,-500.0,0.2222,-307.87,0.2222,43.31,-6.46,0.0
rs,ret_bo_simple_stopub_bp,new,Q2,35,12,,-363.57,-500.0,0.1429,-391.57,0.1429,57.34,-6.34,0.0001
rs,ret_bo_simple_stopub_bp,new,Q3,29,10,,-416.34,-500.0,0.1034,-444.34,0.0345,32.94,-12.64,0.0
rs,ret_bo_simple_stopub_bp,new,Q4,34,11,,-290.21,-500.0,0.1471,-318.21,0.1471,67.3,-4.31,0.0015
rs,ret_bo_simple_stopub_bp,new,NA,8,6,,-439.24,-500.0,0.0,-467.24,0.0,64.45,-6.82,0.001
rs,ret_bo_live_bp,all,Q1,149,23,,34.8,26.11,0.557,6.8,0.4966,50.67,0.69,0.4994
rs,ret_bo_live_bp,all,Q2,140,23,,93.69,17.67,0.5143,65.69,0.4714,41.69,2.25,0.035
rs,ret_bo_live_bp,all,Q3,132,21,,93.08,16.35,0.5152,65.08,0.4924,47.82,1.95,0.0658
rs,ret_bo_live_bp,all,Q4,142,23,,97.46,17.89,0.5211,69.46,0.4859,45.56,2.14,0.0438
rs,ret_bo_live_bp,all,NA,275,26,,-80.72,-42.64,0.4618,-108.72,0.4145,100.74,-0.8,0.4305
rs,ret_bo_live_bp,prior,Q1,65,10,,65.94,-13.98,0.4923,37.94,0.4462,84.45,0.78,0.4549
rs,ret_bo_live_bp,prior,Q2,64,10,,99.92,14.67,0.5156,71.92,0.4531,64.38,1.55,0.1551
rs,ret_bo_live_bp,prior,Q3,76,10,,68.05,-11.59,0.4737,40.05,0.4474,48.73,1.4,0.196
rs,ret_bo_live_bp,prior,Q4,73,10,,55.44,15.95,0.5068,27.44,0.4795,63.2,0.88,0.4032
rs,ret_bo_live_bp,prior,NA,259,18,,-102.37,-48.45,0.4402,-130.37,0.3938,109.71,-0.93,0.3638
rs,ret_bo_live_bp,new,Q1,84,13,,10.69,35.54,0.6071,-17.31,0.5357,61.31,0.17,0.8644
rs,ret_bo_live_bp,new,Q2,76,13,,88.44,22.27,0.5132,60.44,0.4868,56.96,1.55,0.1465
rs,ret_bo_live_bp,new,Q3,56,11,,127.03,83.98,0.5714,99.03,0.5536,91.45,1.39,0.195
rs,ret_bo_live_bp,new,Q4,69,13,,141.91,21.51,0.5362,113.91,0.4928,64.01,2.22,0.0467
rs,ret_bo_live_bp,new,NA,16,8,,269.75,156.11,0.8125,241.75,0.75,113.52,2.38,0.0491
rs,ret_bo_live_stoplb_bp,all,Q1,149,23,,71.44,26.11,0.557,43.44,0.4966,44.56,1.6,0.1232
rs,ret_bo_live_stoplb_bp,all,Q2,140,23,,97.96,17.67,0.5143,69.96,0.4714,40.81,2.4,0.0253
rs,ret_bo_live_stoplb_bp,all,Q3,132,21,,107.7,16.35,0.5152,79.7,0.4924,44.88,2.4,0.0263
rs,ret_bo_live_stoplb_bp,all,Q4,142,23,,143.81,17.89,0.5211,115.81,0.4859,45.56,3.16,0.0046
rs,ret_bo_live_stoplb_bp,all,NA,275,26,,4.65,-42.64,0.4618,-23.35,0.4145,79.34,0.06,0.9537
rs,ret_bo_live_stoplb_bp,prior,Q1,65,10,,111.02,-13.98,0.4923,83.02,0.4462,73.01,1.52,0.1627
rs,ret_bo_live_stoplb_bp,prior,Q2,64,10,,106.59,14.67,0.5156,78.59,0.4531,61.33,1.74,0.1162
rs,ret_bo_live_stoplb_bp,prior,Q3,76,10,,72.68,-11.59,0.4737,44.68,0.4474,48.56,1.5,0.1687
rs,ret_bo_live_stoplb_bp,prior,Q4,73,10,,100.18,15.95,0.5068,72.18,0.4795,66.51,1.51,0.1663
rs,ret_bo_live_stoplb_bp,prior,NA,259,18,,-11.72,-48.45,0.4402,-39.72,0.3938,86.14,-0.14,0.8933
rs,ret_bo_live_stoplb_bp,new,Q1,84,13,,40.81,35.54,0.6071,12.81,0.5357,53.13,0.77,0.4572
rs,ret_bo_live_stoplb_bp,new,Q2,76,13,,90.69,22.27,0.5132,62.69,0.4868,56.96,1.59,0.1373
rs,ret_bo_live_stoplb_bp,new,Q3,56,11,,155.21,83.98,0.5714,127.21,0.5536,80.97,1.92,0.0843
rs,ret_bo_live_stoplb_bp,new,Q4,69,13,,189.98,21.51,0.5362,161.98,0.4928,60.93,3.12,0.0089
rs,ret_bo_live_stoplb_bp,new,NA,16,8,,269.75,156.11,0.8125,241.75,0.75,113.52,2.38,0.0491
rs,ret_bo_live_stopub_bp,all,Q1,149,23,,-208.07,-500.0,0.3423,-236.07,0.2953,45.47,-4.58,0.0001
rs,ret_bo_live_stopub_bp,all,Q2,140,23,,-226.71,-500.0,0.2357,-254.71,0.2214,34.68,-6.54,0.0
rs,ret_bo_live_stopub_bp,all,Q3,132,21,,-209.25,-500.0,0.2576,-237.25,0.2424,46.1,-4.54,0.0002
rs,ret_bo_live_stopub_bp,all,Q4,142,23,,-229.43,-500.0,0.2042,-257.43,0.1972,48.41,-4.74,0.0001
rs,ret_bo_live_stopub_bp,all,NA,275,26,,-271.89,-500.0,0.2145,-299.89,0.1891,73.07,-3.72,0.001
rs,ret_bo_live_stopub_bp,prior,Q1,65,10,,-353.28,-500.0,0.1385,-381.28,0.1231,42.32,-8.35,0.0
rs,ret_bo_live_stopub_bp,prior,Q2,64,10,,-240.19,-500.0,0.2188,-268.19,0.2031,52.4,-4.58,0.0013
rs,ret_bo_live_stopub_bp,prior,Q3,76,10,,-164.35,-271.85,0.2763,-192.35,0.2632,66.05,-2.49,0.0345
rs,ret_bo_live_stopub_bp,prior,Q4,73,10,,-185.22,-500.0,0.2329,-213.22,0.2329,74.67,-2.48,0.035
rs,ret_bo_live_stopub_bp,prior,NA,259,18,,-294.25,-500.0,0.1892,-322.25,0.166,77.95,-3.78,0.0015
rs,ret_bo_live_stopub_bp,new,Q1,84,13,,-95.71,-4.17,0.5,-123.71,0.4286,50.84,-1.88,0.0843
rs,ret_bo_live_stopub_bp,new,Q2,76,13,,-215.35,-500.0,0.25,-243.35,0.2368,46.72,-4.61,0.0006
rs,ret_bo_live_stopub_bp,new,Q3,56,11,,-270.18,-500.0,0.2321,-298.18,0.2143,54.64,-4.95,0.0006
rs,ret_bo_live_stopub_bp,new,Q4,69,13,,-276.2,-500.0,0.1739,-304.2,0.1594,59.11,-4.67,0.0005
rs,ret_bo_live_stopub_bp,new,NA,16,8,,90.07,114.83,0.625,62.07,0.5625,142.69,0.63,0.5479
rs_sign,ret_oc_bp,all,rs<=0,330,23,,140.93,64.69,0.5727,112.93,0.5364,58.23,2.42,0.0242
rs_sign,ret_oc_bp,all,rs>0,1058,23,,163.65,88.83,0.5756,135.65,0.551,33.63,4.87,0.0001
rs_sign,ret_oc_bp,all,NA,896,35,,-63.75,-76.4,0.4408,-91.75,0.4174,103.24,-0.62,0.541
rs_sign,ret_oc_bp,prior,rs<=0,107,10,,355.83,195.2,0.6075,327.83,0.5888,101.41,3.51,0.0066
rs_sign,ret_oc_bp,prior,rs>0,514,10,,209.86,126.86,0.6245,181.86,0.607,39.91,5.26,0.0005
rs_sign,ret_oc_bp,prior,NA,866,23,,-79.37,-86.08,0.4307,-107.37,0.4065,107.25,-0.74,0.4671
rs_sign,ret_oc_bp,new,rs<=0,223,13,,37.82,33.48,0.5561,9.82,0.5112,43.61,0.87,0.4029
rs_sign,ret_oc_bp,new,rs>0,544,13,,119.98,26.99,0.5294,91.98,0.4982,51.5,2.33,0.0381
rs_sign,ret_oc_bp,new,NA,30,12,,386.95,355.57,0.7333,358.95,0.7333,158.27,2.44,0.0325
rs_sign,ret_bo_simple_bp,all,rs<=0,67,20,,-14.46,-12.95,0.4776,-42.46,0.4478,43.56,-0.33,0.7436
rs_sign,ret_bo_simple_bp,all,rs>0,191,23,,57.41,-11.51,0.4817,29.41,0.4555,41.93,1.37,0.1848
rs_sign,ret_bo_simple_bp,all,NA,90,22,,-53.19,44.63,0.5556,-81.19,0.5333,127.41,-0.42,0.6806
rs_sign,ret_bo_simple_bp,prior,rs<=0,23,7,,-23.59,-73.07,0.3913,-51.59,0.3478,61.74,-0.38,0.7155
rs_sign,ret_bo_simple_bp,prior,rs>0,92,10,,65.38,-21.76,0.4674,37.38,0.4348,54.89,1.19,0.2641
rs_sign,ret_bo_simple_bp,prior,NA,82,16,,-71.18,52.13,0.561,-99.18,0.5488,145.45,-0.49,0.6317
rs_sign,ret_bo_simple_bp,new,rs<=0,44,13,,-9.68,17.74,0.5227,-37.68,0.5,59.71,-0.16,0.8739
rs_sign,ret_bo_simple_bp,new,rs>0,99,13,,50.0,-2.66,0.4949,22.0,0.4747,64.62,0.77,0.454
rs_sign,ret_bo_simple_bp,new,NA,8,6,,131.15,-6.13,0.5,103.15,0.375,84.17,1.56,0.1799
rs_sign,ret_bo_simple_stoplb_bp,all,rs<=0,67,20,,1.42,-12.95,0.4776,-26.58,0.4478,36.23,0.04,0.9692
rs_sign,ret_bo_simple_stoplb_bp,all,rs>0,191,23,,87.55,-11.51,0.4817,59.55,0.4555,37.21,2.35,0.028
rs_sign,ret_bo_simple_stoplb_bp,all,NA,90,22,,49.05,44.63,0.5556,21.05,0.5333,83.24,0.59,0.562
rs_sign,ret_bo_simple_stoplb_bp,prior,rs<=0,23,7,,-13.63,-73.07,0.3913,-41.63,0.3478,58.52,-0.23,0.8236
rs_sign,ret_bo_simple_stoplb_bp,prior,rs>0,92,10,,80.0,-21.76,0.4674,52.0,0.4348,53.16,1.5,0.1667
rs_sign,ret_bo_simple_stoplb_bp,prior,NA,82,16,,29.73,52.13,0.561,1.73,0.5488,95.6,0.31,0.7601
rs_sign,ret_bo_simple_stoplb_bp,new,rs<=0,44,13,,9.28,17.74,0.5227,-18.72,0.5,47.67,0.19,0.8489
rs_sign,ret_bo_simple_stoplb_bp,new,rs>0,99,13,,94.57,-2.66,0.4949,66.57,0.4747,54.94,1.72,0.1109
rs_sign,ret_bo_simple_stoplb_bp,new,NA,8,6,,247.06,-6.13,0.5,219.06,0.375,171.97,1.44,0.2103
rs_sign,ret_bo_simple_stopub_bp,all,rs<=0,67,20,,-352.15,-500.0,0.1493,-380.15,0.1493,40.24,-8.75,0.0
rs_sign,ret_bo_simple_stopub_bp,all,rs>0,191,23,,-366.71,-500.0,0.1257,-394.71,0.1099,22.5,-16.3,0.0
rs_sign,ret_bo_simple_stopub_bp,all,NA,90,22,,-398.87,-500.0,0.0889,-426.87,0.0889,26.69,-14.94,0.0
rs_sign,ret_bo_simple_stopub_bp,prior,rs<=0,23,7,,-500.0,-500.0,0.0,-528.0,0.0,0.0,,
rs_sign,ret_bo_simple_stopub_bp,prior,rs>0,92,10,,-379.09,-500.0,0.1196,-407.09,0.1087,36.66,-10.34,0.0
rs_sign,ret_bo_simple_stopub_bp,prior,NA,82,16,,-394.93,-500.0,0.0976,-422.93,0.0976,28.42,-13.9,0.0
rs_sign,ret_bo_simple_stopub_bp,new,rs<=0,44,13,,-274.87,-500.0,0.2273,-302.87,0.2273,42.81,-6.42,0.0
rs_sign,ret_bo_simple_stopub_bp,new,rs>0,99,13,,-355.21,-500.0,0.1313,-383.21,0.1111,29.58,-12.01,0.0
rs_sign,ret_bo_simple_stopub_bp,new,NA,8,6,,-439.24,-500.0,0.0,-467.24,0.0,64.45,-6.82,0.001
rs_sign,ret_bo_live_bp,all,rs<=0,141,23,,34.43,25.97,0.5532,6.43,0.4894,47.18,0.73,0.4732
rs_sign,ret_bo_live_bp,all,rs>0,422,23,,93.77,19.62,0.519,65.77,0.4858,30.53,3.07,0.0056
rs_sign,ret_bo_live_bp,all,NA,275,26,,-80.72,-42.64,0.4618,-108.72,0.4145,100.74,-0.8,0.4305
rs_sign,ret_bo_live_bp,prior,rs<=0,60,10,,47.27,-17.73,0.4667,19.27,0.4167,87.23,0.54,0.6011
rs_sign,ret_bo_live_bp,prior,rs>0,218,10,,78.28,7.08,0.5046,50.28,0.4679,34.52,2.27,0.0495
rs_sign,ret_bo_live_bp,prior,NA,259,18,,-102.37,-48.45,0.4402,-130.37,0.3938,109.71,-0.93,0.3638
rs_sign,ret_bo_live_bp,new,rs<=0,81,13,,24.93,40.01,0.6173,-3.07,0.5432,53.01,0.47,0.6466
rs_sign,ret_bo_live_bp,new,rs>0,204,13,,110.32,33.47,0.5343,82.32,0.5049,52.54,2.1,0.0576
rs_sign,ret_bo_live_bp,new,NA,16,8,,269.75,156.11,0.8125,241.75,0.75,113.52,2.38,0.0491
rs_sign,ret_bo_live_stoplb_bp,all,rs<=0,141,23,,71.63,25.97,0.5532,43.63,0.4894,41.34,1.73,0.0972
rs_sign,ret_bo_live_stoplb_bp,all,rs>0,422,23,,115.87,19.62,0.519,87.87,0.4858,28.85,4.02,0.0006
rs_sign,ret_bo_live_stoplb_bp,all,NA,275,26,,4.65,-42.64,0.4618,-23.35,0.4145,79.34,0.06,0.9537
rs_sign,ret_bo_live_stoplb_bp,prior,rs<=0,60,10,,96.1,-17.73,0.4667,68.1,0.4167,75.6,1.27,0.2355
rs_sign,ret_bo_live_stoplb_bp,prior,rs>0,218,10,,96.83,7.08,0.5046,68.83,0.4679,33.95,2.85,0.019
rs_sign,ret_bo_live_stoplb_bp,prior,NA,259,18,,-11.72,-48.45,0.4402,-39.72,0.3938,86.14,-0.14,0.8933
rs_sign,ret_bo_live_stoplb_bp,new,rs<=0,81,13,,53.5,40.01,0.6173,25.5,0.5432,45.92,1.16,0.2667
rs_sign,ret_bo_live_stoplb_bp,new,rs>0,204,13,,136.22,33.47,0.5343,108.22,0.5049,48.53,2.81,0.0158
rs_sign,ret_bo_live_stoplb_bp,new,NA,16,8,,269.75,156.11,0.8125,241.75,0.75,113.52,2.38,0.0491
rs_sign,ret_bo_live_stopub_bp,all,rs<=0,141,23,,-220.78,-500.0,0.3262,-248.78,0.2766,47.37,-4.66,0.0001
rs_sign,ret_bo_live_stopub_bp,all,rs>0,422,23,,-217.56,-500.0,0.2393,-245.56,0.2275,31.27,-6.96,0.0
rs_sign,ret_bo_live_stopub_bp,all,NA,275,26,,-271.89,-500.0,0.2145,-299.89,0.1891,73.07,-3.72,0.001
rs_sign,ret_bo_live_stopub_bp,prior,rs<=0,60,10,,-400.14,-500.0,0.0833,-428.14,0.0667,29.98,-13.35,0.0
rs_sign,ret_bo_live_stopub_bp,prior,rs>0,218,10,,-185.04,-500.0,0.2569,-213.04,0.2477,46.95,-3.94,0.0034
rs_sign,ret_bo_live_stopub_bp,prior,NA,259,18,,-294.25,-500.0,0.1892,-322.25,0.166,77.95,-3.78,0.0015
rs_sign,ret_bo_live_stopub_bp,new,rs<=0,81,13,,-87.92,1.75,0.5062,-115.92,0.4321,44.9,-1.96,0.0739
rs_sign,ret_bo_live_stopub_bp,new,rs>0,204,13,,-252.31,-500.0,0.2206,-280.31,0.2059,38.5,-6.55,0.0
rs_sign,ret_bo_live_stopub_bp,new,NA,16,8,,90.07,114.83,0.625,62.07,0.5625,142.69,0.63,0.5479
rs_within_day,ret_oc_bp,all,Q1,356,23,,161.43,77.42,0.5927,133.43,0.5646,51.91,3.11,0.0051
rs_within_day,ret_oc_bp,all,Q2,344,23,,132.74,59.5,0.5436,104.74,0.5174,38.74,3.43,0.0024
rs_within_day,ret_oc_bp,all,Q3,337,23,,149.35,70.72,0.5549,121.35,0.5252,34.69,4.31,0.0003
rs_within_day,ret_oc_bp,all,Q4,351,23,,188.55,141.77,0.6068,160.55,0.5812,55.28,3.41,0.0025
rs_within_day,ret_oc_bp,all,NA,896,35,,-63.75,-76.4,0.4408,-91.75,0.4174,103.24,-0.62,0.541
rs_within_day,ret_oc_bp,prior,Q1,159,10,,283.4,121.77,0.6101,255.4,0.5912,83.85,3.38,0.0081
rs_within_day,ret_oc_bp,prior,Q2,154,10,,219.29,125.1,0.6104,191.29,0.6039,62.85,3.49,0.0068
rs_within_day,ret_oc_bp,prior,Q3,152,10,,178.53,110.27,0.6118,150.53,0.5855,34.74,5.14,0.0006
rs_within_day,ret_oc_bp,prior,Q4,156,10,,256.26,164.67,0.6538,228.26,0.6346,59.94,4.28,0.0021
rs_within_day,ret_oc_bp,prior,NA,866,23,,-79.37,-86.08,0.4307,-107.37,0.4065,107.25,-0.74,0.4671
rs_within_day,ret_oc_bp,new,Q1,197,13,,62.99,59.29,0.5787,34.99,0.5431,51.01,1.23,0.2405
rs_within_day,ret_oc_bp,new,Q2,190,13,,62.59,-8.95,0.4895,34.59,0.4474,40.25,1.55,0.1459
rs_within_day,ret_oc_bp,new,Q3,185,13,,125.37,10.31,0.5081,97.37,0.4757,56.25,2.23,0.0457
rs_within_day,ret_oc_bp,new,Q4,195,13,,134.39,71.43,0.5692,106.39,0.5385,84.23,1.6,0.1366
rs_within_day,ret_oc_bp,new,NA,30,12,,386.95,355.57,0.7333,358.95,0.7333,158.27,2.44,0.0325
rs_within_day,ret_bo_simple_bp,all,Q1,67,22,,-33.55,-6.9,0.4925,-61.55,0.4776,49.92,-0.67,0.5089
rs_within_day,ret_bo_simple_bp,all,Q2,61,23,,55.3,25.12,0.5246,27.3,0.4918,71.18,0.78,0.4455
rs_within_day,ret_bo_simple_bp,all,Q3,62,21,,69.44,1.4,0.5,41.44,0.4516,57.26,1.21,0.2394
rs_within_day,ret_bo_simple_bp,all,Q4,68,21,,67.15,-69.71,0.4118,39.15,0.3971,74.59,0.9,0.3787
rs_within_day,ret_bo_simple_bp,all,NA,90,22,,-53.19,44.63,0.5556,-81.19,0.5333,127.41,-0.42,0.6806
rs_within_day,ret_bo_simple_bp,prior,Q1,31,9,,-56.53,-34.2,0.4194,-84.53,0.4194,75.28,-0.75,0.4742
rs_within_day,ret_bo_simple_bp,prior,Q2,28,10,,100.21,41.45,0.5357,72.21,0.5,136.76,0.73,0.4823
rs_within_day,ret_bo_simple_bp,prior,Q3,25,8,,54.43,8.84,0.52,26.43,0.4,67.71,0.8,0.4479
rs_within_day,ret_bo_simple_bp,prior,Q4,31,9,,98.66,-118.61,0.3548,70.66,0.3548,109.45,0.9,0.3937
rs_within_day,ret_bo_simple_bp,prior,NA,82,16,,-71.18,52.13,0.561,-99.18,0.5488,145.45,-0.49,0.6317
rs_within_day,ret_bo_simple_bp,new,Q1,36,13,,-13.76,41.36,0.5556,-41.76,0.5278,68.29,-0.2,0.8437
rs_within_day,ret_bo_simple_bp,new,Q2,33,13,,17.19,25.12,0.5152,-10.81,0.4848,72.54,0.24,0.8166
rs_within_day,ret_bo_simple_bp,new,Q3,37,13,,79.57,-6.03,0.4865,51.57,0.4865,86.82,0.92,0.3775
rs_within_day,ret_bo_simple_bp,new,Q4,37,12,,40.76,-51.52,0.4595,12.76,0.4324,101.7,0.4,0.6963
rs_within_day,ret_bo_simple_bp,new,NA,8,6,,131.15,-6.13,0.5,103.15,0.375,84.17,1.56,0.1799
rs_within_day,ret_bo_simple_stoplb_bp,all,Q1,67,22,,-14.19,-6.9,0.4925,-42.19,0.4776,42.89,-0.33,0.7441
rs_within_day,ret_bo_simple_stoplb_bp,all,Q2,61,23,,71.62,25.12,0.5246,43.62,0.4918,67.34,1.06,0.2991
rs_within_day,ret_bo_simple_stoplb_bp,all,Q3,62,21,,101.39,1.4,0.5,73.39,0.4516,41.35,2.45,0.0235
rs_within_day,ret_bo_simple_stoplb_bp,all,Q4,68,21,,104.59,-69.71,0.4118,76.59,0.3971,74.78,1.4,0.1772
rs_within_day,ret_bo_simple_stoplb_bp,all,NA,90,22,,49.05,44.63,0.5556,21.05,0.5333,83.24,0.59,0.562
rs_within_day,ret_bo_simple_stoplb_bp,prior,Q1,31,9,,-41.19,-34.2,0.4194,-69.19,0.4194,67.89,-0.61,0.5609
rs_within_day,ret_bo_simple_stoplb_bp,prior,Q2,28,10,,110.58,41.45,0.5357,82.58,0.5,134.18,0.82,0.4312
rs_within_day,ret_bo_simple_stoplb_bp,prior,Q3,25,8,,64.24,8.84,0.52,36.24,0.4,60.08,1.07,0.3204
rs_within_day,ret_bo_simple_stoplb_bp,prior,Q4,31,9,,116.8,-118.61,0.3548,88.8,0.3548,120.07,0.97,0.3592
rs_within_day,ret_bo_simple_stoplb_bp,prior,NA,82,16,,29.73,52.13,0.561,1.73,0.5488,95.6,0.31,0.7601
rs_within_day,ret_bo_simple_stoplb_bp,new,Q1,36,13,,9.06,41.36,0.5556,-18.94,0.5278,55.23,0.16,0.8724
rs_within_day,ret_bo_simple_stoplb_bp,new,Q2,33,13,,38.56,25.12,0.5152,10.56,0.4848,61.79,0.62,0.5443
rs_within_day,ret_bo_simple_stoplb_bp,new,Q3,37,13,,126.5,-6.03,0.4865,98.5,0.4865,57.8,2.19,0.0491
rs_within_day,ret_bo_simple_stoplb_bp,new,Q4,37,12,,94.36,-51.52,0.4595,66.36,0.4324,96.9,0.97,0.3511
rs_within_day,ret_bo_simple_stoplb_bp,new,NA,8,6,,247.06,-6.13,0.5,219.06,0.375,171.97,1.44,0.2103
rs_within_day,ret_bo_simple_stopub_bp,all,Q1,67,22,,-382.84,-500.0,0.1343,-410.84,0.1343,38.24,-10.01,0.0
rs_within_day,ret_bo_simple_stopub_bp,all,Q2,61,23,,-371.13,-500.0,0.1311,-399.13,0.1148,35.11,-10.57,0.0
rs_within_day,ret_bo_simple_stopub_bp,all,Q3,62,21,,-327.31,-500.0,0.1774,-355.31,0.1613,43.31,-7.56,0.0
rs_within_day,ret_bo_simple_stopub_bp,all,Q4,68,21,,-368.44,-500.0,0.0882,-396.44,0.0735,47.15,-7.81,0.0
rs_within_day,ret_bo_simple_stopub_bp,all,NA,90,22,,-398.87,-500.0,0.0889,-426.87,0.0889,26.69,-14.94,0.0
rs_within_day,ret_bo_simple_stopub_bp,prior,Q1,31,9,,-457.17,-500.0,0.0645,-485.17,0.0645,32.27,-14.17,0.0
rs_within_day,ret_bo_simple_stopub_bp,prior,Q2,28,10,,-416.32,-500.0,0.0714,-444.32,0.0714,56.04,-7.43,0.0
rs_within_day,ret_bo_simple_stopub_bp,prior,Q3,25,8,,-341.0,-500.0,0.2,-369.0,0.16,66.26,-5.15,0.0013
rs_within_day,ret_bo_simple_stopub_bp,prior,Q4,31,9,,-387.81,-500.0,0.0645,-415.81,0.0645,78.96,-4.91,0.0012
rs_within_day,ret_bo_simple_stopub_bp,prior,NA,82,16,,-394.93,-500.0,0.0976,-422.93,0.0976,28.42,-13.9,0.0
rs_within_day,ret_bo_simple_stopub_bp,new,Q1,36,13,,-318.84,-500.0,0.1944,-346.84,0.1944,53.66,-5.94,0.0001
rs_within_day,ret_bo_simple_stopub_bp,new,Q2,33,13,,-332.78,-500.0,0.1818,-360.78,0.1515,40.96,-8.13,0.0
rs_within_day,ret_bo_simple_stopub_bp,new,Q3,37,13,,-318.07,-500.0,0.1622,-346.07,0.1622,59.52,-5.34,0.0002
rs_within_day,ret_bo_simple_stopub_bp,new,Q4,37,12,,-352.21,-500.0,0.1081,-380.21,0.0811,60.12,-5.86,0.0001
rs_within_day,ret_bo_simple_stopub_bp,new,NA,8,6,,-439.24,-500.0,0.0,-467.24,0.0,64.45,-6.82,0.001
rs_within_day,ret_bo_live_bp,all,Q1,157,23,,19.49,15.47,0.5287,-8.51,0.4777,44.4,0.44,0.6649
rs_within_day,ret_bo_live_bp,all,Q2,140,23,,99.38,26.88,0.55,71.38,0.4929,46.06,2.16,0.0422
rs_within_day,ret_bo_live_bp,all,Q3,125,22,,121.38,62.02,0.536,93.38,0.52,47.42,2.56,0.0183
rs_within_day,ret_bo_live_bp,all,Q4,141,23,,87.1,-1.42,0.4965,59.1,0.461,49.85,1.75,0.0946
rs_within_day,ret_bo_live_bp,all,NA,275,26,,-80.72,-42.64,0.4618,-108.72,0.4145,100.74,-0.8,0.4305
rs_within_day,ret_bo_live_bp,prior,Q1,83,10,,21.21,-17.71,0.4699,-6.79,0.4217,72.88,0.29,0.7776
rs_within_day,ret_bo_live_bp,prior,Q2,71,10,,129.18,25.79,0.5493,101.18,0.4789,72.67,1.78,0.1092
rs_within_day,ret_bo_live_bp,prior,Q3,58,9,,94.22,-15.72,0.4655,66.22,0.4655,54.46,1.73,0.1219
rs_within_day,ret_bo_live_bp,prior,Q4,66,10,,53.08,7.27,0.5,25.08,0.4697,73.06,0.73,0.4859
rs_within_day,ret_bo_live_bp,prior,NA,259,18,,-102.37,-48.45,0.4402,-130.37,0.3938,109.71,-0.93,0.3638
rs_within_day,ret_bo_live_bp,new,Q1,74,13,,17.56,50.08,0.5946,-10.44,0.5405,51.96,0.34,0.7412
rs_within_day,ret_bo_live_bp,new,Q2,69,13,,68.71,30.6,0.5507,40.71,0.5072,58.75,1.17,0.2649
rs_within_day,ret_bo_live_bp,new,Q3,67,13,,144.89,89.58,0.597,116.89,0.5672,77.29,1.87,0.0854
rs_within_day,ret_bo_live_bp,new,Q4,75,13,,117.03,-13.13,0.4933,89.03,0.4533,68.63,1.71,0.1139
rs_within_day,ret_bo_live_bp,new,NA,16,8,,269.75,156.11,0.8125,241.75,0.75,113.52,2.38,0.0491
rs_within_day,ret_bo_live_stoplb_bp,all,Q1,157,23,,55.47,15.47,0.5287,27.47,0.4777,39.9,1.39,0.1784
rs_within_day,ret_bo_live_stoplb_bp,all,Q2,140,23,,102.06,26.88,0.55,74.06,0.4929,45.3,2.25,0.0346
rs_within_day,ret_bo_live_stoplb_bp,all,Q3,125,22,,144.04,62.02,0.536,116.04,0.52,42.55,3.39,0.0028
rs_within_day,ret_bo_live_stoplb_bp,all,Q4,141,23,,127.61,-1.42,0.4965,99.61,0.461,48.39,2.64,0.0151
rs_within_day,ret_bo_live_stoplb_bp,all,NA,275,26,,4.65,-42.64,0.4618,-23.35,0.4145,79.34,0.06,0.9537
rs_within_day,ret_bo_live_stoplb_bp,prior,Q1,83,10,,61.66,-17.71,0.4699,33.66,0.4217,67.41,0.91,0.3842
rs_within_day,ret_bo_live_stoplb_bp,prior,Q2,71,10,,131.11,25.79,0.5493,103.11,0.4789,72.29,1.81,0.1031
rs_within_day,ret_bo_live_stoplb_bp,prior,Q3,58,9,,97.92,-15.72,0.4655,69.92,0.4655,54.03,1.81,0.1075
rs_within_day,ret_bo_live_stoplb_bp,prior,Q4,66,10,,102.56,7.27,0.5,74.56,0.4697,70.79,1.45,0.1813
rs_within_day,ret_bo_live_stoplb_bp,prior,NA,259,18,,-11.72,-48.45,0.4402,-39.72,0.3938,86.14,-0.14,0.8933
rs_within_day,ret_bo_live_stoplb_bp,new,Q1,74,13,,48.53,50.08,0.5946,20.53,0.5405,43.62,1.11,0.2877
rs_within_day,ret_bo_live_stoplb_bp,new,Q2,69,13,,72.17,30.6,0.5507,44.17,0.5072,56.77,1.27,0.2277
rs_within_day,ret_bo_live_stoplb_bp,new,Q3,67,13,,183.97,89.58,0.597,155.97,0.5672,65.41,2.81,0.0157
rs_within_day,ret_bo_live_stoplb_bp,new,Q4,75,13,,149.66,-13.13,0.4933,121.66,0.4533,67.81,2.21,0.0475
rs_within_day,ret_bo_live_stoplb_bp,new,NA,16,8,,269.75,156.11,0.8125,241.75,0.75,113.52,2.38,0.0491
rs_within_day,ret_bo_live_stopub_bp,all,Q1,157,23,,-229.19,-500.0,0.293,-257.19,0.2611,36.63,-6.26,0.0
rs_within_day,ret_bo_live_stopub_bp,all,Q2,140,23,,-199.73,-500.0,0.3,-227.73,0.2714,39.39,-5.07,0.0
rs_within_day,ret_bo_live_stopub_bp,all,Q3,125,22,,-189.89,-500.0,0.264,-217.89,0.248,44.75,-4.24,0.0004
rs_within_day,ret_bo_live_stopub_bp,all,Q4,141,23,,-250.06,-500.0,0.1844,-278.06,0.1773,48.34,-5.17,0.0
rs_within_day,ret_bo_live_stopub_bp,all,NA,275,26,,-271.89,-500.0,0.2145,-299.89,0.1891,73.07,-3.72,0.001
rs_within_day,ret_bo_live_stopub_bp,prior,Q1,83,10,,-324.64,-500.0,0.1566,-352.64,0.1446,33.69,-9.64,0.0
rs_within_day,ret_bo_live_stopub_bp,prior,Q2,71,10,,-221.47,-500.0,0.2535,-249.47,0.2254,59.17,-3.74,0.0046
rs_within_day,ret_bo_live_stopub_bp,prior,Q3,58,9,,-143.62,-239.55,0.2759,-171.62,0.2759,70.74,-2.03,0.0768
rs_within_day,ret_bo_live_stopub_bp,prior,Q4,66,10,,-202.24,-500.0,0.2121,-230.24,0.2121,74.9,-2.7,0.0244
rs_within_day,ret_bo_live_stopub_bp,prior,NA,259,18,,-294.25,-500.0,0.1892,-322.25,0.166,77.95,-3.78,0.0015
rs_within_day,ret_bo_live_stopub_bp,new,Q1,74,13,,-122.14,-70.02,0.4459,-150.14,0.3919,40.37,-3.03,0.0105
rs_within_day,ret_bo_live_stopub_bp,new,Q2,69,13,,-177.37,-169.38,0.3478,-205.37,0.3188,53.57,-3.31,0.0062
rs_within_day,ret_bo_live_stopub_bp,new,Q3,67,13,,-229.94,-500.0,0.2537,-257.94,0.2239,55.98,-4.11,0.0015
rs_within_day,ret_bo_live_stopub_bp,new,Q4,75,13,,-292.14,-500.0,0.16,-320.14,0.1467,60.5,-4.83,0.0004
rs_within_day,ret_bo_live_stopub_bp,new,NA,16,8,,90.07,114.83,0.625,62.07,0.5625,142.69,0.63,0.5479
rsi,ret_oc_bp,all,<30,12,9,,516.84,655.51,0.75,488.84,0.75,265.99,1.94,0.0879
rsi,ret_oc_bp,all,30-50,502,23,,163.35,84.29,0.5837,135.35,0.5558,51.82,3.15,0.0046
rsi,ret_oc_bp,all,50-70,812,23,,144.13,67.06,0.5628,116.13,0.5345,39.71,3.63,0.0015
rsi,ret_oc_bp,all,70-85,61,20,,271.59,246.91,0.6557,243.59,0.6393,121.95,2.23,0.0382
rsi,ret_oc_bp,all,>85,2,2,,-770.79,-770.79,0.0,-798.79,0.0,410.16,-1.88,0.3113
rsi,ret_oc_bp,all,NA,895,35,,-64.51,-76.46,0.4402,-92.51,0.4168,103.34,-0.62,0.5366
rsi,ret_oc_bp,prior,<30,9,6,,332.25,614.92,0.6667,304.25,0.6667,295.59,1.12,0.3121
rsi,ret_oc_bp,prior,30-50,268,10,,256.7,160.71,0.6269,228.7,0.6157,71.55,3.59,0.0059
rsi,ret_oc_bp,prior,50-70,325,10,,207.85,106.82,0.6062,179.85,0.5846,42.18,4.93,0.0008
rsi,ret_oc_bp,prior,70-85,20,7,,361.06,443.39,0.8,333.06,0.75,240.54,1.5,0.184
rsi,ret_oc_bp,prior,NA,865,23,,-80.17,-87.24,0.4301,-108.17,0.4058,107.36,-0.75,0.4631
rsi,ret_oc_bp,new,<30,3,3,,1070.61,1065.8,1.0,1042.61,1.0,550.53,1.94,0.1912
rsi,ret_oc_bp,new,30-50,234,13,,56.43,15.29,0.5342,28.43,0.4872,48.84,1.16,0.2704
rsi,ret_oc_bp,new,50-70,487,13,,101.6,29.35,0.5339,73.6,0.501,58.23,1.74,0.1065
rsi,ret_oc_bp,new,70-85,41,13,,227.95,207.16,0.5854,199.95,0.5854,141.27,1.61,0.1326
rsi,ret_oc_bp,new,>85,2,2,,-770.79,-770.79,0.0,-798.79,0.0,410.16,-1.88,0.3113
rsi,ret_oc_bp,new,NA,30,12,,386.95,355.57,0.7333,358.95,0.7333,158.27,2.44,0.0325
rsi,ret_bo_simple_bp,all,<30,5,5,,-480.94,-343.11,0.0,-508.94,0.0,241.35,-1.99,0.1171
rsi,ret_bo_simple_bp,all,30-50,90,22,,50.38,37.43,0.5556,22.38,0.5222,37.44,1.35,0.1928
rsi,ret_bo_simple_bp,all,50-70,151,23,,28.09,-36.77,0.4503,0.09,0.4238,51.68,0.54,0.5921
rsi,ret_bo_simple_bp,all,70-85,13,10,,170.3,-96.76,0.4615,142.3,0.4615,199.56,0.85,0.4156
rsi,ret_bo_simple_bp,all,NA,89,22,,-37.93,45.61,0.5618,-65.93,0.5393,124.39,-0.3,0.7634
rsi,ret_bo_simple_bp,prior,<30,4,4,,-594.39,-374.32,0.0,-622.39,0.0,275.02,-2.16,0.1194
rsi,ret_bo_simple_bp,prior,30-50,45,10,,-13.67,-24.81,0.4667,-41.67,0.4222,54.46,-0.25,0.8075
rsi,ret_bo_simple_bp,prior,50-70,62,10,,125.84,-15.11,0.4677,97.84,0.4355,63.14,1.99,0.0774
rsi,ret_bo_simple_bp,prior,70-85,5,3,,-149.6,-206.08,0.4,-177.6,0.4,107.04,-1.4,0.2971
rsi,ret_bo_simple_bp,prior,NA,81,16,,-54.63,58.64,0.5679,-82.63,0.5556,141.86,-0.39,0.7055
rsi,ret_bo_simple_bp,new,<30,1,1,,-27.15,-27.15,0.0,-55.15,0.0,,,
rsi,ret_bo_simple_bp,new,30-50,45,12,,114.43,80.32,0.6444,86.43,0.6222,43.24,2.65,0.0227
rsi,ret_bo_simple_bp,new,50-70,89,13,,-40.0,-46.37,0.4382,-68.0,0.4157,63.43,-0.63,0.5401
rsi,ret_bo_simple_bp,new,70-85,8,7,,370.24,337.73,0.5,342.24,0.5,282.22,1.31,0.2375
rsi,ret_bo_simple_bp,new,NA,8,6,,131.15,-6.13,0.5,103.15,0.375,84.17,1.56,0.1799
rsi,ret_bo_simple_stoplb_bp,all,<30,5,5,,-298.72,-343.11,0.0,-326.72,0.0,81.91,-3.65,0.0218
rsi,ret_bo_simple_stoplb_bp,all,30-50,90,22,,58.09,37.43,0.5556,30.09,0.5222,34.76,1.67,0.1096
rsi,ret_bo_simple_stoplb_bp,all,50-70,151,23,,65.85,-36.77,0.4503,37.85,0.4238,44.25,1.49,0.1509
rsi,ret_bo_simple_stoplb_bp,all,70-85,13,10,,202.97,-96.76,0.4615,174.97,0.4615,188.35,1.08,0.3092
rsi,ret_bo_simple_stoplb_bp,all,NA,89,22,,55.22,45.61,0.5618,27.22,0.5393,82.42,0.67,0.5102
rsi,ret_bo_simple_stoplb_bp,prior,<30,4,4,,-366.61,-374.32,0.0,-394.61,0.0,59.16,-6.2,0.0085
rsi,ret_bo_simple_stoplb_bp,prior,30-50,45,10,,-3.09,-24.81,0.4667,-31.09,0.4222,50.28,-0.06,0.9523
rsi,ret_bo_simple_stoplb_bp,prior,50-70,62,10,,143.33,-15.11,0.4677,115.33,0.4355,60.62,2.36,0.0423
rsi,ret_bo_simple_stoplb_bp,prior,70-85,5,3,,-146.96,-206.08,0.4,-174.96,0.4,106.44,-1.38,0.3014
rsi,ret_bo_simple_stoplb_bp,prior,NA,81,16,,36.27,58.64,0.5679,8.27,0.5556,94.65,0.38,0.707
rsi,ret_bo_simple_stoplb_bp,new,<30,1,1,,-27.15,-27.15,0.0,-55.15,0.0,,,
rsi,ret_bo_simple_stoplb_bp,new,30-50,45,12,,119.27,80.32,0.6444,91.27,0.6222,40.92,2.91,0.0141
rsi,ret_bo_simple_stoplb_bp,new,50-70,89,13,,11.88,-46.37,0.4382,-16.12,0.4157,50.88,0.23,0.8194
rsi,ret_bo_simple_stoplb_bp,new,70-85,8,7,,421.68,337.73,0.5,393.68,0.5,251.9,1.67,0.1452
rsi,ret_bo_simple_stoplb_bp,new,NA,8,6,,247.06,-6.13,0.5,219.06,0.375,171.97,1.44,0.2103
rsi,ret_bo_simple_stopub_bp,all,<30,5,5,,-500.0,-500.0,0.0,-528.0,0.0,0.0,,
rsi,ret_bo_simple_stopub_bp,all,30-50,90,22,,-389.11,-500.0,0.1222,-417.11,0.1111,32.22,-12.08,0.0
rsi,ret_bo_simple_stopub_bp,all,50-70,151,23,,-346.78,-500.0,0.1391,-374.78,0.1258,29.29,-11.84,0.0
rsi,ret_bo_simple_stopub_bp,all,70-85,13,10,,-327.06,-500.0,0.1538,-355.06,0.1538,134.87,-2.42,0.0383
rsi,ret_bo_simple_stopub_bp,all,NA,89,22,,-397.74,-500.0,0.0899,-425.74,0.0899,27.07,-14.69,0.0
rsi,ret_bo_simple_stopub_bp,prior,<30,4,4,,-500.0,-500.0,0.0,-528.0,0.0,0.0,,
rsi,ret_bo_simple_stopub_bp,prior,30-50,45,10,,-481.47,-500.0,0.0222,-509.47,0.0222,14.64,-32.88,0.0
rsi,ret_bo_simple_stopub_bp,prior,50-70,62,10,,-343.03,-500.0,0.1452,-371.03,0.129,46.95,-7.31,0.0
rsi,ret_bo_simple_stopub_bp,prior,70-85,5,3,,-388.49,-500.0,0.2,-416.49,0.2,102.21,-3.8,0.0628
rsi,ret_bo_simple_stopub_bp,prior,NA,81,16,,-393.64,-500.0,0.0988,-421.64,0.0988,28.87,-13.64,0.0
rsi,ret_bo_simple_stopub_bp,new,<30,1,1,,-500.0,-500.0,0.0,-528.0,0.0,,,
rsi,ret_bo_simple_stopub_bp,new,30-50,45,12,,-296.76,-500.0,0.2222,-324.76,0.2,41.52,-7.15,0.0
rsi,ret_bo_simple_stopub_bp,new,50-70,89,13,,-349.4,-500.0,0.1348,-377.4,0.1236,38.37,-9.11,0.0
rsi,ret_bo_simple_stopub_bp,new,70-85,8,7,,-288.67,-500.0,0.125,-316.67,0.125,217.29,-1.33,0.2323
rsi,ret_bo_simple_stopub_bp,new,NA,8,6,,-439.24,-500.0,0.0,-467.24,0.0,64.45,-6.82,0.001
rsi,ret_bo_live_bp,all,<30,8,7,,-179.3,134.36,0.5,-207.3,0.5,257.33,-0.7,0.512
rsi,ret_bo_live_bp,all,30-50,209,23,,86.92,24.75,0.5407,58.92,0.4833,35.9,2.42,0.0242
rsi,ret_bo_live_bp,all,50-70,325,23,,71.7,9.83,0.5138,43.7,0.4831,36.18,1.98,0.0602
rsi,ret_bo_live_bp,all,70-85,22,15,,175.07,104.49,0.5909,147.07,0.5455,156.1,1.12,0.2809
rsi,ret_bo_live_bp,all,NA,274,26,,-79.05,-38.88,0.4635,-107.05,0.4161,100.95,-0.78,0.441
rsi,ret_bo_live_bp,prior,<30,6,5,,-413.24,-276.95,0.3333,-441.24,0.3333,267.84,-1.54,0.1977
rsi,ret_bo_live_bp,prior,30-50,126,10,,70.38,-0.71,0.4921,42.38,0.4365,52.47,1.34,0.2127
rsi,ret_bo_live_bp,prior,50-70,138,10,,98.99,-0.72,0.5,70.99,0.471,52.46,1.89,0.0918
rsi,ret_bo_live_bp,prior,70-85,9,5,,-76.57,171.97,0.5556,-104.57,0.5556,221.35,-0.35,0.7468
rsi,ret_bo_live_bp,prior,NA,258,18,,-100.68,-48.1,0.4419,-128.68,0.3953,109.94,-0.92,0.3726
rsi,ret_bo_live_bp,new,<30,2,2,,522.52,522.52,1.0,494.52,1.0,199.38,2.62,0.2321
rsi,ret_bo_live_bp,new,30-50,83,13,,112.04,66.94,0.6145,84.04,0.5542,46.7,2.4,0.0336
rsi,ret_bo_live_bp,new,50-70,187,13,,51.55,25.14,0.5241,23.55,0.492,48.62,1.06,0.3099
rsi,ret_bo_live_bp,new,70-85,13,10,,349.28,37.01,0.6154,321.28,0.5385,197.2,1.77,0.1103
rsi,ret_bo_live_bp,new,NA,16,8,,269.75,156.11,0.8125,241.75,0.75,113.52,2.38,0.0491
rsi,ret_bo_live_stoplb_bp,all,<30,8,7,,37.23,134.36,0.5,9.23,0.5,160.61,0.23,0.8244
rsi,ret_bo_live_stoplb_bp,all,30-50,209,23,,98.53,24.75,0.5407,70.53,0.4833,33.21,2.97,0.0071
rsi,ret_bo_live_stoplb_bp,all,50-70,325,23,,96.92,9.83,0.5138,68.92,0.4831,33.45,2.9,0.0084
rsi,ret_bo_live_stoplb_bp,all,70-85,22,15,,277.62,104.49,0.5909,249.62,0.5455,129.28,2.15,0.0498
rsi,ret_bo_live_stoplb_bp,all,NA,274,26,,6.49,-38.88,0.4635,-21.51,0.4161,79.46,0.08,0.9355
rsi,ret_bo_live_stoplb_bp,prior,<30,6,5,,-124.54,-256.99,0.3333,-152.54,0.3333,152.02,-0.82,0.4587
rsi,ret_bo_live_stoplb_bp,prior,30-50,126,10,,81.79,-0.71,0.4921,53.79,0.4365,48.59,1.68,0.1266
rsi,ret_bo_live_stoplb_bp,prior,50-70,138,10,,118.58,-0.72,0.5,90.58,0.471,48.85,2.43,0.0382
rsi,ret_bo_live_stoplb_bp,prior,70-85,9,5,,50.27,171.97,0.5556,22.27,0.5556,137.22,0.37,0.7327
rsi,ret_bo_live_stoplb_bp,prior,NA,258,18,,-9.83,-48.1,0.4419,-37.83,0.3953,86.26,-0.11,0.9106
rsi,ret_bo_live_stoplb_bp,new,<30,2,2,,522.52,522.52,1.0,494.52,1.0,199.38,2.62,0.2321
rsi,ret_bo_live_stoplb_bp,new,30-50,83,13,,123.94,66.94,0.6145,95.94,0.5542,43.19,2.87,0.0141
rsi,ret_bo_live_stoplb_bp,new,50-70,187,13,,80.93,25.14,0.5241,52.93,0.492,45.1,1.79,0.0979
rsi,ret_bo_live_stoplb_bp,new,70-85,13,10,,435.01,37.01,0.6154,407.01,0.5385,173.49,2.51,0.0335
rsi,ret_bo_live_stoplb_bp,new,NA,16,8,,269.75,156.11,0.8125,241.75,0.75,113.52,2.38,0.0491
rsi,ret_bo_live_stopub_bp,all,<30,8,7,,-500.0,-500.0,0.0,-528.0,0.0,0.0,,
rsi,ret_bo_live_stopub_bp,all,30-50,209,23,,-238.6,-500.0,0.2632,-266.6,0.2344,32.77,-7.28,0.0
rsi,ret_bo_live_stopub_bp,all,50-70,325,23,,-199.2,-500.0,0.2708,-227.2,0.2523,42.92,-4.64,0.0001
rsi,ret_bo_live_stopub_bp,all,70-85,22,15,,-219.66,-500.0,0.1818,-247.66,0.1818,143.22,-1.53,0.1474
rsi,ret_bo_live_stopub_bp,all,NA,274,26,,-271.05,-500.0,0.2153,-299.05,0.1898,73.33,-3.7,0.0011
rsi,ret_bo_live_stopub_bp,prior,<30,6,5,,-500.0,-500.0,0.0,-528.0,0.0,0.0,,
rsi,ret_bo_live_stopub_bp,prior,30-50,126,10,,-310.45,-500.0,0.1667,-338.45,0.1508,33.93,-9.15,0.0
rsi,ret_bo_live_stopub_bp,prior,50-70,138,10,,-145.0,-500.0,0.2754,-173.0,0.2681,67.82,-2.14,0.0612
rsi,ret_bo_live_stopub_bp,prior,70-85,9,5,,-302.2,-500.0,0.2222,-330.2,0.2222,144.6,-2.09,0.1048
rsi,ret_bo_live_stopub_bp,prior,NA,258,18,,-293.45,-500.0,0.1899,-321.45,0.1667,78.23,-3.75,0.0016
rsi,ret_bo_live_stopub_bp,new,<30,2,2,,-500.0,-500.0,0.0,-528.0,0.0,0.0,,
rsi,ret_bo_live_stopub_bp,new,30-50,83,13,,-129.54,-121.83,0.4096,-157.54,0.3614,27.69,-4.68,0.0005
rsi,ret_bo_live_stopub_bp,new,50-70,187,13,,-239.19,-500.0,0.2674,-267.19,0.2406,48.97,-4.88,0.0004
rsi,ret_bo_live_stopub_bp,new,70-85,13,10,,-162.52,-500.0,0.1538,-190.52,0.1538,222.63,-0.73,0.484
rsi,ret_bo_live_stopub_bp,new,NA,16,8,,90.07,114.83,0.625,62.07,0.5625,142.69,0.63,0.5479
