year,K200,SPX,NDX,NKY,HSCEI,UST10,USD,CASH,B1,B,B-A,B-Q,B-Band,B-EQ,B-ERC,B-H,B3,LEV3,LEV2a,LEV2b,LEV4,LK200,OL_SPX_U,OL_SPX_H,OL_NDX_U,OL_NDX_H,OL_NKY_U,OL_NKY_H,OL_HSCEI_U,OL_HSCEI_H,OL_SPX_U50,OL_NDX_U50,OL_EQ4_U,F1,F2,F3,F4,F5,F6,W,BL_B0,BL_A2,BL_A3,BL_CH,BL_A5,BL_A1,BL_M1,kojiro,donchian,vcp,bfb,vb,etf_trend,mr_band,mr_fkeep,RG_kojiro,RG_donchian,RG_vcp,RG_bfb,RG_vb,RG_etf_trend,RG_mr_ou,RG_B0,RG_B1,RG_B,RG_V1_90,RG_V1_70,RG_V1_100,RG_V1_SPX90,RG_V2_90,RG_V2_70,RG_V2_100,RG_V2_SPX90,RG_V3_90,RG_V3_70,RG_V3_100,RG_V3_SPX90
1995,-0.036589,0.281883,0.381792,0.035458,-0.178648,0.176388,0.023298,0.138690,0.048210,0.095462,0.097655,0.094305,0.097655,0.093516,0.100256,0.192942,0.127255,0.141829,0.141151,0.120739,0.137191,-0.209808,0.583467,0.755353,0.766045,0.957720,0.072423,0.277926,-0.377298,-0.309407,0.345648,0.427095,0.248618,,,,,,,,,,,,,,,,,,,,,,,,,,,,,,,,,,,,,,,,,,,,
1996,-0.310803,0.376998,0.589276,-0.046934,0.384639,0.109474,0.148830,0.132495,-0.159713,0.152207,0.173553,0.153637,0.167868,0.159931,0.122063,0.165399,0.141073,0.165189,0.151098,0.149588,0.170504,-0.599183,0.613379,0.587112,1.069621,1.035777,-0.094121,0.048834,0.538946,0.514475,0.359395,0.557435,0.503802,,,,,,,,,,,,,,,,,,,,,,,,,,,,,,,,,,,,,,,,,,,,
1997,-0.367594,1.242610,1.027688,0.210023,0.422119,0.978064,0.866694,0.137733,0.043097,0.573369,0.639905,0.618486,0.600251,0.438295,0.708956,0.130396,0.647156,0.475086,0.309538,0.705579,0.380364,-0.703130,1.583195,0.571226,1.031290,0.235663,-0.137051,-0.375634,-0.243029,-0.538739,0.755800,0.577557,0.543003,,,,,,,,-0.377115,-0.079365,-0.034509,-0.049607,0.429966,-0.203976,-0.041880,-0.082811,-0.236463,-0.218604,-0.158627,-0.994698,,-0.408911,-0.401659,0.064955,-0.165416,-0.102248,-0.162753,-0.861352,,-0.107638,0.001088,0.022870,0.212120,0.035763,0.034079,0.036600,-0.028084,0.146222,0.144357,0.147150,0.075566,0.181741,0.179820,0.182697,0.108896
1998,0.556183,0.066034,0.529715,-0.159378,-0.544286,-0.096266,-0.160228,0.174876,0.352030,0.031269,0.045194,0.034250,0.029787,0.082731,0.006844,0.293004,0.024147,0.129064,0.201262,0.018821,0.168721,0.567376,0.284508,0.792964,1.474799,2.454169,-0.270126,-0.048986,-0.833127,-0.766797,0.273705,0.815511,-0.024468,,,,,,,,0.533040,0.580190,0.395327,0.406572,-0.005667,0.315003,0.281373,-0.035724,-0.240586,-0.176103,-0.295782,-0.645732,,-0.115462,-0.278074,0.075534,-0.062432,-0.047419,-0.268508,-0.677496,,-0.027853,0.547759,0.234088,0.064526,0.352030,0.352030,0.352030,0.352030,0.174876,0.174876,0.174876,0.174876,0.174876,0.174876,0.174876,0.174876
1999,1.031296,0.128221,0.882259,0.476573,0.129290,-0.119046,-0.019955,0.070500,0.490194,0.337777,0.360910,0.365397,0.336907,0.532660,0.150988,0.405889,0.238306,0.713769,0.372578,0.283905,0.759907,2.223820,0.246505,0.358810,2.204493,2.493021,0.953722,0.953141,0.066852,0.166738,0.160100,0.931458,0.933404,,,,,,,,1.001258,0.537162,0.674619,0.648295,0.487132,0.560729,0.241054,0.046647,0.118972,-0.182254,-0.106957,0.000000,,-0.147877,0.074083,-0.044660,0.197637,-0.030080,0.055321,-0.345746,,-0.169986,0.641025,0.207629,0.295909,0.490194,0.490194,0.490194,0.490194,0.070500,0.070500,0.070500,0.070500,0.070500,0.070500,0.070500,0.070500
2000,-0.505644,-0.011332,-0.255937,-0.256334,-0.129680,0.283529,0.153595,0.072809,-0.263186,-0.112451,-0.094522,-0.103183,-0.113638,-0.224766,0.077038,-0.138960,-0.044104,-0.324146,-0.139328,-0.080190,-0.342065,-0.818920,-0.200707,-0.258139,-0.655432,-0.680198,-0.468723,-0.424700,-0.449906,-0.487519,-0.065951,-0.318260,-0.379271,,,,,,,,-0.512538,-0.310708,-0.186568,-0.300976,-0.130448,-0.334918,-0.149612,-0.098735,-0.368846,0.076696,-0.168995,-0.018701,,-0.118339,-0.245559,0.000869,-0.147638,0.116132,-0.099547,-0.513613,,-0.088685,-0.110155,-0.006116,0.009683,-0.263186,-0.263186,-0.263186,-0.263186,0.072809,0.072809,0.072809,0.072809,0.072809,0.072809,0.072809,0.072809
2001,0.392995,-0.036038,-0.286650,-0.300334,0.233880,0.116764,0.109330,0.056579,0.303193,0.030447,0.029335,0.041906,0.023707,-0.012207,0.067002,0.020348,0.049468,-0.052258,0.013510,0.044149,-0.061973,0.612966,-0.207665,-0.246849,-0.662133,-0.678797,-0.514405,-0.444263,0.212420,0.152075,-0.069586,-0.319803,-0.301333,,,,,,,,0.372506,0.007097,0.089172,0.312621,0.015183,0.059305,-0.146190,-0.053006,-0.152924,-0.238159,0.166947,0.000000,,-0.282592,-0.258478,-0.020499,-0.024728,-0.122057,0.087651,-0.641612,,0.301393,-0.124541,0.302268,-0.019133,0.303193,0.303193,0.303193,0.303193,0.056579,0.056579,0.056579,0.056579,0.056579,0.056579,0.056579,0.056579
2002,-0.068141,-0.307402,-0.436163,-0.188567,0.054856,0.044497,-0.086252,0.048886,-0.008439,-0.143446,-0.139621,-0.139350,-0.133703,-0.193458,-0.073364,-0.066895,-0.098222,-0.264083,-0.113264,-0.142950,-0.264386,-0.262406,-0.514397,-0.443641,-0.713108,-0.671271,-0.379055,-0.341560,0.167012,0.337155,-0.268938,-0.409024,-0.393964,,,,,,,,-0.065729,-0.020982,0.037301,0.007361,-0.009353,-0.025610,0.031624,-0.330611,-0.108662,0.067319,-0.315026,0.000000,,-0.414315,-0.091065,-0.117631,-0.081210,-0.072990,-0.097926,-0.193014,,-0.235367,0.222162,0.036973,-0.026310,-0.008439,-0.008439,-0.008439,-0.008439,0.048886,0.048886,0.048886,0.048886,0.048886,0.048886,0.048886,0.048886
2003,0.336482,0.289615,0.483891,0.408304,1.525685,0.003526,0.007632,0.044006,0.204615,0.389546,0.436647,0.400217,0.408041,0.571544,0.251499,0.400611,0.321662,0.821364,0.391115,0.366654,0.831354,0.584522,0.589465,0.643514,1.029387,1.098523,0.679379,0.562616,4.865088,5.035526,0.297742,0.478198,1.468175,,,,,,,,0.353091,0.237922,0.159255,0.392501,0.256340,0.310074,0.230021,-0.103330,0.195244,-0.363997,-0.357915,0.000000,-0.030045,-0.051763,0.233084,0.032257,0.091639,-0.043136,-0.077222,-0.250521,-0.024165,0.279328,0.274807,0.000749,0.248784,0.099191,0.133334,0.082129,0.207799,-0.084170,-0.055724,-0.098385,0.006320,-0.084170,-0.055724,-0.098385,0.006320
2004,0.111463,-0.033762,-0.032936,-0.031669,-0.141784,-0.101922,-0.121357,0.039050,0.026127,-0.041673,-0.039250,-0.040228,-0.043714,-0.014788,-0.076372,0.077068,-0.048534,-0.021547,0.011977,-0.063688,-0.000174,0.113517,0.039994,0.227371,0.019859,0.203647,0.017282,0.184768,-0.247763,-0.110383,0.041643,0.037043,0.004406,,,,,,,,0.118653,0.081990,0.121686,0.196533,0.137562,0.103527,0.062907,-0.125120,-0.102835,-0.169187,-0.394443,0.000000,-0.011814,-0.105899,-0.107093,0.148513,-0.028095,0.055239,-0.008450,-0.058341,-0.007840,0.100304,0.032647,0.092347,-0.067730,0.034275,0.027765,0.037309,-0.051124,0.074310,0.067545,0.077463,-0.014395,0.074310,0.067545,0.077463,-0.014395
2005,0.561892,0.027003,0.005388,0.237385,0.136175,0.009384,0.001446,0.035930,0.322510,0.132240,0.139025,0.132272,0.139314,0.183823,0.110498,0.183146,0.114004,0.283059,0.157862,0.141312,0.289093,1.274298,0.033140,0.066589,-0.017808,0.014000,0.742837,1.093296,0.249016,0.284991,0.037309,0.020506,0.238443,,,,,,,,0.568084,0.489233,0.377471,0.568347,0.448281,0.567834,0.467295,0.252871,0.497498,0.106737,-0.181630,0.000000,-0.034616,0.050666,0.020972,0.042178,0.466555,0.000000,0.000000,-0.180543,-0.003778,0.000000,0.561892,0.185150,0.132240,0.343052,0.335752,0.345337,0.145511,0.084941,0.079039,0.086790,-0.074636,0.084941,0.079039,0.086790,-0.074636
2006,0.060086,0.059263,-0.023088,-0.034101,0.821990,-0.061040,-0.041145,0.044438,0.012951,0.090014,0.111665,0.095319,0.096443,0.149129,0.028781,0.167288,0.062599,0.202610,0.124147,0.072650,0.221784,0.034606,0.148351,0.248355,-0.037129,0.046717,-0.015727,0.129166,2.268288,2.562840,0.096640,0.009523,0.419579,0.132881,0.260786,0.260786,0.041235,0.183685,0.081736,0.260786,0.066518,-0.072083,0.017910,0.076339,0.040267,0.011456,-0.152566,-0.012541,-0.145857,-0.399016,-0.343387,-0.018406,-0.018678,-0.053784,0.154806,-0.080824,-0.009577,-0.073557,-0.048121,-0.051286,0.000000,0.071349,0.058256,0.065965,0.090546,0.116257,0.089771,0.129612,0.095665,0.166531,0.138851,0.180489,0.145012,0.166531,0.138851,0.180489,0.145012
2007,0.320405,0.065994,0.216822,-0.054856,0.596659,0.096050,0.054261,0.051472,0.232182,0.181313,0.186044,0.185171,0.195067,0.221824,0.115433,0.177560,0.174520,0.292363,0.170233,0.185694,0.284300,0.562633,0.040545,0.035710,0.343234,0.336974,-0.187556,-0.194839,1.127215,1.124692,0.049537,0.196465,0.307242,0.109852,0.394191,0.394191,0.119114,0.350361,0.202479,0.394191,0.334869,0.173169,0.268208,0.224685,0.268798,0.298754,0.029759,-0.023770,0.207411,-0.212222,-0.278457,0.000000,-0.065507,0.004062,-0.111864,0.118046,0.116310,-0.007126,-0.012067,-0.013685,-0.007479,0.038828,0.281507,0.207746,0.154676,0.431451,0.366036,0.464079,0.053681,0.322683,0.262236,0.352834,-0.026382,0.322683,0.262236,0.352834,-0.026382
2008,-0.384460,-0.190977,-0.246845,-0.008970,-0.324418,0.656378,0.358248,0.057244,-0.055000,-0.054574,-0.024051,-0.056270,-0.023625,-0.228241,0.093228,-0.234009,0.065066,-0.392912,-0.179665,-0.015812,-0.429709,-0.695210,-0.597174,-0.686986,-0.654292,-0.731353,-0.538214,-0.714486,-0.784526,-0.833618,-0.323543,-0.362535,-0.638499,0.235161,-0.083024,-0.083024,0.085232,0.041326,-0.000183,-0.083024,-0.382860,-0.097788,-0.132305,-0.154798,0.046487,-0.272558,-0.031313,-0.061874,-0.286927,-0.096251,-0.150325,0.000000,0.003355,-0.210029,-0.291001,0.028368,-0.156290,-0.026654,0.017066,-0.018042,0.000000,-0.023410,-0.141628,0.052771,-0.029013,-0.080440,-0.069323,-0.085996,-0.076753,0.002634,0.014754,-0.003423,0.006655,0.002634,0.014754,-0.003423,0.006655
2009,0.538056,0.225285,0.484672,0.088662,0.525104,-0.178273,-0.077015,0.027939,0.229392,0.218150,0.214377,0.208368,0.224507,0.375696,0.180636,0.321013,0.131004,0.508244,0.249882,0.165772,0.546229,1.140765,0.494261,0.660786,1.204712,1.450277,0.206534,0.360835,1.189979,1.435391,0.246428,0.516491,0.777782,0.186155,0.462047,0.370623,0.083920,-0.112991,0.213176,0.462047,0.542660,0.371597,0.318007,0.493315,0.387790,0.421574,0.287144,0.093178,0.217755,-0.235793,-0.616022,0.000000,0.041859,0.043950,-0.120032,0.153380,0.402264,0.014139,-0.271343,-0.039132,0.056278,0.298687,0.270156,0.052259,0.081871,0.183367,0.191180,0.179242,0.237481,0.002102,0.008715,-0.001389,0.047927,0.002102,0.008715,-0.001389,0.047927
2010,0.240177,0.118016,0.176797,0.077080,0.006994,0.049471,-0.020829,0.026580,0.171633,0.096871,0.093191,0.096348,0.101784,0.124496,0.104786,0.117256,0.101584,0.171619,0.100190,0.099121,0.165621,0.453062,0.226790,0.283652,0.351555,0.414173,0.006447,-0.064447,-0.020248,0.028717,0.133308,0.197245,0.147453,0.014109,0.118733,0.112322,0.100103,-0.018635,0.127439,0.118733,0.238874,0.137198,0.199715,0.200217,0.199942,0.238764,0.018841,-0.187404,0.037692,-0.249233,-0.488074,0.000000,-0.016604,-0.449931,-0.442572,-0.168928,0.053407,-0.138860,-0.166954,-0.032210,0.001797,0.001036,0.097802,0.066230,0.006662,0.315261,0.273852,0.336110,0.242778,0.192805,0.155251,0.211714,0.127070,0.192805,0.155251,0.211714,0.127070
2011,-0.109288,0.024562,0.035528,-0.119189,-0.178195,0.174452,0.010263,0.033673,0.016426,-0.014510,-0.022446,-0.010440,-0.020725,-0.062891,0.034560,-0.006491,0.036756,-0.076071,-0.018556,0.015923,-0.098294,-0.291869,-0.026478,-0.005877,-0.007135,0.013874,-0.312733,-0.333599,-0.401353,-0.389345,0.012031,0.019700,-0.174546,0.010559,-0.125779,-0.125779,0.008748,0.032667,-0.006649,-0.125779,-0.107136,-0.118262,0.036693,-0.133565,0.048572,-0.106318,-0.110792,-0.200552,-0.106384,-0.116516,-0.316049,0.000000,0.009660,-0.252106,-0.231507,-0.002168,-0.079414,-0.208968,-0.271834,0.000000,-0.005676,-0.087613,-0.086006,0.057617,-0.010085,-0.016683,-0.000730,-0.025010,0.095141,-0.029646,-0.013904,-0.037863,0.080704,-0.029646,-0.013904,-0.037863,0.080704
2012,0.124727,0.074416,0.083279,0.048152,0.090671,-0.042809,-0.075263,0.033666,0.061070,0.047974,0.043011,0.047430,0.037934,0.089884,0.010986,0.150681,0.038800,0.155744,0.095569,0.048350,0.167255,0.183728,0.218077,0.358783,0.229692,0.371763,0.271120,0.561099,0.224669,0.362546,0.126429,0.138897,0.270324,0.019592,-0.027624,-0.013231,0.019882,-0.026845,0.047336,-0.013231,0.112605,0.013015,0.014310,0.092114,0.071764,0.112577,-0.040005,-0.155655,-0.056373,-0.343847,-0.375719,0.000000,0.003541,-0.032856,-0.108049,-0.069667,0.022215,0.056753,-0.165193,-0.033788,0.018022,-0.015101,0.003471,0.037615,0.008515,-0.001621,0.013924,-0.009501,0.064021,-0.031926,-0.016855,-0.039566,0.031723,-0.031926,-0.016855,-0.039566,0.031723
2013,0.015914,0.303253,0.344098,0.273833,-0.045019,-0.103421,-0.018655,0.027450,-0.031329,0.103442,0.111952,0.105065,0.113773,0.175731,0.053410,0.172218,0.056355,0.239751,0.130718,0.081128,0.265406,-0.018495,0.694372,0.770269,0.796762,0.877209,0.866688,1.376136,-0.114495,-0.074381,0.327832,0.366373,0.541474,0.081479,0.063798,0.196403,0.070793,0.197975,0.095008,0.053659,0.010727,-0.042291,-0.063839,-0.014634,-0.056904,0.010725,-0.098182,0.022409,-0.074222,-0.372533,-0.229730,0.000000,0.003336,0.064348,-0.250571,-0.098369,-0.101367,-0.010083,-0.036578,0.000000,-0.001633,0.006113,-0.029060,-0.050130,0.081702,-0.045591,-0.039368,-0.048713,0.091356,-0.001605,0.004903,-0.004870,0.141653,-0.001605,0.004903,-0.004870,0.141653
2014,-0.062909,0.205872,0.265436,-0.019288,0.174917,0.143254,0.039136,0.025189,0.016765,0.104259,0.106438,0.104503,0.109103,0.108689,0.089109,0.114283,0.123680,0.182176,0.102982,0.137156,0.165455,-0.158811,0.370411,0.349284,0.499973,0.476834,0.014205,0.144152,0.280576,0.261366,0.188899,0.246856,0.294848,0.061118,0.116992,0.073282,0.097586,0.200406,0.098095,0.066565,-0.066011,-0.111227,-0.110188,-0.076915,-0.052256,-0.065996,-0.108705,0.028376,-0.076830,-0.149958,-0.262055,0.000000,-0.006692,-0.282649,-0.446021,0.055237,-0.022860,0.000000,0.000000,-0.018617,0.000000,0.000000,-0.062909,0.016765,0.104259,0.016722,0.016722,0.016722,0.016722,0.025189,0.025189,0.025189,0.025189,0.025189,0.025189,0.025189,0.025189
2015,-0.000642,0.081099,0.167190,0.173971,-0.107102,0.075910,0.063408,0.017765,0.034018,0.069464,0.065560,0.068435,0.063339,0.065172,0.058748,0.035617,0.073599,0.071989,0.047867,0.077027,0.064200,-0.040030,0.063523,0.015873,0.229653,0.174549,0.237130,0.178962,-0.304976,-0.336797,0.047134,0.131434,0.063614,0.022896,-0.230613,-0.109231,0.048181,-0.095518,0.046737,-0.089660,-0.001274,-0.003961,-0.035125,-0.006569,0.008259,-0.001274,-0.026679,0.030144,0.197420,-0.198961,0.065408,0.000000,0.046067,-0.109703,-0.163949,-0.099468,0.157064,-0.110009,-0.038658,0.000000,0.000000,0.124605,-0.031663,0.034018,0.069945,0.034018,0.034018,0.034018,0.034018,0.017765,0.017765,0.017765,0.017765,0.017765,0.017765,0.017765,0.017765
2016,0.097460,0.146375,0.096376,0.077107,0.024784,0.035949,0.037388,0.014648,0.074982,0.077087,0.074187,0.075926,0.075543,0.091396,0.082930,0.057428,0.071132,0.094533,0.055847,0.067988,0.091668,0.161319,0.233559,0.204127,0.118267,0.091597,0.013293,-0.031494,-0.043299,-0.065162,0.122928,0.072419,0.090091,-0.057640,-0.134391,-0.003293,0.085381,0.051564,0.053557,0.043157,0.101736,0.023656,0.014531,0.101755,0.073169,0.101712,-0.035314,-0.156543,-0.219663,-0.332727,-0.043295,-0.006312,0.011387,-0.313823,-0.295551,-0.355474,-0.274470,0.000000,-0.013965,-0.024458,0.000000,0.017159,0.030850,0.030616,-0.010771,0.074982,0.074982,0.074982,0.074982,0.014648,0.014648,0.014648,0.014648,0.014648,0.014648,0.014648,0.014648
2017,0.267116,0.075906,0.164489,0.104104,0.131803,-0.088572,-0.108803,0.013886,0.113284,0.072435,0.077823,0.073022,0.079767,0.148411,0.061466,0.171231,0.047984,0.226508,0.116416,0.053046,0.247249,0.558605,0.281245,0.454711,0.492115,0.694118,0.305937,0.439839,0.412514,0.615021,0.142175,0.233547,0.376245,0.053465,0.118000,0.123493,0.038863,0.117306,0.072435,0.072435,0.270958,0.252634,0.206501,0.271003,0.241654,0.270900,0.234942,-0.080563,0.225802,-0.319507,-0.028137,0.000000,-0.009736,-0.292898,0.007979,-0.015960,0.134488,0.000000,0.000000,0.000000,0.000000,0.000000,0.267116,0.113284,0.072435,0.124958,0.117440,0.128616,0.132824,0.047269,0.040269,0.050675,0.054592,0.047269,0.040269,0.050675,0.054592
2018,-0.181470,-0.012108,0.028282,-0.052845,-0.084762,0.041230,0.062571,0.016185,-0.093032,-0.026016,-0.027678,-0.026378,-0.025482,-0.059988,-0.014747,-0.057687,-0.016482,-0.113301,-0.045294,-0.026917,-0.115954,-0.358494,-0.116593,-0.156858,-0.063540,-0.106228,-0.192421,-0.232148,-0.247569,-0.280333,-0.041316,-0.008240,-0.147927,0.011271,0.045179,0.034589,-0.010654,-0.008715,-0.020106,-0.020106,-0.173184,-0.198440,-0.135320,-0.189073,-0.182723,-0.173155,-0.097320,-0.117482,-0.150961,0.352613,-0.067819,0.000000,-0.023470,-0.183714,-0.027764,-0.117851,-0.196235,-0.030356,-0.025783,0.000000,-0.008532,-0.004244,-0.201223,-0.109680,-0.029360,-0.093032,-0.093032,-0.093032,-0.093032,0.016185,0.016185,0.016185,0.016185,0.016185,0.016185,0.016185,0.016185
2019,0.137809,0.374125,0.454123,0.249481,0.200095,0.142046,0.054325,0.017022,0.147215,0.229287,0.230329,0.227960,0.229831,0.280944,0.190205,0.197359,0.228803,0.433487,0.212710,0.261968,0.409148,0.243375,0.748074,0.682855,0.937184,0.864907,0.462560,0.420046,0.323243,0.267140,0.343537,0.421286,0.611319,0.109153,0.157147,0.156727,0.193545,0.117715,0.163497,0.163497,0.144414,0.033098,0.007503,0.132116,-0.093771,0.144384,-0.030490,-0.054053,0.229840,0.010039,0.129950,0.000000,0.031986,-0.046312,-0.133988,0.017971,-0.050614,0.009759,0.000000,0.000000,0.000000,0.143849,0.137809,0.147215,0.229287,0.209437,0.192067,0.217983,0.194865,0.090110,0.074453,0.097813,0.076976,0.090110,0.074453,0.097813,0.076976
2020,0.344566,0.101776,0.387836,0.165278,-0.078414,0.033236,-0.057673,0.009583,0.228729,0.127737,0.128412,0.139312,0.172434,0.178800,0.026611,0.173719,0.128190,0.252630,0.139047,0.128839,0.247850,0.640567,0.131407,0.209723,0.773182,0.895902,0.281294,0.300558,-0.155007,-0.100383,0.105341,0.386318,0.242959,0.102913,0.138186,0.145058,0.026025,0.065690,-0.004791,-0.004791,0.355581,0.291178,0.223383,0.372413,0.166976,0.296516,0.241018,-0.135774,-0.057215,0.457570,-0.127006,0.000000,0.242931,-0.167956,-0.056129,-0.084732,0.101444,-0.020641,-0.100003,0.000000,-0.012476,-0.108030,0.222200,0.334499,0.038307,0.603180,0.468336,0.672787,0.305841,0.552356,0.421781,0.619759,0.264443,0.552356,0.421781,0.619759,0.264443
2021,0.027372,0.414457,0.403026,0.034062,-0.158990,0.037149,0.082873,0.007497,0.033662,0.108800,0.120964,0.111895,0.120550,0.127620,0.099721,0.068764,0.091900,0.155175,0.080321,0.108485,0.152101,0.011378,0.800334,0.671652,0.741183,0.616735,0.058939,0.093459,-0.377069,-0.418365,0.356953,0.337271,0.228582,0.091469,0.209835,0.222709,0.107401,0.217969,0.109093,0.109093,0.029912,-0.003257,0.054553,-0.020372,0.065423,0.029906,-0.025119,0.074786,0.182864,-0.216185,-0.028300,0.000000,-0.043362,-0.171551,-0.153690,0.068651,-0.058905,-0.007865,0.000000,-0.011486,-0.048387,0.086764,0.027372,0.028189,0.108800,0.146826,0.109362,0.165615,0.057351,0.180432,0.141868,0.199773,0.088335,0.180432,0.141868,0.199773,0.088335
2022,-0.250751,-0.142759,-0.302750,-0.162803,-0.092283,-0.104965,0.087713,0.021940,-0.188514,-0.134190,-0.139768,-0.136079,-0.144671,-0.182480,-0.086117,-0.150785,-0.149851,-0.303491,-0.150986,-0.163800,-0.289898,-0.473253,-0.368495,-0.407859,-0.601497,-0.626335,-0.264434,-0.178226,-0.342699,-0.383827,-0.181215,-0.336992,-0.373460,-0.035310,-0.171054,-0.134125,-0.096130,-0.051106,-0.134190,-0.168784,-0.241479,-0.132278,-0.141644,-0.212845,-0.289607,-0.238510,-0.024628,-0.034662,-0.163870,-0.033524,0.000000,0.000000,-0.091476,-0.101178,-0.261075,-0.134315,-0.128984,-0.051510,-0.092537,-0.018058,-0.017796,-0.100835,-0.236614,-0.138283,-0.127300,-0.188514,-0.188514,-0.188514,-0.188514,0.021940,0.021940,0.021940,0.021940,0.021940,0.021940,0.021940,0.021940
2023,0.247680,0.310136,0.626691,0.250892,-0.100077,0.065765,0.070482,0.037327,0.175242,0.197972,0.207560,0.198794,0.196000,0.250406,0.166776,0.190207,0.174628,0.349525,0.188258,0.207434,0.345783,0.457425,0.561880,0.510521,1.370598,1.292704,0.577577,0.697522,-0.289019,-0.311133,0.280923,0.590303,0.454321,0.085439,0.190367,0.083191,0.091651,0.035281,0.091323,0.093797,0.248538,0.174350,0.166768,0.202658,0.146688,0.248322,0.130281,0.001473,0.299723,0.169468,0.009882,0.000000,0.000207,-0.097414,-0.205085,-0.114001,0.362620,0.001501,-0.059295,0.000000,0.048180,-0.147845,0.201825,0.128455,0.183006,0.137001,0.147783,0.131406,0.225928,-0.001581,0.007885,-0.006493,0.076508,-0.001581,0.007885,-0.006493,0.076508
2024,-0.099137,0.438398,0.454127,0.228936,0.482953,0.106099,0.192386,0.036380,-0.019302,0.254270,0.259101,0.253190,0.261842,0.297437,0.230008,0.157490,0.218620,0.376396,0.197360,0.260537,0.365532,-0.255596,0.690951,0.466797,0.698893,0.473678,0.374117,0.389407,0.694863,0.461166,0.331589,0.338992,0.694571,0.234454,0.264094,0.045179,0.238391,0.371109,0.112510,0.112510,-0.093576,-0.052889,0.048171,-0.028805,0.089903,-0.054290,-0.139285,-0.173320,-0.121178,-0.132412,-0.051585,0.000000,0.061540,-0.076766,-0.262113,-0.157970,-0.111913,-0.006251,-0.132815,0.000000,0.079509,0.054749,-0.120120,-0.032618,0.092051,-0.019302,-0.019302,-0.019302,-0.019302,0.036380,0.036380,0.036380,0.036380,0.036380,0.036380,0.036380,0.036380
2025,0.934432,0.141532,0.167347,0.254544,0.234048,0.057264,0.013150,0.027409,0.539181,0.241925,0.255549,0.245720,0.246112,0.332159,0.177345,0.257549,0.217200,0.482424,0.240697,0.244994,0.479809,2.432177,0.233052,0.247901,0.265871,0.281112,0.498935,0.551957,0.397597,0.416655,0.130498,0.149589,0.379641,0.203789,0.320842,0.259664,0.156003,0.210545,0.228626,0.204411,0.942108,0.772953,0.651852,0.820932,0.681852,0.842749,0.657738,0.421649,0.675559,-0.205396,-0.075269,0.000000,0.299401,-0.099468,-0.042566,0.158196,0.262493,0.244734,-0.067672,0.000000,0.254231,0.150112,0.719958,0.343497,0.253832,0.888687,0.749298,0.960773,0.568963,0.481821,0.372457,0.538378,0.230972,0.481821,0.372457,0.538378,0.230972
2026,0.850352,0.065421,0.143432,0.287824,-0.140836,-0.100528,-0.023240,0.021328,0.433612,0.142300,0.155153,0.144525,0.145255,0.229273,0.061409,0.186782,0.090272,0.298851,0.164874,0.115049,0.323438,1.422745,0.139334,0.189520,0.288225,0.344969,0.629288,0.749056,-0.259540,-0.219838,0.085444,0.171099,0.199142,0.187063,0.319345,0.529563,0.054842,0.152129,0.018933,0.021508,0.854017,0.749116,0.727096,0.760308,0.673638,0.705809,0.881928,-0.103739,-0.139212,0.126161,-0.014934,0.000000,0.635188,-0.014832,-0.000401,-0.008734,-0.010848,-0.024609,0.032959,0.000000,0.585464,0.010988,0.631755,0.029211,0.165070,0.433612,0.433612,0.433612,0.433612,0.021328,0.021328,0.021328,0.021328,0.021328,0.021328,0.021328,0.021328
