strategy,ticker,name,buy_date,sell_date,hold_bdays,buy_px,qty,sell_px,pl_recorded,pl_gross_1unit,ret_pct_1unit,asset_at_entry,strategy_budget,notional_cap_pos_ratio,notional_1unit,notional_1unit_over_cap_x,N_atr14,N_pct_of_price,N_wilder20,turtle_unit_qty_theory,lot_in_turtle_units,MFE_won,MFE_N,MFE_pct,MAE_won,MAE_N,MAE_pct,mae_hit_2N,reach_0.5N,days_to_0.5N,reach_1N,days_to_1N,reach_1.5N,days_to_1.5N,reach_2N,days_to_2N,MFE20_N,MFE20_pct,bars_after_entry_avail,pess_units,pess_add_days,pess_unit_px,pess_avg_px,pess_final_stop,pess_exit_px,pess_exit_reason,pess_exit_day,pess_pnl,pess_pnl_delta_vs_1unit,pess_notional,pess_notional_pct_asset,pess_notional_over_budget_x,pess_risk_won_at_final_stop,pess_risk_pct_asset,pess_pnl_pct_asset,opt_units,opt_add_days,opt_unit_px,opt_avg_px,opt_final_stop,opt_exit_px,opt_exit_reason,opt_exit_day,opt_pnl,opt_pnl_delta_vs_1unit,opt_notional,opt_notional_pct_asset,opt_notional_over_budget_x,opt_risk_won_at_final_stop,opt_risk_pct_asset,opt_pnl_pct_asset,pess_1N_units,pess_1N_add_days,pess_1N_unit_px,pess_1N_avg_px,pess_1N_final_stop,pess_1N_exit_px,pess_1N_exit_reason,pess_1N_exit_day,pess_1N_pnl,pess_1N_pnl_delta_vs_1unit,pess_1N_notional,pess_1N_notional_pct_asset,pess_1N_notional_over_budget_x,pess_1N_risk_won_at_final_stop,pess_1N_risk_pct_asset,pess_1N_pnl_pct_asset,pess_budget_units,pess_budget_add_days,pess_budget_unit_px,pess_budget_avg_px,pess_budget_final_stop,pess_budget_exit_px,pess_budget_exit_reason,pess_budget_exit_day,pess_budget_pnl,pess_budget_pnl_delta_vs_1unit,pess_budget_notional,pess_budget_notional_pct_asset,pess_budget_notional_over_budget_x,pess_budget_risk_won_at_final_stop,pess_budget_risk_pct_asset,pess_budget_pnl_pct_asset
donchian_swing,139480,이마트,2026-05-11,2026-05-12,1,115500.0,1,108300.0,-7300.0,-7200.0,-6.2338,1089256.0,163388.4,32677.68,115500.0,3.5345,3635.7143,3.1478,4825.4826,0,4.4504,2100.0,0.5776,1.8182,12500.0,3.4381,10.8225,True,True,0,False,,False,,False,,0.8802,2.7706,20,2,0,115500|117318,116409,110046,108300.0,actual_exit(stop_touched_same_day),1,-16217.8571,-9017.8571,232817.8571,21.374,1.4249,12725.0,1.1682,-1.4889,2,0,115500|117318,116409,110046,108300.0,actual_exit(stop_touched_same_day),1,-16217.8571,-9017.8571,232817.8571,21.374,1.4249,12725.0,1.1682,-1.4889,1,,115500,115500,108229,108300.0,actual_exit(stop_touched_same_day),1,-7200.0,0.0,115500.0,10.6036,0.7069,7271.4286,0.6676,-0.661,1,,115500,115500,108229,108300.0,actual_exit(stop_touched_same_day),1,-7200.0,0.0,115500.0,10.6036,0.7069,7271.4286,0.6676,-0.661
donchian_swing,336260,두산테스나,2026-05-11,2026-05-12,1,89600.0,1,88300.0,-1300.0,-1300.0,-1.4509,1089256.0,163388.4,32677.68,89600.0,2.7419,6175.0,6.8917,5653.3935,0,7.5587,14200.0,2.2996,15.8482,4600.0,0.7449,5.1339,False,True,0,True,0,True,0,True,0,3.1255,21.5402,20,4,0|0|0,89600|92688|95775|98862,94231,86512,86512.5,pyr_stop_same_day_after_add,0,-30875.0,-29575.0,376925.0,34.6039,2.3069,30875.0,2.8345,-2.8345,4,0|0|0,89600|92688|95775|98862,94231,86512,88300.0,actual_exit(stop_touched_same_day),1,-23725.0,-22425.0,376925.0,34.6039,2.3069,30875.0,2.8345,-2.1781,3,0|0,89600|95775|101950,95775,89600,89600.0,pyr_stop_same_day_after_add,0,-18525.0,-17225.0,287325.0,26.3781,1.7585,18525.0,1.7007,-1.7007,1,,89600,89600,77250,88300.0,actual_exit,1,-1300.0,0.0,89600.0,8.2258,0.5484,12350.0,1.1338,-0.1193
donchian_swing,003550,LG,2026-05-11,2026-05-12,1,110100.0,1,109200.0,-1400.0,-900.0,-0.8174,1089256.0,163388.4,32677.68,110100.0,3.3693,3560.7143,3.2341,4672.7712,0,4.3586,8300.0,2.331,7.5386,5500.0,1.5446,4.9955,False,True,1,True,1,True,1,True,1,21.2879,68.8465,20,4,1|1|1,110100|111880|113661|115441,112771,108320,109200.0,actual_exit,1,-14282.1429,-13382.1429,451082.1429,41.4119,2.7608,17803.5714,1.6345,-1.3112,4,1|1|1,110100|111880|113661|115441,112771,108320,109200.0,actual_exit,1,-14282.1429,-13382.1429,451082.1429,41.4119,2.7608,17803.5714,1.6345,-1.3112,3,1|1,110100|113661|117221,113661,110100,109200.0,actual_exit,1,-13382.1429,-12482.1429,340982.1429,31.3041,2.0869,10682.1429,0.9807,-1.2286,1,,110100,110100,102979,109200.0,actual_exit,1,-900.0,0.0,110100.0,10.1078,0.6739,7121.4286,0.6538,-0.0826
donchian_swing,086280,현대글로비스,2026-05-11,2026-05-12,1,246000.0,1,258500.0,11500.0,12500.0,5.0813,1089256.0,163388.4,32677.68,246000.0,7.5281,12750.0,5.1829,14420.6982,0,15.607,42500.0,3.3333,17.2764,2500.0,0.1961,1.0163,False,True,0,True,1,True,1,True,1,3.3333,17.2764,20,4,0|1|1,246000|252375|268500|268500,258844,243000,258500.0,actual_exit,1,-1375.0,-13875.0,1035375.0,95.0534,6.3369,63375.0,5.8182,-0.1262,4,0|1|1,246000|252375|268500|268500,258844,243000,258500.0,actual_exit,1,-1375.0,-13875.0,1035375.0,95.0534,6.3369,63375.0,5.8182,-0.1262,4,1|1|1,246000|268500|271500|284250,267562,258750,258500.0,actual_exit,1,-36250.0,-48750.0,1070250.0,98.2551,6.5503,35250.0,3.2362,-3.328,1,,246000,246000,220500,258500.0,actual_exit,1,12500.0,0.0,246000.0,22.5842,1.5056,25500.0,2.341,1.1476
donchian_swing,383220,F&F,2026-05-11,2026-05-19,6,84700.0,1,78800.0,-6000.0,-5900.0,-6.9658,1089256.0,163388.4,32677.68,84700.0,2.592,3582.1429,4.2292,3806.4179,0,4.3848,3500.0,0.9771,4.1322,8200.0,2.2891,9.6812,True,True,0,False,,False,,False,,1.2004,5.0767,20,2,0,84700|86491,85596,79327,78800.0,actual_exit(stop_touched_same_day),6,-13591.0714,-7691.0714,171191.0714,15.7163,1.0478,12537.5,1.151,-1.2477,2,0,84700|86491,85596,79327,78800.0,actual_exit(stop_touched_same_day),6,-13591.0714,-7691.0714,171191.0714,15.7163,1.0478,12537.5,1.151,-1.2477,1,,84700,84700,77536,78800.0,actual_exit(stop_touched_same_day),6,-5900.0,0.0,84700.0,7.7759,0.5184,7164.2857,0.6577,-0.5417,1,,84700,84700,77536,78800.0,actual_exit(stop_touched_same_day),6,-5900.0,0.0,84700.0,7.7759,0.5184,7164.2857,0.6577,-0.5417
donchian_swing,017670,SK텔레콤,2026-05-13,2026-05-19,4,101700.0,1,96000.0,-5700.0,-5700.0,-5.6047,1085863.0,162879.45,32575.89,101700.0,3.1219,3992.8571,3.9261,4619.6869,0,4.9028,4400.0,1.102,4.3265,5800.0,1.4526,5.703,False,True,0,True,0,False,,False,,9.4669,37.1681,20,3,0|0,101700|103696|105693,103696,97707,97707.1429,pyr_stop,3,-17967.8571,-12267.8571,311089.2857,28.649,1.9099,17967.8571,1.6547,-1.6547,3,0|0,101700|103696|105693,103696,97707,97707.1429,pyr_stop,3,-17967.8571,-12267.8571,311089.2857,28.649,1.9099,17967.8571,1.6547,-1.6547,2,0,101700|105693,103696,97707,97707.1429,pyr_stop,3,-11978.5714,-6278.5714,207392.8571,19.0994,1.2733,11978.5714,1.1031,-1.1031,1,,101700,101700,93714,96000.0,actual_exit,4,-5700.0,0.0,101700.0,9.3658,0.6244,7985.7143,0.7354,-0.5249
kojiro,068790,DMS,2026-07-22,2026-07-24,2,8610.0,5,7900.0,-3550.0,-3550.0,-8.2462,1185458.0,355637.4,59035.8084,43050.0,0.7292,574.2857,6.67,487.4383,3,1.6148,170.0,0.296,1.9744,950.0,1.6542,11.0337,False,False,,False,,False,,False,,0.296,1.9744,16,1,,8610,8610,7461,7900.0,actual_exit,2,-3550.0,0.0,43050.0,3.6315,0.1211,5742.8571,0.4844,-0.2995,1,,8610,8610,7461,7900.0,actual_exit,2,-3550.0,0.0,43050.0,3.6315,0.1211,5742.8571,0.4844,-0.2995,1,,8610,8610,7461,7900.0,actual_exit,2,-3550.0,0.0,43050.0,3.6315,0.1211,5742.8571,0.4844,-0.2995,1,,8610,8610,7461,7900.0,actual_exit,2,-3550.0,0.0,43050.0,3.6315,0.1211,5742.8571,0.4844,-0.2995
donchian_swing,017670,SK텔레콤,2026-07-24,2026-07-28,2,98200.0,1,89200.0,-9000.0,-9000.0,-9.165,1196147.0,179422.05,35884.41,98200.0,2.7366,5378.5714,5.4772,5996.3429,0,5.9954,7400.0,1.3758,7.5356,17600.0,3.2722,17.9226,True,True,0,True,0,False,,False,,1.5432,8.4521,20,3,0|0,98200|100889|103579,100889,92821,92100,pyr_stop_gap,2,-26367.8571,-17367.8571,302667.8571,25.3036,1.6869,24203.5714,2.0235,-2.2044,3,0|0,98200|100889|103579,100889,92821,92100,pyr_stop_gap,2,-26367.8571,-17367.8571,302667.8571,25.3036,1.6869,24203.5714,2.0235,-2.2044,2,0,98200|103579,100889,92821,92100,pyr_stop_gap,2,-17578.5714,-8578.5714,201778.5714,16.869,1.1246,16135.7143,1.349,-1.4696,1,,98200,98200,87443,89200.0,actual_exit(stop_touched_same_day),2,-9000.0,0.0,98200.0,8.2097,0.5473,10757.1429,0.8993,-0.7524
kojiro,139130,iM금융지주,2026-07-22,2026-07-28,4,18330.0,2,16890.0,-2880.0,-2880.0,-7.856,1185458.0,355637.4,59035.8084,36660.0,0.621,901.4286,4.9178,855.1047,1,1.0139,490.0,0.5436,2.6732,1980.0,2.1965,10.802,True,True,3,False,,False,,False,,0.5436,2.6732,20,2,3,18330|18781,18555,16978,16890.0,actual_exit(stop_touched_same_day),4,-6661.4286,-3781.4286,74221.4286,6.261,0.2087,6310.0,0.5323,-0.5619,2,3,18330|18781,18555,16978,16890.0,actual_exit(stop_touched_same_day),4,-6661.4286,-3781.4286,74221.4286,6.261,0.2087,6310.0,0.5323,-0.5619,1,,18330,18330,16527,16890.0,actual_exit(stop_touched_same_day),4,-2880.0,0.0,36660.0,3.0925,0.1031,3605.7143,0.3042,-0.2429,2,3,18330|18781,18555,16978,16890.0,actual_exit(stop_touched_same_day),4,-6661.4286,-3781.4286,74221.4286,6.261,0.2087,6310.0,0.5323,-0.5619
donchian_swing,011200,HMM,2026-07-27,2026-07-29,2,21200.0,1,20000.0,-1200.0,-1200.0,-5.6604,1179827.0,176974.05,35394.81,21200.0,0.599,828.5714,3.9084,900.069,1,0.9364,550.0,0.6638,2.5943,1430.0,1.7259,6.7453,False,True,0,False,,False,,False,,2.6552,10.3774,20,2,0,21200|21614,21407,19957,19957.1429,pyr_stop,1,-2900.0,-1700.0,42814.2857,3.6289,0.2419,2900.0,0.2458,-0.2458,2,0,21200|21614,21407,19957,19957.1429,pyr_stop,1,-2900.0,-1700.0,42814.2857,3.6289,0.2419,2900.0,0.2458,-0.2458,1,,21200,21200,19543,20000.0,actual_exit,2,-1200.0,0.0,21200.0,1.7969,0.1198,1657.1429,0.1405,-0.1017,2,0,21200|21614,21407,19957,19957.1429,pyr_stop,1,-2900.0,-1700.0,42814.2857,3.6289,0.2419,2900.0,0.2458,-0.2458
kojiro,089860,롯데렌탈,2026-07-21,2026-07-29,6,37200.0,1,35300.0,-1900.0,-1900.0,-5.1075,1197043.0,359112.9,59612.7414,37200.0,0.624,1707.1429,4.5891,1415.9644,1,0.9508,4200.0,2.4603,11.2903,2600.0,1.523,6.9892,False,True,1,True,1,True,1,True,3,5.682,26.0753,20,4,1|1|1,37200|38054|38907|39761,38480,36346,35300.0,actual_exit(stop_touched_same_day),6,-12721.4286,-10821.4286,153921.4286,12.8585,0.4286,8535.7143,0.7131,-1.0627,4,1|1|1,37200|38054|38907|39761,38480,36346,35300.0,actual_exit(stop_touched_same_day),6,-12721.4286,-10821.4286,153921.4286,12.8585,0.4286,8535.7143,0.7131,-1.0627,3,1|3,37200|38907|40614,38907,37200,35300.0,actual_exit(stop_touched_same_day),6,-10821.4286,-8921.4286,116721.4286,9.7508,0.325,5121.4286,0.4278,-0.904,4,1|1|1,37200|38054|38907|39761,38480,36346,35300.0,actual_exit(stop_touched_same_day),6,-12721.4286,-10821.4286,153921.4286,12.8585,0.4286,8535.7143,0.7131,-1.0627
donchian_swing,096770,SK이노베이션,2026-07-20,2026-07-29,7,117300.0,1,106800.0,-10500.0,-10500.0,-8.9514,1208091.0,181213.65,36242.73,117300.0,3.2365,7910.7143,6.744,7692.2346,0,8.7308,18500.0,2.3386,15.7715,11100.0,1.4032,9.4629,False,True,0,True,3,True,3,True,4,2.3386,15.7715,20,4,0|3|3,117300|121255|125211|129166,123233,113345,113344.6429,pyr_stop,6,-39553.5714,-29053.5714,492932.1429,40.8026,2.7202,39553.5714,3.2741,-3.2741,4,0|3|3,117300|121255|125211|129166,123233,113345,113344.6429,pyr_stop,6,-39553.5714,-29053.5714,492932.1429,40.8026,2.7202,39553.5714,3.2741,-3.2741,3,3|4,117300|125211|133121,125211,117300,117300.0,pyr_stop,5,-23732.1429,-13232.1429,375632.1429,31.093,2.0729,23732.1429,1.9644,-1.9644,1,,117300,117300,101479,106800.0,actual_exit,7,-10500.0,0.0,117300.0,9.7095,0.6473,15821.4286,1.3096,-0.8691
kojiro,377450,리파인,2026-07-27,2026-07-30,3,11850.0,3,11870.0,30.0,60.0,0.1688,1179827.0,353948.1,58755.3846,35550.0,0.6051,715.0,6.0338,597.5012,2,1.212,290.0,0.4056,2.4473,1530.0,2.1399,12.9114,True,False,,False,,False,,False,,7.2028,43.4599,20,1,,11850,11850,10420,10420.0,pyr_stop,2,-4290.0,-4350.0,35550.0,3.0132,0.1004,4290.0,0.3636,-0.3636,1,,11850,11850,10420,10420.0,pyr_stop,2,-4290.0,-4350.0,35550.0,3.0132,0.1004,4290.0,0.3636,-0.3636,1,,11850,11850,10420,10420.0,pyr_stop,2,-4290.0,-4350.0,35550.0,3.0132,0.1004,4290.0,0.3636,-0.3636,1,,11850,11850,10420,10420.0,pyr_stop,2,-4290.0,-4350.0,35550.0,3.0132,0.1004,4290.0,0.3636,-0.3636
donchian_swing,068270,셀트리온,2026-07-31,2026-08-03,1,186200.0,1,184600.0,-1600.0,-1600.0,-0.8593,1155084.0,173262.6,34652.52,186200.0,5.3733,7550.0,4.0548,8365.5048,0,8.7151,3100.0,0.4106,1.6649,5900.0,0.7815,3.1686,False,False,,False,,False,,False,,3.4172,13.8561,20,1,,186200,186200,171100,184600.0,actual_exit,1,-1600.0,0.0,186200.0,16.12,1.0747,15100.0,1.3073,-0.1385,1,,186200,186200,171100,184600.0,actual_exit,1,-1600.0,0.0,186200.0,16.12,1.0747,15100.0,1.3073,-0.1385,1,,186200,186200,171100,184600.0,actual_exit,1,-1600.0,0.0,186200.0,16.12,1.0747,15100.0,1.3073,-0.1385,1,,186200,186200,171100,184600.0,actual_exit,1,-1600.0,0.0,186200.0,16.12,1.0747,15100.0,1.3073,-0.1385
donchian_swing,032640,LG유플러스,2026-07-31,2026-08-03,1,15090.0,2,14680.0,-820.0,-820.0,-2.717,1155084.0,173262.6,34652.52,30180.0,0.8709,504.2857,3.3419,618.6331,1,1.1642,330.0,0.6544,2.1869,440.0,0.8725,2.9158,False,True,0,False,,False,,False,,1.2691,4.2412,20,2,0,15090|15342,15216,14334,14680.0,actual_exit,1,-2144.2857,-1324.2857,60864.2857,5.2693,0.3513,3530.0,0.3056,-0.1856,2,0,15090|15342,15216,14334,14680.0,actual_exit,1,-2144.2857,-1324.2857,60864.2857,5.2693,0.3513,3530.0,0.3056,-0.1856,1,,15090,15090,14081,14680.0,actual_exit,1,-820.0,0.0,30180.0,2.6128,0.1742,2017.1429,0.1746,-0.071,2,0,15090|15342,15216,14334,14680.0,actual_exit,1,-2144.2857,-1324.2857,60864.2857,5.2693,0.3513,3530.0,0.3056,-0.1856
kojiro,002810,삼영무역,2026-07-29,2026-08-05,5,23400.0,2,21550.0,-3700.0,-3700.0,-7.906,1144956.0,343486.8,57018.8088,46800.0,0.8208,907.5,3.8782,864.5652,1,1.0568,400.0,0.4408,1.7094,2000.0,2.2039,8.547,True,False,,False,,False,,False,,0.4408,1.7094,6,1,,23400,23400,21585,21585.0,pyr_stop,4,-3630.0,70.0,46800.0,4.0875,0.1362,3630.0,0.317,-0.317,1,,23400,23400,21585,21585.0,pyr_stop,4,-3630.0,70.0,46800.0,4.0875,0.1362,3630.0,0.317,-0.317,1,,23400,23400,21585,21585.0,pyr_stop,4,-3630.0,70.0,46800.0,4.0875,0.1362,3630.0,0.317,-0.317,1,,23400,23400,21585,21585.0,pyr_stop,4,-3630.0,70.0,46800.0,4.0875,0.1362,3630.0,0.317,-0.317
donchian_swing,073240,금호타이어,2026-08-07,2026-08-10,1,8090.0,1,7690.0,-400.0,-400.0,-4.9444,1176738.0,176510.7,35302.14,8090.0,0.2292,690.0,8.529,678.5657,1,0.7818,420.0,0.6087,5.1916,900.0,1.3043,11.1248,False,True,0,False,,False,,False,,1.1014,9.3943,17,2,0,8090|8435,8262,7055,7690.0,actual_exit,1,-1145.0,-745.0,16525.0,1.4043,0.0936,2415.0,0.2052,-0.0973,2,0,8090|8435,8262,7055,7690.0,actual_exit,1,-1145.0,-745.0,16525.0,1.4043,0.0936,2415.0,0.2052,-0.0973,1,,8090,8090,6710,7690.0,actual_exit,1,-400.0,0.0,8090.0,0.6875,0.0458,1380.0,0.1173,-0.034,2,0,8090|8435,8262,7055,7690.0,actual_exit,1,-1145.0,-745.0,16525.0,1.4043,0.0936,2415.0,0.2052,-0.0973
donchian_swing,103140,풍산,2026-08-07,2026-08-10,1,84600.0,1,84500.0,-100.0,-100.0,-0.1182,1176738.0,176510.7,35302.14,84600.0,2.3965,5485.7143,6.4843,5149.8708,0,6.2157,2900.0,0.5286,3.4279,2400.0,0.4375,2.8369,False,True,1,False,,False,,False,,1.1667,7.565,17,2,1,84600|87343,85971,76371,84500.0,actual_exit,1,-2942.8571,-2842.8571,171942.8571,14.6118,0.9741,19200.0,1.6316,-0.2501,2,1,84600|87343,85971,76371,84500.0,actual_exit,1,-2942.8571,-2842.8571,171942.8571,14.6118,0.9741,19200.0,1.6316,-0.2501,1,,84600,84600,73629,84500.0,actual_exit,1,-100.0,0.0,84600.0,7.1894,0.4793,10971.4286,0.9324,-0.0085,2,1,84600|87343,85971,76371,84500.0,actual_exit,1,-2942.8571,-2842.8571,171942.8571,14.6118,0.9741,19200.0,1.6316,-0.2501
kojiro,236200,슈프리마,2026-07-22,2026-08-12,15,48200.0,1,57800.0,9600.0,9600.0,19.917,1185458.0,355637.4,59035.8084,48200.0,0.8165,2407.1429,4.9941,2425.6598,0,1.3537,16800.0,6.9792,34.8548,3800.0,1.5786,7.8838,False,True,7,True,7,True,8,True,8,6.9792,34.8548,20,4,7|7|8,48200|49404|50607|51811,50005,46996,57800.0,actual_exit,15,31178.5714,21578.5714,200021.4286,16.8729,0.5624,12035.7143,1.0153,2.6301,4,7|7|8,48200|49404|50607|51811,50005,46996,57800.0,actual_exit,15,31178.5714,21578.5714,200021.4286,16.8729,0.5624,12035.7143,1.0153,2.6301,4,7|8|10,48200|50607|53014|55421,51811,50607,57800.0,actual_exit,15,23957.1429,14357.1429,207242.8571,17.4821,0.5827,4814.2857,0.4061,2.0209,4,7|7|8,48200|49404|50607|51811,50005,46996,57800.0,actual_exit,15,31178.5714,21578.5714,200021.4286,16.8729,0.5624,12035.7143,1.0153,2.6301
donchian_swing,028670,팬오션,2026-08-10,2026-08-12,2,5970.0,2,5910.0,-120.0,-120.0,-1.005,1168336.0,175250.4,35050.08,11940.0,0.3407,357.1429,5.9823,344.2672,2,0.8152,60.0,0.168,1.005,290.0,0.812,4.8576,False,False,,False,,False,,False,,1.568,9.3802,16,1,,5970,5970,5256,5910.0,actual_exit,2,-120.0,0.0,11940.0,1.022,0.0681,1428.5714,0.1223,-0.0103,1,,5970,5970,5256,5910.0,actual_exit,2,-120.0,0.0,11940.0,1.022,0.0681,1428.5714,0.1223,-0.0103,1,,5970,5970,5256,5910.0,actual_exit,2,-120.0,0.0,11940.0,1.022,0.0681,1428.5714,0.1223,-0.0103,1,,5970,5970,5256,5910.0,actual_exit,2,-120.0,0.0,11940.0,1.022,0.0681,1428.5714,0.1223,-0.0103
donchian_swing,001450,현대해상,2026-08-12,2026-08-14,2,42650.0,1,42750.0,100.0,100.0,0.2345,1150429.0,172564.35,34512.87,42650.0,1.2358,2596.4286,6.0878,2367.752,0,3.0092,3150.0,1.2132,7.3857,1150.0,0.4429,2.6964,False,True,0,True,2,False,,False,,4.2558,25.9086,14,3,0|2,42650|43948|45246,43948,40054,42750.0,actual_exit,2,-3594.6429,-3694.6429,131844.6429,11.4605,0.764,11683.9286,1.0156,-0.3125,3,0|2,42650|43948|45246,43948,40054,42750.0,actual_exit,2,-3594.6429,-3694.6429,131844.6429,11.4605,0.764,11683.9286,1.0156,-0.3125,2,2,42650|45246,43948,40054,42750.0,actual_exit,2,-2396.4286,-2496.4286,87896.4286,7.6403,0.5094,7789.2857,0.6771,-0.2083,3,0|2,42650|43948|45246,43948,40054,42750.0,actual_exit,2,-3594.6429,-3694.6429,131844.6429,11.4605,0.764,11683.9286,1.0156,-0.3125
kojiro,053800,안랩,2026-08-12,2026-08-14,2,64100.0,1,59800.0,-4300.0,-4300.0,-6.7083,1150429.0,345128.7,57291.3642,64100.0,1.1188,2328.5714,3.6327,2249.5352,0,1.3494,400.0,0.1718,0.624,5400.0,2.319,8.4243,True,False,,False,,False,,False,,0.1718,0.624,14,1,,64100,64100,59443,59442.8571,pyr_stop,1,-4657.1429,-357.1429,64100.0,5.5718,0.1857,4657.1429,0.4048,-0.4048,1,,64100,64100,59443,59442.8571,pyr_stop,1,-4657.1429,-357.1429,64100.0,5.5718,0.1857,4657.1429,0.4048,-0.4048,1,,64100,64100,59443,59442.8571,pyr_stop,1,-4657.1429,-357.1429,64100.0,5.5718,0.1857,4657.1429,0.4048,-0.4048,1,,64100,64100,59443,59442.8571,pyr_stop,1,-4657.1429,-357.1429,64100.0,5.5718,0.1857,4657.1429,0.4048,-0.4048
donchian_swing,009420,한올바이오파마,2026-08-14,2026-08-18,1,60900.0,1,61500.0,600.0,600.0,0.9852,1154509.0,173176.35,34635.27,60900.0,1.7583,4464.2857,7.3305,4786.0349,0,5.1558,2100.0,0.4704,3.4483,3050.0,0.6832,5.0082,False,False,,False,,False,,False,,1.12,8.2102,12,1,,60900,60900,51971,61500.0,actual_exit,1,600.0,0.0,60900.0,5.275,0.3517,8928.5714,0.7734,0.052,1,,60900,60900,51971,61500.0,actual_exit,1,600.0,0.0,60900.0,5.275,0.3517,8928.5714,0.7734,0.052,1,,60900,60900,51971,61500.0,actual_exit,1,600.0,0.0,60900.0,5.275,0.3517,8928.5714,0.7734,0.052,1,,60900,60900,51971,61500.0,actual_exit,1,600.0,0.0,60900.0,5.275,0.3517,8928.5714,0.7734,0.052
kojiro,111770,영원무역,2026-07-21,2026-08-18,19,86800.0,1,83000.0,-3800.0,-3800.0,-4.3779,1197043.0,359112.9,59612.7414,86800.0,1.4561,5807.1429,6.6903,5165.6805,0,3.2342,8200.0,1.4121,9.447,7500.0,1.2915,8.6406,False,True,4,True,12,False,,False,,1.4121,9.447,20,3,4|12,86800|89704|92607,89704,80993,83000.0,actual_exit(stop_touched_same_day),19,-20110.7143,-16310.7143,269110.7143,22.4813,0.7494,26132.1429,2.1831,-1.68,3,4|12,86800|89704|92607,89704,80993,83000.0,actual_exit(stop_touched_same_day),19,-20110.7143,-16310.7143,269110.7143,22.4813,0.7494,26132.1429,2.1831,-1.68,2,12,86800|92607,89704,80993,83000.0,actual_exit(stop_touched_same_day),19,-13407.1429,-9607.1429,179407.1429,14.9875,0.4996,17421.4286,1.4554,-1.12,3,4|12,86800|89704|92607,89704,80993,83000.0,actual_exit(stop_touched_same_day),19,-20110.7143,-16310.7143,269110.7143,22.4813,0.7494,26132.1429,2.1831,-1.68
kojiro,051905,LG생활건강우,2026-08-06,2026-08-18,7,110900.0,1,107100.0,-3800.0,-3800.0,-3.4265,1173238.0,351971.4,58427.2524,110900.0,1.8981,5021.4286,4.5279,4362.6944,0,2.8533,7500.0,1.4936,6.7628,5200.0,1.0356,4.6889,False,True,0,True,0,False,,False,,1.4936,6.7628,18,3,0|0,110900|113411|115921,113411,105879,107100.0,actual_exit(stop_touched_same_day),7,-18932.1429,-15132.1429,340232.1429,28.9994,0.9666,22596.4286,1.926,-1.6137,3,0|0,110900|113411|115921,113411,105879,107100.0,actual_exit(stop_touched_same_day),7,-18932.1429,-15132.1429,340232.1429,28.9994,0.9666,22596.4286,1.926,-1.6137,2,0,110900|115921,113411,105879,107100.0,actual_exit(stop_touched_same_day),7,-12621.4286,-8821.4286,226821.4286,19.3329,0.6444,15064.2857,1.284,-1.0758,3,0|0,110900|113411|115921,113411,105879,107100.0,actual_exit(stop_touched_same_day),7,-18932.1429,-15132.1429,340232.1429,28.9994,0.9666,22596.4286,1.926,-1.6137
kojiro,079160,CJ CGV,2026-07-30,2026-08-18,12,5230.0,2,5170.0,-120.0,-120.0,-1.1472,1147087.0,344126.1,57124.9326,10460.0,0.1831,221.4286,4.2338,200.0804,7,0.2574,560.0,2.529,10.7075,330.0,1.4903,6.3098,False,True,0,True,0,True,6,True,8,2.529,10.7075,20,3,0|0,5230|5341|5451,5341,5009,5008.5714,pyr_stop_same_day_after_add,0,-1992.8571,-1872.8571,32044.2857,2.7935,0.0931,1992.8571,0.1737,-0.1737,3,0|0,5230|5341|5451,5341,5009,5008.5714,pyr_stop,2,-1992.8571,-1872.8571,32044.2857,2.7935,0.0931,1992.8571,0.1737,-0.1737,2,0,5230|5451,5341,5009,5008.5714,pyr_stop_same_day_after_add,0,-1328.5714,-1208.5714,21362.8571,1.8624,0.0621,1328.5714,0.1158,-0.1158,3,0|0,5230|5341|5451,5341,5009,5008.5714,pyr_stop_same_day_after_add,0,-1992.8571,-1872.8571,32044.2857,2.7935,0.0931,1992.8571,0.1737,-0.1737
kojiro,002790,아모레퍼시픽홀딩스,2026-08-04,2026-08-18,9,25150.0,1,25050.0,-100.0,-100.0,-0.3976,1151707.0,345512.1,57355.0086,25150.0,0.4385,1171.4286,4.6578,1246.2478,1,0.6781,2550.0,2.1768,10.1392,300.0,0.2561,1.1928,False,True,0,True,1,True,3,True,5,2.4756,11.5308,20,4,0|1|3,25150|25736|26321|26907,26029,24564,25050.0,actual_exit,9,-3914.2857,-3814.2857,104114.2857,9.04,0.3013,5857.1429,0.5086,-0.3399,4,0|1|3,25150|25736|26321|26907,26029,24564,25050.0,actual_exit,9,-3914.2857,-3814.2857,104114.2857,9.04,0.3013,5857.1429,0.5086,-0.3399,3,1|5,25150|26321|27493,26321,25150,25050.0,actual_exit(stop_touched_same_day),9,-3814.2857,-3714.2857,78964.2857,6.8563,0.2285,3514.2857,0.3051,-0.3312,4,0|1|3,25150|25736|26321|26907,26029,24564,25050.0,actual_exit,9,-3914.2857,-3814.2857,104114.2857,9.04,0.3013,5857.1429,0.5086,-0.3399
donchian_swing,204320,HL만도,2026-08-18,2026-08-20,2,55900.0,1,53700.0,-2200.0,-2200.0,-3.9356,2634665.0,395199.75,79039.95,55900.0,0.7072,3557.1429,6.3634,3810.8272,0,1.8002,1700.0,0.4779,3.0411,5400.0,1.5181,9.6601,False,False,,False,,False,,False,,0.4779,3.0411,11,1,,55900,55900,48786,53700.0,actual_exit,2,-2200.0,0.0,55900.0,2.1217,0.1414,7114.2857,0.27,-0.0835,1,,55900,55900,48786,53700.0,actual_exit,2,-2200.0,0.0,55900.0,2.1217,0.1414,7114.2857,0.27,-0.0835,1,,55900,55900,48786,53700.0,actual_exit,2,-2200.0,0.0,55900.0,2.1217,0.1414,7114.2857,0.27,-0.0835,1,,55900,55900,48786,53700.0,actual_exit,2,-2200.0,0.0,55900.0,2.1217,0.1414,7114.2857,0.27,-0.0835
donchian_swing,078930,GS,2026-08-14,2026-08-20,3,110300.0,1,112800.0,2500.0,2500.0,2.2665,1154509.0,173176.35,34635.27,110300.0,3.1846,8603.5714,7.8002,7089.7041,0,9.9362,10900.0,1.2669,9.8821,3400.0,0.3952,3.0825,False,True,0,True,1,False,,False,,2.6617,20.7616,12,3,0|1,110300|114602|118904,114602,101696,112800.0,actual_exit,3,-5405.3571,-7905.3571,343805.3571,29.7794,1.9853,38716.0714,3.3535,-0.4682,3,0|1,110300|114602|118904,114602,101696,112800.0,actual_exit,3,-5405.3571,-7905.3571,343805.3571,29.7794,1.9853,38716.0714,3.3535,-0.4682,2,1,110300|118904,114602,101696,112800.0,actual_exit,3,-3603.5714,-6103.5714,229203.5714,19.8529,1.3235,25810.7143,2.2356,-0.3121,1,,110300,110300,93093,112800.0,actual_exit,3,2500.0,0.0,110300.0,9.5538,0.6369,17207.1429,1.4904,0.2165
kojiro,316140,우리금융지주,2026-07-28,2026-08-21,17,33050.0,2,31350.0,-3400.0,-3400.0,-5.1437,1157348.0,347204.4,57635.9304,66100.0,1.1469,1507.1429,4.5602,1458.7509,1,1.7363,1800.0,1.1943,5.4463,2150.0,1.4265,6.5053,False,True,2,True,8,False,,False,,1.1943,5.4463,20,3,2|8,33050|33804|34557,33804,31543,31400,pyr_stop_gap,17,-14421.4286,-11021.4286,202821.4286,17.5247,0.5842,13564.2857,1.172,-1.2461,3,2|8,33050|33804|34557,33804,31543,31400,pyr_stop_gap,17,-14421.4286,-11021.4286,202821.4286,17.5247,0.5842,13564.2857,1.172,-1.2461,2,8,33050|34557,33804,31543,31400,pyr_stop_gap,17,-9614.2857,-6214.2857,135214.2857,11.6831,0.3894,9042.8571,0.7813,-0.8307,3,2|8,33050|33804|34557,33804,31543,31400,pyr_stop_gap,17,-14421.4286,-11021.4286,202821.4286,17.5247,0.5842,13564.2857,1.172,-1.2461
donchian_swing,095340,ISC,2026-08-19,2026-08-21,2,162500.0,1,169600.0,7100.0,7100.0,4.3692,2616384.0,392457.6,78491.52,162500.0,2.0703,13264.2857,8.1626,14434.0331,0,6.7596,19900.0,1.5003,12.2462,12200.0,0.9198,7.5077,False,True,0,True,0,True,0,False,,1.5003,12.2462,10,4,0|0|0,162500|169132|175764|182396,172448,155868,169600.0,actual_exit(stop_touched_same_day),2,-11392.8571,-18492.8571,689792.8571,26.3644,1.7576,66321.4286,2.5349,-0.4354,4,0|0|0,162500|169132|175764|182396,172448,155868,169600.0,actual_exit(stop_touched_same_day),2,-11392.8571,-18492.8571,689792.8571,26.3644,1.7576,66321.4286,2.5349,-0.4354,2,0,162500|175764,169132,149236,169600.0,actual_exit,2,935.7143,-6164.2857,338264.2857,12.9287,0.8619,39792.8571,1.5209,0.0358,2,0,162500|169132,165816,142604,169600.0,actual_exit,2,7567.8571,467.8571,331632.1429,12.6752,0.845,46425.0,1.7744,0.2892
kojiro,018670,SK가스,2026-08-18,2026-08-21,3,245500.0,1,225500.0,-20000.0,-20000.0,-8.1466,2634665.0,790399.5,131206.317,245500.0,1.8711,13300.0,5.4175,13237.1798,0,3.3654,1000.0,0.0752,0.4073,21500.0,1.6165,8.7576,False,False,,False,,False,,False,,0.0752,0.4073,11,1,,245500,245500,218900,225500.0,actual_exit,3,-20000.0,0.0,245500.0,9.3181,0.3106,26600.0,1.0096,-0.7591,1,,245500,245500,218900,225500.0,actual_exit,3,-20000.0,0.0,245500.0,9.3181,0.3106,26600.0,1.0096,-0.7591,1,,245500,245500,218900,225500.0,actual_exit,3,-20000.0,0.0,245500.0,9.3181,0.3106,26600.0,1.0096,-0.7591,1,,245500,245500,218900,225500.0,actual_exit,3,-20000.0,0.0,245500.0,9.3181,0.3106,26600.0,1.0096,-0.7591
donchian_swing,403870,HPSP,2026-08-21,2026-08-25,2,46250.0,1,43700.0,-2550.0,-2550.0,-5.5135,2584191.0,387628.65,77525.73,46250.0,0.5966,3571.4286,7.722,4506.6596,0,1.8427,2500.0,0.7,5.4054,3250.0,0.91,7.027,False,True,0,False,,False,,False,,1.89,14.5946,8,2,0,46250|48036,47143,40893,43700.0,actual_exit,2,-6885.7143,-4335.7143,94285.7143,3.6486,0.2432,12500.0,0.4837,-0.2665,2,0,46250|48036,47143,40893,43700.0,actual_exit,2,-6885.7143,-4335.7143,94285.7143,3.6486,0.2432,12500.0,0.4837,-0.2665,1,,46250,46250,39107,43700.0,actual_exit,2,-2550.0,0.0,46250.0,1.7897,0.1193,7142.8571,0.2764,-0.0987,2,0,46250|48036,47143,40893,43700.0,actual_exit,2,-6885.7143,-4335.7143,94285.7143,3.6486,0.2432,12500.0,0.4837,-0.2665
donchian_swing,028670,팬오션,2026-08-25,2026-08-26,1,6280.0,5,5700.0,-2900.0,-2900.0,-9.2357,2583020.0,387453.0,77490.6,31400.0,0.4052,351.7857,5.6017,342.3241,5,0.9079,250.0,0.7107,3.9809,770.0,2.1888,12.2611,True,True,0,False,,False,,False,,0.7107,3.9809,6,2,0,6280|6456,6368,5752,5700.0,actual_exit(stop_touched_same_day),1,-6679.4643,-3779.4643,63679.4643,2.4653,0.1644,6156.25,0.2383,-0.2586,2,0,6280|6456,6368,5752,5700.0,actual_exit(stop_touched_same_day),1,-6679.4643,-3779.4643,63679.4643,2.4653,0.1644,6156.25,0.2383,-0.2586,1,,6280,6280,5576,5700.0,actual_exit(stop_touched_same_day),1,-2900.0,0.0,31400.0,1.2156,0.081,3517.8571,0.1362,-0.1123,2,0,6280|6456,6368,5752,5700.0,actual_exit(stop_touched_same_day),1,-6679.4643,-3779.4643,63679.4643,2.4653,0.1644,6156.25,0.2383,-0.2586
kojiro,012750,에스원,2026-08-18,2026-08-27,7,77400.0,1,83100.0,5700.0,5700.0,7.3643,2634665.0,790399.5,131206.317,77400.0,0.5899,2628.5714,3.3961,3188.9145,1,0.6651,11600.0,4.413,14.9871,3300.0,1.2554,4.2636,False,True,4,True,5,True,7,True,7,4.413,14.9871,11,4,4|5|7,77400|78714|80029|81343,79371,76086,83100.0,actual_exit,7,14914.2857,9214.2857,317485.7143,12.0503,0.4017,13142.8571,0.4988,0.5661,4,4|5|7,77400|78714|80029|81343,79371,76086,83100.0,actual_exit,7,14914.2857,9214.2857,317485.7143,12.0503,0.4017,13142.8571,0.4988,0.5661,4,5|7|7,77400|80029|82657|85286,81343,80029,83100.0,actual_exit,7,7028.5714,1328.5714,325371.4286,12.3496,0.4117,5257.1429,0.1995,0.2668,4,4|5|7,77400|78714|80029|81343,79371,76086,83100.0,actual_exit,7,14914.2857,9214.2857,317485.7143,12.0503,0.4017,13142.8571,0.4988,0.5661
donchian_swing,124500,아이티센글로벌,2026-08-26,2026-08-28,2,37300.0,2,39250.0,3900.0,3900.0,5.2279,2603741.0,390561.15,78112.23,74600.0,0.955,3592.8571,9.6323,3336.2786,0,3.6797,3200.0,0.8907,8.5791,300.0,0.0835,0.8043,False,True,0,False,,False,,False,,0.8907,8.5791,5,2,0,37300|39096,38198,31911,39250.0,actual_exit,2,4207.1429,307.1429,152792.8571,5.8682,0.3912,25150.0,0.9659,0.1616,2,0,37300|39096,38198,31911,39250.0,actual_exit,2,4207.1429,307.1429,152792.8571,5.8682,0.3912,25150.0,0.9659,0.1616,1,,37300,37300,30114,39250.0,actual_exit,2,3900.0,0.0,74600.0,2.8651,0.191,14371.4286,0.552,0.1498,2,0,37300|39096,38198,31911,39250.0,actual_exit,2,4207.1429,307.1429,152792.8571,5.8682,0.3912,25150.0,0.9659,0.1616
donchian_swing,192820,코스맥스,2026-08-24,2026-09-01,6,273500.0,1,275500.0,2000.0,2000.0,0.7313,2573866.0,386079.9,77215.98,273500.0,3.542,16778.5714,6.1348,14427.9842,0,8.6918,33000.0,1.9668,12.0658,8000.0,0.4768,2.925,False,True,0,True,2,True,4,False,,1.9668,12.0658,7,4,0|2|4,273500|281889|290279|298668,286084,265111,275500.0,actual_exit,6,-42335.7143,-44335.7143,1144335.7143,44.4598,2.964,83892.8571,3.2594,-1.6448,4,0|2|4,273500|281889|290279|298668,286084,265111,275500.0,actual_exit,6,-42335.7143,-44335.7143,1144335.7143,44.4598,2.964,83892.8571,3.2594,-1.6448,2,2,273500|290279,281889,256721,275500.0,actual_exit,6,-12778.5714,-14778.5714,563778.5714,21.904,1.4603,50335.7143,1.9556,-0.4965,1,,273500,273500,239943,275500.0,actual_exit,6,2000.0,0.0,273500.0,10.626,0.7084,33557.1429,1.3038,0.0777
donchian_swing,034020,두산에너빌리티,2026-08-31,2026-09-02,2,83600.0,1,78900.0,-4700.0,-4700.0,-5.622,2614048.0,392107.2,78421.44,83600.0,1.066,4357.1429,5.2119,5120.0052,0,2.2224,2800.0,0.6426,3.3493,3500.0,0.8033,4.1866,False,True,0,False,,False,,False,,0.6426,3.3493,2,2,0,83600|85779,84689,77064,78900.0,actual_exit,2,-11578.5714,-6878.5714,169378.5714,6.4796,0.432,15250.0,0.5834,-0.4429,2,0,83600|85779,84689,77064,78900.0,actual_exit,2,-11578.5714,-6878.5714,169378.5714,6.4796,0.432,15250.0,0.5834,-0.4429,1,,83600,83600,74886,78900.0,actual_exit,2,-4700.0,0.0,83600.0,3.1981,0.2132,8714.2857,0.3334,-0.1798,2,0,83600|85779,84689,77064,78900.0,actual_exit,2,-11578.5714,-6878.5714,169378.5714,6.4796,0.432,15250.0,0.5834,-0.4429
