entry_z,exit_z,part,n,win,mean_net,median_net,pf,held
-1.5,-0.5,front,7062,0.4296233361653922,-0.004426724956255668,-0.0061809596676885865,0.7768314832488948,3.2606910223732655
-1.5,-0.5,back,7667,0.3953306377983566,-0.003446818197864833,-0.007339823008849585,0.8125442369893363,3.2765097169688273
-1.5,-0.5,full,14729,0.4117726933260914,-0.003916646531611596,-0.006865192775333791,0.7947447584462011,3.268925249507774
-1.5,-0.25,front,7014,0.4222982606216139,-0.004393910000999875,-0.00690566406864543,0.7826331268446609,3.4121756487025947
-1.5,-0.25,back,7606,0.3890349723902182,-0.003270499156443772,-0.007975365344467607,0.8249431497948074,3.427820141993163
-1.5,-0.25,full,14620,0.4049931600547196,-0.00380945973535735,-0.007473104218429534,0.8038117070339766,3.4203146374829
-1.5,0.0,front,6985,0.41861130994989265,-0.0042391591237187515,-0.007078688524590123,0.7918465912216723,3.5314244810307804
-1.5,0.0,back,7576,0.383051742344245,-0.003216735971356881,-0.008412784718737106,0.8295040323755873,3.528247096092925
-1.5,0.0,full,14561,0.4001098825630108,-0.0037071985576660397,-0.007752569169960451,0.8107203717531287,3.529771306915734
-2.0,-0.5,front,4105,0.42241169305724724,-0.005292903956919562,-0.0069230306000978865,0.7343805782753479,2.9700365408038976
-2.0,-0.5,back,4765,0.3911857292759706,-0.0024638769948519923,-0.0072168564920273865,0.8598836833188074,3.084365162644281
-2.0,-0.5,full,8870,0.4056369785794814,-0.003773139190938505,-0.007056451042771335,0.7978867602152733,3.0314543404735064
-2.0,-0.25,front,4099,0.41839473042205416,-0.00540535933955845,-0.0070733224222586395,0.7306818782049207,3.055867284703586
-2.0,-0.25,back,4759,0.38915738600546335,-0.002131401579557201,-0.007476470588235281,0.8794923325486108,3.1739861315402393
-2.0,-0.25,full,8858,0.40268683675773315,-0.003646410933615128,-0.0072752415458937365,0.8059376420755044,3.119327161887559
-2.0,0.0,front,4097,0.4166463265804247,-0.005225061953069134,-0.0070733224222586395,0.7400615183628615,3.1235050036612155
-2.0,0.0,back,4753,0.3845992005049442,-0.0020963506174564465,-0.007726701570680646,0.8821848075963534,3.2381653692404795
-2.0,0.0,full,8850,0.39943502824858756,-0.003544749526157596,-0.007436363636363659,0.8120675215867641,3.185084745762712
-2.5,-0.5,front,2308,0.40944540727902945,-0.0067837143833866615,-0.007494586884216533,0.6646431935275954,2.581455805892548
-2.5,-0.5,back,2829,0.3944856839872747,-0.0006169433511270272,-0.006269135802469102,0.9624220753586973,2.8306822198656767
-2.5,-0.5,full,5137,0.40120693011485303,-0.0033876086309509,-0.0068968621606234366,0.813146815601806,2.718707416780222
-2.5,-0.25,front,2307,0.4070221066319896,-0.006918484592036462,-0.007621656050955413,0.6590009349696667,2.635023840485479
-2.5,-0.25,back,2824,0.3909348441926346,-0.0003684928173212034,-0.006661283033696815,0.9777291508541163,2.90828611898017
-2.5,-0.25,full,5131,0.3981679984408497,-0.0033134998382270894,-0.007027541689080126,0.8182277229162521,2.7854219450399533
-2.5,0.0,front,2306,0.4054640069384215,-0.006867064831200423,-0.007681343208491039,0.6622307168873215,2.668256721595837
-2.5,0.0,back,2822,0.38837703756201275,-0.0002594179106553121,-0.006739017016498235,0.9843707323058013,2.9549964564138906
-2.5,0.0,full,5128,0.3960608424336973,-0.0032307973565946693,-0.007125958702064868,0.8232280397723094,2.8260530421216847
