n,per_year,mean,lo90,hi90,median,win,id,sub_means,sub_pos,eligible,robust
2995,1019.918918918919,-0.008720526808318573,-0.011419445995525041,-0.005973406449205846,-0.049940579257308854,0.2924874791318865,cur|I|X0|all,"[0.00044650124530317315, -0.025154237445443293, -0.015913889959301285]",1,True,False
2790,950.1081081081081,-0.009517154409373544,-0.012253492273790984,-0.006509677271230343,-0.04981516391933008,0.2896057347670251,cur|I|X0|ge075,"[-0.000478000376157805, -0.024050137619460277, -0.01705656606297506]",0,True,False
2327,792.437837837838,-0.00689856180908863,-0.010199070739200402,-0.0036463487300609494,-0.04825821658255833,0.3016759776536313,cur|I|X0|eq1,"[-0.000478000376157805, -0.03177740319981339, -0.015973394895430554]",0,True,False
2945,1002.891891891892,-0.008508506756966835,-0.011547234030556026,-0.005415480672346893,-0.05640622000562032,0.2696095076400679,cur|I|X1|all,"[0.0019247228877615357, -0.026421893648468052, -0.01682859504222172]",1,True,False
2743,934.1027027027028,-0.009155062248757702,-0.012068821687217506,-0.006113964516780629,-0.056269135802469145,0.26977761574917974,cur|I|X1|ge075,"[0.0009055426801213111, -0.025481195894941088, -0.017483573505794464]",1,True,False
2288,779.1567567567569,-0.006104799772285274,-0.009500696477505163,-0.002726477395851314,-0.05557815115350703,0.28365384615384615,cur|I|X1|eq1,"[0.0009055426801213111, -0.03820234113833254, -0.015920892473557966]",1,True,False
2933,998.8054054054055,-0.00903880951664748,-0.012097807121850617,-0.005932556436545592,-0.062303401360544214,0.2386634844868735,cur|I|X2|all,"[0.0023506032927271612, -0.02910333878842719, -0.01799983949117453]",1,True,False
2731,930.0162162162163,-0.009715818885382093,-0.012770967244632806,-0.006547012677298413,-0.062342794866529466,0.23654339069937752,cur|I|X2|ge075,"[0.001391747010878836, -0.02826180441732007, -0.018798839752037]",1,True,False
2279,776.0918918918919,-0.006245816535548247,-0.009964686664754193,-0.0026387944506567882,-0.06220886203423967,0.249670908293111,cur|I|X2|eq1,"[0.001391747010878836, -0.04408298208854509, -0.01689440189021403]",1,True,False
2874,978.7135135135136,-0.009643713359875412,-0.013331516883603312,-0.005900394444832367,-0.06232309811353684,0.21816283924843424,cur|I|X3|all,"[0.0016472214582262147, -0.03159272809092199, -0.017920083193062646]",1,True,False
2677,911.6270270270271,-0.0115529302912201,-0.015320077746359705,-0.007615253108673068,-0.062342794866529466,0.2132984684348151,cur|I|X3|ge075,"[-0.001966020133065107, -0.030850996037880597, -0.01853190082422576]",0,True,False
2229,759.064864864865,-0.007700333335153282,-0.011929796026748447,-0.0032794346117658913,-0.06187935595169633,0.22521310004486317,cur|I|X3|eq1,"[-0.001966020133065107, -0.04408298208854509, -0.015519325514534124]",0,True,False
1330,452.91891891891896,0.004929802645508302,0.0008084479770922045,0.009011244351999802,-0.01276721425105701,0.3661654135338346,cur|C_cap5_k0|X0|all,"[0.010222908667354109, -0.01114627435076735, 0.001740929014288603]",2,True,True
1217,414.4378378378379,0.003851417592752689,-0.0001668497493018342,0.008279927671006194,-0.014472358591248709,0.3656532456861134,cur|C_cap5_k0|X0|ge075,"[0.00959550429529797, -0.010628086654540608, -0.00024358448766768735]",1,True,False
1024,348.71351351351353,0.0066490530435864195,0.001784923010443113,0.011484491307403972,-0.011912995837721293,0.3798828125,cur|C_cap5_k0|X0|eq1,"[0.00959550429529797, -0.05046666666666667, 0.002676041932208386]",2,True,True
1312,446.78918918918924,0.005188962578364587,0.0008233758042053425,0.009797980460859685,-0.027614686807761055,0.33689024390243905,cur|C_cap5_k0|X1|all,"[0.012255719023625636, -0.010929057509609128, -4.8146195761057805e-05]",1,True,False
1202,409.32972972972976,0.00422364908334043,-0.0004320136218473845,0.008856585835062636,-0.027790665912557886,0.3352745424292845,cur|C_cap5_k0|X1|ge075,"[0.010731871101155468, -0.010210045831405902, -0.0008467321655532668]",1,True,False
1013,344.9675675675676,0.007533224601361534,0.0023584587143279274,0.01293555172656677,-0.026380645161290326,0.3474827245804541,cur|C_cap5_k0|X1|eq1,"[0.010731871101155468, -0.05046666666666667, 0.0032032176750771786]",2,True,True
1310,446.1081081081081,0.005951201143274515,0.0013986132418988717,0.010527636845627119,-0.014878271452166332,0.3099236641221374,cur|C_cap5_k0|X2|all,"[0.0140818759260397, -0.01203095906747096, -0.00016903096630100362]",1,True,False
1200,408.6486486486487,0.005021150664924535,0.00014092206212059982,0.009948636817423239,-0.01652334060958852,0.3075,cur|C_cap5_k0|X2|ge075,"[0.013100567449891172, -0.01127994608565453, -0.0015796138725590841]",1,True,False
1012,344.62702702702705,0.008931124511050258,0.003538773521697476,0.01415985941747858,-0.01182097262621948,0.3201581027667984,cur|C_cap5_k0|X2|eq1,"[0.013100567449891172, -0.05046666666666667, 0.0031774774209322363]",2,True,True
1299,442.3621621621622,0.006375005363164121,0.00025290575662525924,0.013130870513537344,-0.015836108324974927,0.2848344880677444,cur|C_cap5_k0|X3|all,"[0.013649519879319356, -0.015254142775820812, 0.0019059695163482773]",2,True,True
1192,405.92432432432435,0.004999927134893171,-0.0016812600230184953,0.011482804575884839,-0.017112970853283536,0.28187919463087246,cur|C_cap5_k0|X3|ge075,"[0.011943844270990546, -0.014603854284890317, 0.0004175461525529033]",2,True,True
1004,341.90270270270275,0.009494203242235929,0.0022614808162338233,0.017648790208983033,-0.01214725370878575,0.29382470119521914,cur|C_cap5_k0|X3|eq1,"[0.011943844270990546, -0.05046666666666667, 0.006291585415128203]",2,True,True
980,333.72972972972974,0.005358390702235989,0.0004684578235977083,0.010237535217191118,-0.011912995837721293,0.3693877551020408,cur|C_cap5_k1.5|X0|all,"[0.010231890556377526, -0.01026234681991083, 0.002395229768277735]",2,True,True
883,300.6972972972973,0.0047196331831272365,3.798525334514427e-06,0.009730989179672061,-0.011952173913043459,0.3714609286523216,cur|C_cap5_k1.5|X0|ge075,"[0.009862949329497155, -0.00944488675144088, 0.0011503333937565496]",2,True,True
744,253.36216216216218,0.008109343547340416,0.002554866981289203,0.01419795304193149,-0.006689849636538655,0.3870967741935484,cur|C_cap5_k1.5|X0|eq1,"[0.009862949329497155, -0.03880000000000003, 0.005838426651945092]",2,True,True
972,331.00540540540544,0.005316334553785555,0.00023232395115177932,0.010784168477072866,-0.022828015702471036,0.33641975308641975,cur|C_cap5_k1.5|X1|all,"[0.01187991734945269, -0.006815643502509844, -8.37930473974332e-05]",1,True,False
877,298.6540540540541,0.004613738379602753,-0.0008213973170728317,0.010121528547503672,-0.02219080459770115,0.33751425313568983,cur|C_cap5_k1.5|X1|ge075,"[0.01019147372884327, -0.005563868685143568, -0.00014964029354921373]",1,True,False
739,251.65945945945947,0.008218133125705318,0.0018244603711117134,0.014424735867745342,-0.012845539613225184,0.35182679296346414,cur|C_cap5_k1.5|X1|eq1,"[0.01019147372884327, -0.03880000000000003, 0.005641922697869159]",2,True,True
971,330.6648648648649,0.005762613805751136,0.0005271797233310604,0.011199171528260953,-0.012616120906801061,0.3110195674562307,cur|C_cap5_k1.5|X2|all,"[0.013738847867280201, -0.00969319404236785, -0.0006675793549414706]",1,True,False
876,298.31351351351356,0.0052148513873047555,-0.0003841945175391117,0.010755265297788575,-0.012480974198215507,0.3105022831050228,cur|C_cap5_k1.5|X2|ge075,"[0.012868663728215017, -0.008476108791141902, -0.0013487945522106222]",1,True,False
738,251.31891891891894,0.009668008356272335,0.0034425300099337666,0.015828031668293344,-0.006641272378516668,0.3238482384823848,cur|C_cap5_k1.5|X2|eq1,"[0.012868663728215017, -0.03880000000000003, 0.005314328152839529]",2,True,True
962,327.6,0.004464697131566922,-0.0016844207396719136,0.011035222075833804,-0.013357996148670588,0.28482328482328484,cur|C_cap5_k1.5|X3|all,"[0.014914792129220259, -0.012593793149962746, -0.004383338976341213]",1,True,False
868,295.5891891891892,0.0028727066201794525,-0.0033068292126969706,0.009543988487683392,-0.013357996148670588,0.2834101382488479,cur|C_cap5_k1.5|X3|ge075,"[0.013168054010499818, -0.011510581703702718, -0.006595423653583502]",1,True,False
730,248.5945945945946,0.007047657985965757,-0.00022758781653542162,0.014599765439374707,-0.007544892797385102,0.29315068493150687,cur|C_cap5_k1.5|X3|eq1,"[0.013168054010499818, -0.03880000000000003, -0.0015750304148003972]",1,True,False
1087,370.1675675675676,0.003161398360213815,-0.0011984560663730911,0.007484491397996529,-0.01385025125628145,0.3670653173873045,cur|C_cap3_k0|X0|all,"[0.006717395230418848, -0.013308054247278702, 0.0021118540300865602]",2,True,True
996,339.1783783783784,0.0018424058048917417,-0.002336149443786361,0.0062614502784952425,-0.014888655452498597,0.3674698795180723,cur|C_cap3_k0|X0|ge075,"[0.006334700634269201, -0.012774539458744022, -0.0006975284888848151]",1,True,False
832,283.32972972972976,0.005013470705245243,0.00025215595695043524,0.010358881256185499,-0.011912995837721293,0.38461538461538464,cur|C_cap3_k0|X0|eq1,"[0.006334700634269201, -0.05046666666666667, 0.0034766723295149705]",2,True,True
1074,365.74054054054056,0.0028321027375548813,-0.0018077195364181893,0.0075750421798561314,-0.030418137700940238,0.33519553072625696,cur|C_cap3_k0|X1|all,"[0.007916886056102457, -0.013403171436967638, -8.498323602285006e-05]",1,True,False
985,335.43243243243245,0.0013861912790701751,-0.0031482413698024478,0.006464030620019545,-0.0312325522696377,0.332994923857868,cur|C_cap3_k0|X1|ge075,"[0.006338092767502684, -0.012651918030559896, -0.0019012176063556035]",1,True,False
824,280.6054054054054,0.0048465552610772265,-0.0006528215992466592,0.010417359682479683,-0.029845825249277456,0.3483009708737864,cur|C_cap3_k0|X1|eq1,"[0.006338092767502684, -0.05046666666666667, 0.003040234116437049]",2,True,True
1072,365.0594594594595,0.003107368518854647,-0.0017477656245782458,0.008270380369918095,-0.020091366392421848,0.3041044776119403,cur|C_cap3_k0|X2|all,"[0.008725545838742957, -0.014191040960082363, -0.00023000626899356632]",1,True,False
983,334.7513513513514,0.0017657883015690626,-0.0036263238395487446,0.006879663910621354,-0.02055977653631289,0.2980671414038657,cur|C_cap3_k0|X2|ge075,"[0.0076453648958909725, -0.01339083363597818, -0.00244084284690795]",1,True,False
823,280.2648648648649,0.00555828488941957,1.9203153029538605e-05,0.011406210917613345,-0.01608878648233489,0.31227217496962334,cur|C_cap3_k0|X2|eq1,"[0.0076453648958909725, -0.05046666666666667, 0.0028374809375162325]",2,True,True
1064,362.33513513513515,0.004063733820525454,-0.0024839789429770003,0.011739780278166214,-0.01993919953639198,0.2866541353383459,cur|C_cap3_k0|X3|all,"[0.008936263462076504, -0.015142640961234825, 0.001994527482809127]",2,True,True
976,332.3675675675676,0.003097739720628344,-0.004041678145112568,0.011019403844603448,-0.02047372713071569,0.2807377049180328,cur|C_cap3_k0|X3|ge075,"[0.007611651057715477, -0.014377248271319148, 0.0010891254436397812]",2,True,True
816,277.8810810810811,0.007749887409962266,-0.00021054743100073041,0.017301576603901265,-0.015291992643033634,0.29534313725490197,cur|C_cap3_k0|X3|eq1,"[0.007611651057715477, -0.05046666666666667, 0.008514279411824047]",2,True,True
722,245.87027027027028,0.0043472111001913415,-0.0010748012808054223,0.010143633707441112,-0.011987929061784893,0.3670360110803324,cur|C_cap3_k1.5|X0|all,"[0.008227030552157769, -0.014645507347092019, 0.0033587653790946082]",2,True,True
654,222.71351351351353,0.0029212882776414825,-0.0025108596564828436,0.008419745158648346,-0.01242854486285447,0.3654434250764526,cur|C_cap3_k1.5|X0|ge075,"[0.008414813255910744, -0.013860836521371378, -0.0002486442080373931]",1,True,False
546,185.93513513513514,0.00704445899032615,0.0007617967246384142,0.013296704114080264,-0.008109406149147598,0.38278388278388276,cur|C_cap3_k1.5|X0|eq1,"[0.008414813255910744, -0.03880000000000003, 0.005483047325429277]",2,True,True
716,243.82702702702704,0.004377347357543471,-0.0013163492719835586,0.010350845572709507,-0.021078664686398938,0.3407821229050279,cur|C_cap3_k1.5|X1|all,"[0.009241284378734975, -0.009372760374811655, 0.0014013461177172543]",2,True,True
649,221.01081081081082,0.002636127964446619,-0.002822204821586277,0.008763146432750193,-0.02479737532808399,0.337442218798151,cur|C_cap3_k1.5|X1|ge075,"[0.007678800230437173, -0.00792777973732337, -0.001166766634820265]",1,True,False
542,184.572972972973,0.00659705552680472,-0.0001789606807780296,0.01328834943086593,-0.013078204589221295,0.35424354243542433,cur|C_cap3_k1.5|X1|eq1,"[0.007678800230437173, -0.03880000000000003, 0.00545651181193305]",2,True,True
715,243.4864864864865,0.004165388840954037,-0.0017908906328511875,0.009779220815346037,-0.012541258741258639,0.3090909090909091,cur|C_cap3_k1.5|X2|all,"[0.009588323567321975, -0.012851377449433567, 0.0011527081418527467]",2,True,True
648,220.6702702702703,0.0024458993622469534,-0.0037923574783424643,0.008582401740566748,-0.013913659701925847,0.30246913580246915,cur|C_cap3_k1.5|X2|ge075,"[0.00876005041988242, -0.01148596585907103, -0.0021650319198359973]",1,True,False
541,184.23243243243243,0.006979238721115632,6.282193973697935e-05,0.014024026687181843,-0.0076709677419355155,0.31608133086876156,cur|C_cap3_k1.5|X2|eq1,"[0.00876005041988242, -0.03880000000000003, 0.004848793536129865]",2,True,True
710,241.7837837837838,0.0027624495225435836,-0.003800925962518356,0.009920776601244687,-0.012207538251828883,0.29014084507042254,cur|C_cap3_k1.5|X3|all,"[0.01108009237043292, -0.01164171941623864, -0.003772442821697757]",1,True,False
643,218.96756756756758,0.0011084833740905651,-0.00649333047712079,0.009095350170718386,-0.013405122732123772,0.2846034214618974,cur|C_cap3_k1.5|X3|ge075,"[0.010308774062424697, -0.010205151470982287, -0.007144905903149105]",1,True,False
536,182.52972972972975,0.005347376136462539,-0.00229945364225626,0.014662580391170318,-0.007544892797385102,0.2947761194029851,cur|C_cap3_k1.5|X3|eq1,"[0.010308774062424697, -0.03880000000000003, -0.0012798763456787782]",1,True,False
1325,451.21621621621625,0.0033398917593892743,-0.0010473190586189158,0.007663549897536703,-0.024769855832241203,0.3630188679245283,cur|N_k0|X0|all,"[0.010979835696252136, -0.0082823752364973, -0.0031160136069156106]",1,True,False
1213,413.0756756756757,0.0017583443021699113,-0.0027226495494339473,0.006261187591916872,-0.027904927330733773,0.35449299258037925,cur|N_k0|X0|ge075,"[0.008705238308771499, -0.006931768043262273, -0.004681012651875227]",1,True,False
1007,342.92432432432435,0.004490771526022663,-0.0004917766605787011,0.00974718857985253,-0.024769855832241203,0.3614697120158888,cur|N_k0|X0|eq1,"[0.008705238308771499, -0.04365457211698694, -0.0010370968099414869]",1,True,False
1311,446.44864864864866,0.0025877942679066895,-0.0018841672240527663,0.0071054685995433995,-0.03875762711864403,0.3302822273073989,cur|N_k0|X1|all,"[0.010542187517469239, -0.01122988497838141, -0.003853735780983427]",1,True,False
1202,409.32972972972976,0.0013205550941468491,-0.003192191079725787,0.005857148988617534,-0.039278512168361285,0.3261231281198003,cur|N_k0|X1|ge075,"[0.008260748826016236, -0.009979144393835312, -0.0046492396410199]",1,True,False
1000,340.5405405405406,0.004507124931186669,-0.0009029022955018439,0.00977801582914884,-0.03819928733258768,0.335,cur|N_k0|X1|eq1,"[0.008260748826016236, -0.04326318268450163, -0.00037272795326096794]",1,True,False
1308,445.42702702702707,0.003128405463561667,-0.0016134836528555589,0.007715891986701952,-0.03072441456063066,0.3012232415902141,cur|N_k0|X2|all,"[0.011046875891553025, -0.014214618619483841, -0.002566274080556501]",1,True,False
1199,408.3081081081081,0.001877725800569286,-0.0029900922932107415,0.006645399045595771,-0.034437254901960784,0.29774812343619683,cur|N_k0|X2|ge075,"[0.00904729866429133, -0.01307551045534259, -0.003587949383988388]",1,True,False
998,339.85945945945946,0.00541743061608507,-0.00021673487335728027,0.010994710761231333,-0.029012554212845685,0.30561122244488975,cur|N_k0|X2|eq1,"[0.00904729866429133, -0.05299767691979139, 0.0009138969218901393]",2,True,True
1293,440.31891891891894,0.0034999190194281186,-0.002136438924213715,0.009626876548599062,-0.03217684449489219,0.271461716937355,cur|N_k0|X3|all,"[0.010869840763174588, -0.010733014778049181, -0.0021279453319755456]",1,True,False
1186,403.8810810810811,0.0022073606669109234,-0.0036976710316210326,0.007976460860221336,-0.03447243252441165,0.26981450252951095,cur|N_k0|X3|ge075,"[0.00880717347083931, -0.00943121484561659, -0.003233544634894881]",1,True,False
986,335.772972972973,0.005930750948860967,-0.0007630479570925,0.012797993371863756,-0.029832833224614084,0.2768762677484787,cur|N_k0|X3|eq1,"[0.00880717347083931, -0.05299767691979139, 0.0026125377648180967]",2,True,True
983,334.7513513513514,0.002598592389858719,-0.0025451286732992213,0.007550004547042946,-0.026092993630573245,0.3611393692777213,cur|N_k1.5|X0|all,"[0.009035679821834976, -0.0063837041443950806, -0.002894311345224171]",1,True,False
883,300.6972972972973,0.0013898155949905865,-0.0038043665180648683,0.006648801891407869,-0.028919617224880432,0.3567383918459796,cur|N_k1.5|X0|ge075,"[0.007760612696867829, -0.004299313906320428, -0.004928339775844437]",1,True,False
735,250.29729729729732,0.004419800760509571,-0.0014178865838096403,0.010237679728726547,-0.024525388601036233,0.36054421768707484,cur|N_k1.5|X0|eq1,"[0.007760612696867829, -0.067606475617692, 0.0006903360586007429]",2,True,True
977,332.70810810810815,0.0014327074691471468,-0.0038094015362690934,0.006708769019541442,-0.03875762711864403,0.3295803480040942,cur|N_k1.5|X1|all,"[0.007961053672580366, -0.00659696731567416, -0.004340382992554099]",1,True,False
878,298.9945945945946,0.0010850792328198466,-0.004300222134084631,0.006834484507321612,-0.038642090747926766,0.32915717539863326,cur|N_k1.5|X1|ge075,"[0.006188618325965087, -0.004055691997044453, -0.003873572159754114]",1,True,False
731,248.93513513513514,0.004170916899824883,-0.0019283789436536278,0.010407565507419794,-0.03533368370759668,0.3337893296853625,cur|N_k1.5|X1|eq1,"[0.006188618325965087, -0.067606475617692, 0.0024010694465465806]",2,True,True
976,332.3675675675676,0.0019692568461604043,-0.003099263274208744,0.007347330019369438,-0.032737728937728944,0.30225409836065575,cur|N_k1.5|X2|all,"[0.008823933311749405, -0.010399591849602059, -0.003344315494528473]",1,True,False
877,298.6540540540541,0.0015306598089941178,-0.003984262211161193,0.007163507795406274,-0.034437254901960784,0.30216647662485746,cur|N_k1.5|X2|ge075,"[0.007374390670550175, -0.007600138211753825, -0.0034930253865292585]",1,True,False
730,248.5945945945946,0.004974631552803571,-0.0012607094013684195,0.011266439984525834,-0.02654717401687626,0.30547945205479454,cur|N_k1.5|X2|eq1,"[0.007374390670550175, -0.07459455590688599, 0.002778570728537021]",2,True,True
969,329.9837837837838,0.002735549134240736,-0.003450043723229099,0.00941254019174436,-0.03310402930402931,0.2755417956656347,cur|N_k1.5|X3|all,"[0.009607461266097525, -0.006454859013574055, -0.0031649547378720853]",1,True,False
870,296.2702702702703,0.0018872037232443605,-0.004537615204819456,0.008269724732430664,-0.03447243252441165,0.2770114942528736,cur|N_k1.5|X3|ge075,"[0.007367177851934447, -0.003331180759065989, -0.003465967021319206]",1,True,False
724,246.55135135135137,0.004987421495011626,-0.002511604915743866,0.012962372924027675,-0.02654717401687626,0.2803867403314917,cur|N_k1.5|X3|eq1,"[0.007367177851934447, -0.07459455590688599, 0.00283912635669989]",2,True,True
1293,440.31891891891894,-0.009581755722923814,-0.014266259721477131,-0.005173800431560775,-0.06352696245733788,0.2660479505027069,strict|I|X0|all,"[0.0010719173787456817, -0.023105286888024545, -0.01889590033712871]",1,True,False
1204,410.0108108108108,-0.009537257435430942,-0.01443003660327704,-0.004606772788969478,-0.06284604011136011,0.26744186046511625,strict|I|X0|ge075,"[0.0002666264621959205, -0.02166585769479679, -0.01868711420314538]",1,True,False
1014,345.3081081081081,-0.006642845506344653,-0.011965134901536731,-0.001343904409447893,-0.06262278626833986,0.27909270216962523,strict|I|X0|eq1,"[0.0002666264621959205, -0.03209892281153931, -0.016343862375980893]",1,True,False
1277,434.8702702702703,-0.00871950964959167,-0.013502776432057318,-0.003734649406610518,-0.06612320634361255,0.24823805794831635,strict|I|X1|all,"[0.002469086045327707, -0.02243517086248083, -0.018618167564538393]",1,True,False
1187,404.22162162162164,-0.008617611399312596,-0.01366878672241133,-0.0034201986144538105,-0.06557606177606176,0.2518955349620893,strict|I|X1|ge075,"[0.0013903755344422102, -0.021269840608017527, -0.017890609908984285]",1,True,False
1000,340.5405405405406,-0.005491205641557386,-0.011187071101857196,0.0005010770412102829,-0.06588758891448279,0.265,strict|I|X1|eq1,"[0.0013903755344422102, -0.031415862702249664, -0.015114162908229737]",1,True,False
1275,434.1891891891892,-0.01006243450181794,-0.01500849217788893,-0.005150018524590115,-0.07379999999999995,0.21098039215686273,strict|I|X2|all,"[0.002054347251929119, -0.025466864028970342, -0.020644301490131717]",1,True,False
1184,403.20000000000005,-0.010393151398442052,-0.015553272136824755,-0.005348279984830433,-0.07379999999999995,0.21114864864864866,strict|I|X2|ge075,"[0.0005851405409860758, -0.02446629970746842, -0.020548387430209758]",1,True,False
997,339.5189189189189,-0.006922233072534712,-0.012550948680990288,-0.0009167169795167743,-0.07379999999999995,0.2226680040120361,strict|I|X2|eq1,"[0.0005851405409860758, -0.03482532463717025, -0.01745714356704242]",1,True,False
1258,428.40000000000003,-0.011450996622917969,-0.017689610892530544,-0.005045670553283343,-0.07379999999999995,0.19554848966613672,strict|I|X3|all,"[5.507312036136743e-05, -0.028520077182820517, -0.02106919792230427]",1,True,False
1168,397.7513513513514,-0.011663964590722505,-0.01846467456727422,-0.0044703982529390365,-0.07379999999999995,0.19606164383561644,strict|I|X3|ge075,"[-0.002360056941830819, -0.027685448358810448, -0.019434113188917548]",0,True,False
982,334.41081081081086,-0.007551272816109793,-0.01543185048913099,0.0009384257881605442,-0.07379999999999995,0.20773930753564154,strict|I|X3|eq1,"[-0.002360056941830819, -0.03482532463717025, -0.014718049274568613]",0,True,False
556,189.34054054054056,0.004716096711495966,-0.0025601139634491973,0.011787505054802638,-0.03287861369399833,0.3435251798561151,strict|C_cap5_k0|X0|all,"[0.011097019862312945, -0.00996116857377377, -0.00040650051455552044]",1,True,False
510,173.67567567567568,0.0030790494804930372,-0.0038266774896192238,0.01060316255771921,-0.03467706952109337,0.3392156862745098,strict|C_cap5_k0|X0|ge075,"[0.010488772474147107, -0.010732408795407905, -0.003601595371933871]",1,True,False
443,150.85945945945946,0.005777696290390798,-0.0021360221451447773,0.014306421059697035,-0.039279632063074915,0.345372460496614,strict|C_cap5_k0|X0|eq1,"[0.010488772474147107, -0.07379999999999995, -0.0003955643569936401]",1,True,False
553,188.31891891891894,0.004987828336723764,-0.002945461448706881,0.012655600357788146,-0.04357081169948704,0.32368896925858953,strict|C_cap5_k0|X1|all,"[0.009829572977404435, -0.002205612549030055, 0.0005487679189003551]",2,True,True
507,172.65405405405406,0.004602707082051572,-0.0031441607582693063,0.012973009314153587,-0.044838961038960984,0.31952662721893493,strict|C_cap5_k0|X1|ge075,"[0.00976029661713578, -0.003548047681037794, -0.00029604685795240444]",1,True,False
442,150.51891891891893,0.007142330126917861,-0.0021763900995991907,0.016330821742062726,-0.04549595110771579,0.3212669683257919,strict|C_cap5_k0|X1|eq1,"[0.00976029661713578, -0.07379999999999995, 0.00392561785594456]",2,True,True
553,188.31891891891894,0.003931941971111254,-0.003972933223606986,0.011661934166378571,-0.051022222222222274,0.28390596745027125,strict|C_cap5_k0|X2|all,"[0.009137540268123044, 0.0003528477795334498, -0.0013790010218067248]",2,True,True
507,172.65405405405406,0.003481194143256902,-0.004431719520450743,0.01189059605212843,-0.052889469517022974,0.28205128205128205,strict|C_cap5_k0|X2|ge075,"[0.00909149806196902, -0.00090705637413353, -0.0024814192862860703]",1,True,False
442,150.51891891891893,0.005960404739367733,-0.0033415876497059076,0.015451422696940727,-0.05290891859369376,0.2828054298642534,strict|C_cap5_k0|X2|eq1,"[0.00909149806196902, -0.07379999999999995, 0.002020564635187501]",2,True,True
548,186.61621621621623,0.004486350227441477,-0.006532687832095937,0.017638200721380424,-0.05103315835520564,0.26824817518248173,strict|C_cap5_k0|X3|all,"[0.006349235569039011, 9.847631649009987e-05, 0.0029851500316870317]",3,True,True
502,170.95135135135138,0.004318390185496485,-0.007287624016952345,0.018078470364264014,-0.05196678200260599,0.26693227091633465,strict|C_cap5_k0|X3|ge075,"[0.006052035713576198, -0.0011696333682427952, 0.00305935833598533]",2,True,True
437,148.81621621621622,0.007063348478978937,-0.006094743694581398,0.022656303570677758,-0.052889469517022974,0.2654462242562929,strict|C_cap5_k0|X3|eq1,"[0.006052035713576198, -0.07379999999999995, 0.008934884963269968]",2,True,True
358,121.91351351351352,0.010449499921988105,0.0006672448036731466,0.01997754646079563,-0.024098557412287867,0.3659217877094972,strict|C_cap5_k1.5|X0|all,"[0.015733702761172707, -0.0031960382784789435, 0.0064987673567373574]",2,True,True
323,109.9945945945946,0.009921720324325917,0.0007781613785882456,0.019763744142580333,-0.02447183462532296,0.3684210526315789,strict|C_cap5_k1.5|X0|ge075,"[0.017089059988778743, -0.00431569807829129, 0.004111595629929124]",2,True,True
283,96.37297297297297,0.013189106604747255,0.0017844171069435664,0.024425337511884276,-0.022233179723502337,0.37809187279151946,strict|C_cap5_k1.5|X0|eq1,"[0.017089059988778743, nan, 0.008466506803771617]",2,True,True
358,121.91351351351352,0.009691613609001148,-0.0004625316301302559,0.0197186409082702,-0.04062642420506499,0.329608938547486,strict|C_cap5_k1.5|X1|all,"[0.012406565981035697, 0.0173615305530249, 0.006193699234493432]",3,True,True
323,109.9945945945946,0.010494661727286213,0.0005786067663976122,0.021225157251528744,-0.04083703703703709,0.33436532507739936,strict|C_cap5_k1.5|X1|ge075,"[0.013759390286730717, 0.015983508928638347, 0.006587724346131389]",3,True,True
283,96.37297297297297,0.012755741430494663,0.0010253115419671067,0.02424631122657049,-0.0395145379896413,0.33568904593639576,strict|C_cap5_k1.5|X1|eq1,"[0.013759390286730717, nan, 0.011540385393646308]",2,True,True
358,121.91351351351352,0.007904060750261207,-0.0021997801683684474,0.01820832157412622,-0.037407845817386515,0.2877094972067039,strict|C_cap5_k1.5|X2|all,"[0.012395039527175989, 0.01394146599864772, 0.0027829239262906324]",3,True,True
323,109.9945945945946,0.008502219456036918,-0.0015374159655092035,0.019497479220792126,-0.036058064516129,0.29102167182662536,strict|C_cap5_k1.5|X2|ge075,"[0.013787538786887309, 0.012349690339612591, 0.0027075876769644086]",3,True,True
283,96.37297297297297,0.010948905473170846,-0.0008796232409805485,0.022133058334243824,-0.022182352941176518,0.29328621908127206,strict|C_cap5_k1.5|X2|eq1,"[0.013787538786887309, nan, 0.007511497944842313]",2,True,True
355,120.8918918918919,0.004969342273677461,-0.007028186841471124,0.017502398665435143,-0.036058064516129,0.27605633802816903,strict|C_cap5_k1.5|X3|all,"[0.013561293162058133, 0.010461448646844623, -0.004175069019104643]",2,True,True
320,108.97297297297298,0.0053299864499424775,-0.006608194963283607,0.018840514282146604,-0.03402881533832483,0.278125,strict|C_cap5_k1.5|X3|ge075,"[0.015007463841036572, 0.0086521719033218, -0.004827689100332129]",2,True,True
280,95.35135135135135,0.007708062088491263,-0.005658464656391924,0.02200854868828009,-0.021371064738744703,0.2785714285714286,strict|C_cap5_k1.5|X3|eq1,"[0.015007463841036572, nan, -0.0010857053771735523]",1,True,False
445,151.54054054054055,0.0006875960817488515,-0.0065507415837195195,0.00783193372248364,-0.0338546448087432,0.33707865168539325,strict|C_cap3_k0|X0|all,"[0.003156860657361878, -0.009801260362503587, -0.00083220525693809]",1,True,False
408,138.94054054054055,-0.0011914538945444627,-0.008866768580154885,0.006728212981225802,-0.03923893107578527,0.3333333333333333,strict|C_cap3_k0|X0|ge075,"[0.0023422311123327748, -0.010782051517744473, -0.004366422002450243]",1,True,False
355,120.8918918918919,0.0004673983002338379,-0.007851226062166657,0.008928145627410886,-0.0412396135265701,0.3380281690140845,strict|C_cap3_k0|X0|eq1,"[0.0023422311123327748, -0.07379999999999995, -0.0019601295970306533]",1,True,False
442,150.51891891891893,0.0009668105669464801,-0.007428353397783588,0.009285583415691403,-0.04348738604776334,0.3212669683257919,strict|C_cap3_k0|X1|all,"[0.0016074306029097716, 0.000598290930832549, 0.00024992763399480543]",3,True,True
405,137.91891891891893,0.000439366288430874,-0.007863873034360808,0.009186225865386047,-0.048371506999642294,0.31851851851851853,strict|C_cap3_k0|X1|ge075,"[0.0015401018221541996, -0.0010188584696831742, -0.0007894911727176158]",1,True,False
354,120.55135135135136,0.001471923801260466,-0.0077296287727962815,0.010829095880666132,-0.05017727479637005,0.3163841807909605,strict|C_cap3_k0|X1|eq1,"[0.0015401018221541996, -0.07379999999999995, 0.0019138615478897648]",2,True,True
442,150.51891891891893,-0.00037717440999076706,-0.008676744539396897,0.008134395985756443,-0.050166338663386684,0.2737556561085973,strict|C_cap3_k0|X2|all,"[-0.0007999839371472768, 0.007946643520122748, -0.0009672674920344983]",1,True,False
405,137.91891891891893,-0.0009328597028681099,-0.009527495494077122,0.008002530667019636,-0.055270588235294155,0.2691358024691358,strict|C_cap3_k0|X2|ge075,"[-0.0009844874327389346, 0.006635675477494119, -0.0019661521554535343]",1,True,False
354,120.55135135135136,-0.00040514056211688474,-0.009477252396837527,0.009106299425376774,-0.057971722704558165,0.2655367231638418,strict|C_cap3_k0|X2|eq1,"[-0.0009844874327389346, -0.07379999999999995, 0.0010440111422060792]",1,True,False
438,149.15675675675678,0.0009306020879993857,-0.011581257236999246,0.015730044607315946,-0.050166338663386684,0.2671232876712329,strict|C_cap3_k0|X3|all,"[-0.002399358450080803, 0.00762104804742726, 0.0040606017276808015]",2,True,True
401,136.55675675675676,0.0011831668066626488,-0.0126060504551235,0.01670873319333547,-0.052928367670364546,0.26433915211970077,strict|C_cap3_k0|X3|ge075,"[-0.002356237012888299, 0.006296513526769652, 0.005122990880248364]",2,True,True
350,119.1891891891892,0.0021661607376262876,-0.01281062778434349,0.01956011013066751,-0.057421340020103545,0.26,strict|C_cap3_k0|X3|eq1,"[-0.002356237012888299, -0.07379999999999995, 0.009989158327911826]",1,True,False
252,85.81621621621622,0.007675436408620111,-0.0019215169698335063,0.017931833459100294,-0.024098557412287867,0.35714285714285715,strict|C_cap3_k1.5|X0|all,"[0.009064565819243461, 0.0005236392884004239, 0.00703890000080172]",3,True,True
227,77.3027027027027,0.007546112483557385,-0.0031096770546662636,0.018991312371132156,-0.028661878453038667,0.36123348017621143,strict|C_cap3_k1.5|X0|ge075,"[0.010887749089045485, -0.0006592673141094244, 0.004983108016588926]",2,True,True
198,67.42702702702704,0.009678536536087376,-0.002438869687912796,0.021994634609365495,-0.026566856539180814,0.3686868686868687,strict|C_cap3_k1.5|X0|eq1,"[0.010887749089045485, nan, 0.008167020844889746]",2,True,True
252,85.81621621621622,0.007261683954824067,-0.00274459247047124,0.018081298717458557,-0.03670994302966826,0.3333333333333333,strict|C_cap3_k1.5|X1|all,"[0.006069317132987154, 0.025638400473263483, 0.0064598116726423144]",3,True,True
227,77.3027027027027,0.008555826876509848,-0.002823452508830948,0.020700769969474803,-0.04083703703703709,0.3392070484581498,strict|C_cap3_k1.5|X1|ge075,"[0.008242489281544307, 0.02449077746743462, 0.0070629480989394915]",3,True,True
198,67.42702702702704,0.008734523885389929,-0.0034079860569735123,0.02114700092637388,-0.04040637381567616,0.3333333333333333,strict|C_cap3_k1.5|X1|eq1,"[0.008242489281544307, nan, 0.009349567140196958]",2,True,True
252,85.81621621621622,0.004360780145914093,-0.005675217621018275,0.015053674918185708,-0.020274533349102872,0.2857142857142857,strict|C_cap3_k1.5|X2|all,"[0.0032161184445290234, 0.021166008363693326, 0.0036831199682569975]",3,True,True
227,77.3027027027027,0.005329565357659453,-0.006224966942895408,0.017761223827284907,-0.039975710594315234,0.2907488986784141,strict|C_cap3_k1.5|X2|ge075,"[0.00511780055222948, 0.019645686015400284, 0.0039152861262728555]",3,True,True
198,67.42702702702704,0.005435411260636544,-0.006650506645315021,0.017881247429551366,-0.035987638377417946,0.2878787878787879,strict|C_cap3_k1.5|X2|eq1,"[0.00511780055222948, nan, 0.005832424646145379]",2,True,True
250,85.13513513513514,0.0012922575079487605,-0.01183454635999603,0.015690534567905198,-0.01980325668024344,0.284,strict|C_cap3_k1.5|X3|all,"[0.0071175262983563655, 0.01661521644210466, -0.0063849281415635445]",2,True,True
225,76.62162162162163,0.002184599439916855,-0.01205698762828262,0.017728564607931138,-0.03199956616052066,0.28888888888888886,strict|C_cap3_k1.5|X3|ge075,"[0.009958593048951858, 0.01471566143367923, -0.007409035630371259]",2,True,True
196,66.74594594594595,0.0023381292019753514,-0.012665757052609783,0.020533043629700105,-0.026279671348416772,0.2857142857142857,strict|C_cap3_k1.5|X3|eq1,"[0.009958593048951858, nan, -0.007209348491363031]",1,True,False
555,189.0,0.004716167545299396,-0.0029467769431365527,0.01228835698720807,-0.04357081169948704,0.34594594594594597,strict|N_k0|X0|all,"[0.01147975949203921, -0.003883373534925827, -0.0013962868034259346]",1,True,False
512,174.35675675675677,0.002139135456912502,-0.0051239500705725005,0.010070238379467519,-0.04470977323902017,0.337890625,strict|N_k0|X0|ge075,"[0.008255938670481551, -0.005022669589613608, -0.003740482021133685]",1,True,False
437,148.81621621621622,0.0054082008669580454,-0.00295201725545272,0.014105255246659646,-0.043080545792846786,0.34782608695652173,strict|N_k0|X0|eq1,"[0.008255938670481551, -0.004278976178655961, 0.0015137226057197646]",2,True,True
552,187.97837837837838,0.005389471747271329,-0.00265210438104695,0.013930821285949434,-0.04661381963256192,0.32065217391304346,strict|N_k0|X1|all,"[0.010725434947183745, -0.001015454107596758, 0.0004824107575526147]",2,True,True
509,173.33513513513515,0.003758258552570999,-0.004749633561338575,0.012610542396310298,-0.04805074843332954,0.31237721021611004,strict|N_k0|X1|ge075,"[0.007490495284645493, -0.0021080306116726113, 0.0004053437320668375]",2,True,True
436,148.4756756756757,0.0069824330061980765,-0.0018456383008496062,0.016604073428936213,-0.04608508014569698,0.3165137614678899,strict|N_k0|X1|eq1,"[0.007490495284645493, -0.003365734169523582, 0.006434928440843445]",2,True,True
550,187.29729729729732,0.0034692652423723457,-0.004634695846953672,0.01193286288530805,-0.05118095238095241,0.2690909090909091,strict|N_k0|X2|all,"[0.007382172903058594, -0.0028953671503996, 0.00010302955038906651]",2,True,True
507,172.65405405405406,0.0015029794884870939,-0.006571571266730564,0.010330975228670285,-0.055346391752577356,0.2603550295857988,strict|N_k0|X2|ge075,"[0.0036798853188403425, -0.0040387521150917465, -0.00010762241696340386]",1,True,False
434,147.7945945945946,0.004831842540003805,-0.004599734215199819,0.014367403543884954,-0.053094874933131336,0.26497695852534564,strict|N_k0|X2|eq1,"[0.0036798853188403425, -0.025261246146179795, 0.006994986044151093]",2,True,True
543,184.91351351351352,0.0006645460113414449,-0.00846840288919372,0.01031528700832807,-0.05141904761904767,0.24861878453038674,strict|N_k0|X3|all,"[0.0008791237929389145, -0.00905812109268924, 0.0019761808107811108]",2,True,True
500,170.2702702702703,-0.000717298762815958,-0.010173174494171135,0.009539029311792605,-0.05469882401699219,0.242,strict|N_k0|X3|ge075,"[-0.002804983392808304, -0.01036806697474057, 0.0034387732464731435]",1,True,False
428,145.75135135135136,0.002773079557357589,-0.0077884597931100665,0.014654073849003081,-0.053094874933131336,0.24299065420560748,strict|N_k0|X3|eq1,"[-0.002804983392808304, -0.025261246146179795, 0.011302946095301568]",1,True,False
360,122.59459459459461,0.007498351145158703,-0.0014489300018191698,0.01770368018841569,-0.04146641355652811,0.3527777777777778,strict|N_k1.5|X0|all,"[0.012319282341173956, 0.005922514079454107, 0.0030637731095590694]",3,True,True
325,110.67567567567568,0.005020140258074591,-0.004465548127812444,0.015493110514905916,-0.04283095558546432,0.3476923076923077,strict|N_k1.5|X0|ge075,"[0.009996733615859277, 0.00424814595626632, 0.00017698794208042737]",3,True,True
275,93.64864864864866,0.009073952783802141,-0.0018307022865728256,0.020747116628808578,-0.03522076502732238,0.3563636363636364,strict|N_k1.5|X0|eq1,"[0.009996733615859277, nan, 0.007933605739308765]",2,True,True
360,122.59459459459461,0.005670638774609275,-0.003583959963960959,0.01655313276857312,-0.04882649503231132,0.31666666666666665,strict|N_k1.5|X1|all,"[0.006828487644785238, 0.015657616473615257, 0.0033473471900524244]",3,True,True
325,110.67567567567568,0.004905954585839092,-0.0055304552583728805,0.015743999654301368,-0.04961673306772904,0.31384615384615383,strict|N_k1.5|X1|ge075,"[0.004082239591712216, 0.014470003470135532, 0.004474083353298937]",3,True,True
275,93.64864864864866,0.007836013869053044,-0.00368931123248527,0.0199537767353432,-0.044838961038960984,0.31636363636363635,strict|N_k1.5|X1|eq1,"[0.004082239591712216, nan, 0.012474824358124638]",2,True,True
360,122.59459459459461,0.0029084370657134163,-0.00655468299870124,0.013712937003625565,-0.053371382415729335,0.2638888888888889,strict|N_k1.5|X2|all,"[0.003179612601909561, 0.011098179198364307, 0.0016541034021629625]",3,True,True
325,110.67567567567568,0.0018252510310178848,-0.00838463284535029,0.012790266219187088,-0.05582045582215475,0.25846153846153846,strict|N_k1.5|X2|ge075,"[0.00010729238093222369, 0.009682594331122034, 0.0025048774938344724]",3,True,True
275,93.64864864864866,0.00485980913601114,-0.006832795604994361,0.016714073427427388,-0.0501157894736842,0.2581818181818182,strict|N_k1.5|X2|eq1,"[0.00010729238093222369, nan, 0.010732837971555817]",2,True,True
356,121.23243243243245,0.00016174404928733375,-0.010077749759782042,0.012185136737610696,-0.051992576808464835,0.25280898876404495,strict|N_k1.5|X3|all,"[-0.002674573408483709, -0.00199512411024562, 0.0031468334903671175]",1,True,False
321,109.31351351351353,-0.0006711446434603047,-0.012559617114195603,0.012023480457702943,-0.05542519634350204,0.24922118380062305,strict|N_k1.5|X3|ge075,"[-0.006618273976592155, -0.004065374142918393, 0.0056861665483207485]",1,True,False
272,92.62702702702704,0.002864325686410397,-0.010539616899661146,0.016712251240817214,-0.04952489050553041,0.24632352941176472,strict|N_k1.5|X3|eq1,"[-0.006618273976592155, nan, 0.014523259698298782]",1,True,False
